sample_id,confidence,verifier_support,reference_consistency,spectral_belief,representation_belief,decision_belief,verifier_disagreement,verifier_js,verifier_entropy,verifier_margin_risk,verifier_view_inconsistency,prediction,spectral_uncertainty,representation_uncertainty,decision_uncertainty,base_conflict,pixel_id,attack,epsilon,correct
paviau_112478_band_sparse_0.00500,0.9994255304336548,0.9999999403953552,1.0,0.975000023841858,0.9649999737739564,0.959999978542328,0.0,0.0001985601556953,1.1465231182228308e-06,1.4382591473349748e-07,0.0,3,0.025000000372529,0.0350000001490116,0.0399999991059303,0.0,112478,band_sparse,0.005,1
paviau_147347_band_sparse_0.00500,0.8660213947296143,0.5312530398368835,1.0,0.975000023841858,0.9649999737739564,0.959999978542328,0.4000000059604645,0.1049088984727859,0.6046515703201294,0.6302205920219421,0.4000000059604645,7,0.025000000372529,0.0350000001490116,0.0399999991059303,0.0,147347,band_sparse,0.005,1
paviau_195008_band_sparse_0.00500,0.9883872866630554,0.8158488869667053,0.5275075435638428,0.975000023841858,0.9649999737739564,0.6329282522201538,0.2000000029802322,0.0526225827634334,0.2173795402050018,0.3683022260665893,0.2000000029802322,1,0.025000000372529,0.0350000001490116,0.1535249650478363,0.0,195008,band_sparse,0.005,1
paviau_200096_band_sparse_0.00500,0.9990517497062684,0.852389395236969,0.813967764377594,0.8269878625869751,0.9649999737739564,0.959999978542328,0.0,0.0522609055042266,0.1925192177295684,0.2945173382759094,0.0,1,0.1730121225118637,0.0350000001490116,0.0399999991059303,0.0,200096,band_sparse,0.005,1
paviau_203494_band_sparse_0.00500,0.9995736479759216,0.974263072013855,0.8352484107017517,0.8447959423065186,0.9649999737739564,0.959999978542328,0.0,0.0086498223245143,0.0549176149070262,0.0512945428490638,0.0,1,0.1552040725946426,0.0350000001490116,0.0399999991059303,0.0,203494,band_sparse,0.005,1
paviau_107945_band_sparse_0.00500,0.9836928248405457,0.9615886807441713,0.6002965569496155,0.8011391162872314,0.9649999737739564,0.6873763799667358,0.0,0.0168688353151083,0.0743484869599342,0.0767553001642227,0.0,8,0.0614778138697147,0.0350000001490116,0.1331631243228912,5.747177783632651e-05,107945,band_sparse,0.005,1
paviau_74675_band_sparse_0.00500,0.9991015195846558,0.9877317547798156,1.0,0.975000023841858,0.9649999737739564,0.959999978542328,0.0,0.0040650940500199,0.0301569588482379,0.0245267935097217,0.0,3,0.025000000372529,0.0350000001490116,0.0399999991059303,0.0,74675,band_sparse,0.005,1
paviau_144136_band_sparse_0.00500,0.9615644812583924,0.8895213603973389,1.0,0.975000023841858,0.9649999737739564,0.959999978542328,0.0,0.0258393622934818,0.1746679246425628,0.212307721376419,0.0,0,0.025000000372529,0.0350000001490116,0.0399999991059303,0.0,144136,band_sparse,0.005,1
paviau_61385_band_sparse_0.00500,0.982372224330902,0.9386401772499084,1.0,0.975000023841858,0.9649999737739564,0.959999978542328,0.0,0.0087147019803524,0.11614890396595,0.1170212775468826,0.0,0,0.025000000372529,0.0350000001490116,0.0399999991059303,0.0016580286901444,61385,band_sparse,0.005,1
paviau_62409_band_sparse_0.00500,0.9953291416168212,0.971909999847412,1.0,0.975000023841858,0.9649999737739564,0.959999978542328,0.0,0.0054304976947605,0.0743139907717704,0.0427935607731342,0.0,0,0.025000000372529,0.0350000001490116,0.0399999991059303,0.0,62409,band_sparse,0.005,1
paviau_68772_band_sparse_0.00500,0.981988489627838,0.5771982669830322,0.885852575302124,0.9359099864959716,0.8889229893684387,0.959999978542328,0.6000000238418579,0.1447282433509826,0.3214992582798004,0.8413979411125183,0.4000000059604645,1,0.025000000372529,0.0607293955981731,0.0399999991059303,0.0434733740985393,68772,band_sparse,0.005,1
paviau_188705_band_sparse_0.00500,0.9958600401878356,0.9166536927223206,0.9164456725120544,0.910563588142395,0.9649999737739564,0.959999978542328,0.0,0.0261078998446464,0.130559429526329,0.1666926145553589,0.0,3,0.0894363969564437,0.0350000001490116,0.0399999991059303,0.0,188705,band_sparse,0.005,1
paviau_167490_band_sparse_0.00500,0.7426042556762695,0.6828761696815491,0.1844945400953292,0.975000023841858,0.6641812324523926,0.3333628475666046,0.2000000029802322,0.018823442980647,0.2843140661716461,0.6342463493347168,0.2000000029802322,1,0.025000000372529,0.1429975628852844,0.2812777757644653,0.3461704850196838,167490,band_sparse,0.005,1
paviau_185526_band_sparse_0.00500,0.9963665008544922,0.686210036277771,1.0,0.975000023841858,0.9649999737739564,0.959999978542328,0.2000000029802322,0.1167614236474037,0.2860521376132965,0.6266377568244934,0.2000000029802322,1,0.025000000372529,0.0350000001490116,0.0399999991059303,0.0,185526,band_sparse,0.005,1
paviau_144077_band_sparse_0.00500,0.8828935027122498,0.8944423794746399,0.6180621385574341,0.975000023841858,0.9649999737739564,0.700376033782959,0.0,0.0065338085405528,0.1568825989961624,0.2096832692623138,0.0,3,0.025000000372529,0.0350000001490116,0.1284010857343673,0.003508732188493,144077,band_sparse,0.005,1
paviau_66708_band_sparse_0.00500,0.6543771028518677,0.8918533325195312,0.7178951501846313,0.975000023841858,0.9649999737739564,0.7716100811958313,0.0,0.0421756505966186,0.1758399158716201,0.2044140845537185,0.0,7,0.025000000372529,0.0350000001490116,0.1029333919286727,0.0006840476416982,66708,band_sparse,0.005,1
paviau_179389_band_sparse_0.00500,0.9950904846191406,0.9027544856071472,1.0,0.975000023841858,0.9649999737739564,0.959999978542328,0.0,0.0276669431477785,0.1451785713434219,0.1944909691810608,0.0,1,0.025000000372529,0.0350000001490116,0.0399999991059303,0.0007924202946014,179389,band_sparse,0.005,1
paviau_116369_band_sparse_0.00500,0.3996079564094543,0.2420910149812698,0.0902045667171478,0.6987494230270386,0.247659146785736,0.2213882356882095,0.800000011920929,0.0737644955515861,0.5943223834037781,0.8205796480178833,0.4000000059604645,0,0.025000000372529,0.3359757959842682,0.3392294943332672,0.122240737080574,116369,band_sparse,0.005,1
paviau_184497_band_sparse_0.00500,0.9996771812438964,0.977381706237793,1.0,0.975000023841858,0.9649999737739564,0.959999978542328,0.0,0.0075363861396908,0.0511475093662738,0.0441627018153667,0.0,1,0.025000000372529,0.0350000001490116,0.0399999991059303,0.0,184497,band_sparse,0.005,1
paviau_167828_band_sparse_0.00500,0.6756882667541504,0.6383736729621887,0.1204928010702133,0.975000023841858,0.4584449529647827,0.260629802942276,0.4000000059604645,0.0416480004787445,0.2978171110153198,0.7232509851455688,0.4000000059604645,1,0.025000000372529,0.2294282019138336,0.3180240988731384,0.5273918509483337,167828,band_sparse,0.005,1
paviau_124285_band_sparse_0.00500,0.6914819478988647,0.2209533601999282,0.5496426224708557,0.897442638874054,0.9649999737739564,0.6496995091438293,0.800000011920929,0.1214757785201072,0.2678406238555908,0.4516235888004303,0.2000000029802322,5,0.1025573909282684,0.0350000001490116,0.1471791416406631,0.002906319219619,124285,band_sparse,0.005,1
paviau_57876_band_sparse_0.00500,0.9990047812461852,0.6886118650436401,1.0,0.975000023841858,0.9649999737739564,0.959999978542328,0.2000000029802322,0.1201904565095901,0.2848661243915558,0.622063159942627,0.2000000029802322,1,0.025000000372529,0.0350000001490116,0.0399999991059303,0.0,57876,band_sparse,0.005,1
paviau_205144_band_sparse_0.00500,0.8586820960044861,0.9320337176322936,0.2109377086162567,0.975000023841858,0.7711297273635864,0.3607483506202698,0.0,0.0105322524905204,0.1152497455477714,0.1350102722644806,0.0,1,0.025000000372529,0.1025583893060684,0.268175333738327,0.2215829342603683,205144,band_sparse,0.005,1
paviau_196423_band_sparse_0.00500,0.9943785071372986,0.8307275772094727,1.0,0.975000023841858,0.9649999737739564,0.959999978542328,0.2000000029802322,0.0522255264222621,0.2092149406671524,0.3377675116062164,0.2000000029802322,1,0.025000000372529,0.0350000001490116,0.0399999991059303,0.0,196423,band_sparse,0.005,1
paviau_122581_band_sparse_0.00500,0.9824587106704712,0.3277778029441833,1.0,0.975000023841858,0.9649999737739564,0.959999978542328,0.800000011920929,0.2906220853328705,0.3041732311248779,0.6611661314964294,0.2000000029802322,5,0.025000000372529,0.0350000001490116,0.0399999991059303,0.0,122581,band_sparse,0.005,1
paviau_206618_band_sparse_0.00500,0.9986317753791808,0.9334251284599304,1.0,0.975000023841858,0.9649999737739564,0.959999978542328,0.0,0.0215025693178176,0.1186006069183349,0.128863051533699,0.0,1,0.025000000372529,0.0350000001490116,0.0399999991059303,0.0,206618,band_sparse,0.005,1
paviau_199722_band_sparse_0.00500,0.995261251926422,0.9715871214866638,0.7282981872558594,0.7767526507377625,0.9649999737739564,0.959999978542328,0.0,0.0073862741701304,0.06622876226902,0.0493858195841312,0.0,1,0.1028409451246261,0.0350000001490116,0.0399999991059303,0.0,199722,band_sparse,0.005,1
paviau_186859_band_sparse_0.00500,0.9989207983016968,0.8503127694129944,1.0,0.975000023841858,0.9649999737739564,0.959999978542328,0.0,0.0531506240367889,0.192138135433197,0.2993741631507873,0.0,1,0.025000000372529,0.0350000001490116,0.0399999991059303,0.0003502880863379,186859,band_sparse,0.005,1
paviau_148795_band_sparse_0.00500,0.9946030974388124,0.9998171329498292,0.6820828914642334,0.741610586643219,0.9649999737739564,0.7711639404296875,0.0,0.0018258688505738,0.0008026206633076,0.0003648194833658,0.0,8,0.1146884337067604,0.0350000001490116,0.1030897572636604,0.0,148795,band_sparse,0.005,1
paviau_18390_band_sparse_0.00500,0.9326708912849426,0.9581775069236756,1.0,0.975000023841858,0.9649999737739564,0.959999978542328,0.0,0.0125953694805502,0.0991608574986457,0.0627172291278839,0.0,0,0.025000000372529,0.0350000001490116,0.0399999991059303,0.0,18390,band_sparse,0.005,1
paviau_192005_band_sparse_0.00500,0.9052429795265198,0.9090584516525269,0.6631408929824829,0.975000023841858,0.9649999737739564,0.7329054474830627,0.0,0.0006185580859892,0.1386814415454864,0.1818828582763672,0.0,1,0.025000000372529,0.0350000001490116,0.1166430562734603,0.0041345688514411,192005,band_sparse,0.005,1
paviau_49134_band_sparse_0.00500,0.9985938668251038,0.762128472328186,1.0,0.975000023841858,0.9649999737739564,0.959999978542328,0.2000000029802322,0.087763488292694,0.2608302235603332,0.4716975092887878,0.2000000029802322,0,0.025000000372529,0.0350000001490116,0.0399999991059303,0.0,49134,band_sparse,0.005,1
paviau_105088_band_sparse_0.00500,0.9300124645233154,0.3664522469043731,0.5631886124610901,0.881746232509613,0.8118545413017273,0.6598679423332214,0.6000000238418579,0.2707720696926117,0.6074422001838684,0.9851138591766356,0.800000011920929,3,0.0605976656079292,0.0878012478351593,0.1433642506599426,0.0020754949655383,105088,band_sparse,0.005,1
paviau_203695_band_sparse_0.00500,0.9823535680770874,0.8404629826545715,0.6998981237411499,0.975000023841858,0.9649999737739564,0.7589803338050842,0.2000000029802322,0.0369458198547363,0.200991690158844,0.3187270164489746,0.2000000029802322,1,0.025000000372529,0.0350000001490116,0.1073745936155319,0.0,203695,band_sparse,0.005,1
paviau_199354_band_sparse_0.00500,0.993297517299652,0.7227776646614075,0.2765206694602966,0.3454048633575439,0.9649999737739564,0.959999978542328,0.2000000029802322,0.1014472544193267,0.2788424491882324,0.5509181618690491,0.2000000029802322,3,0.0900003910064697,0.0350000001490116,0.0399999991059303,0.8445723056793213,199354,band_sparse,0.005,1
paviau_185682_band_sparse_0.00500,0.5219892859458923,0.2105253189802169,0.3990333378314972,0.975000023841858,0.9649999737739564,0.53110671043396,0.800000011920929,0.0911282151937484,0.4036668241024017,0.5140389800071716,0.2000000029802322,2,0.025000000372529,0.0350000001490116,0.1936171650886535,0.0019150215666741,185682,band_sparse,0.005,0
paviau_185844_band_sparse_0.00500,0.9997581839561462,0.8196235299110413,1.0,0.975000023841858,0.9649999737739564,0.959999978542328,0.0,0.0668456181883812,0.2148006558418274,0.3607528507709503,0.0,1,0.025000000372529,0.0350000001490116,0.0399999991059303,0.0,185844,band_sparse,0.005,1
paviau_205918_band_sparse_0.00500,0.999257743358612,0.9886988401412964,1.0,0.975000023841858,0.9649999737739564,0.959999978542328,0.0,0.0032775604631751,0.0303463451564311,0.0209066439419984,0.0,1,0.025000000372529,0.0350000001490116,0.0399999991059303,0.0,205918,band_sparse,0.005,1
paviau_197044_band_sparse_0.00500,0.9997710585594176,0.9706565737724304,1.0,0.975000023841858,0.9649999737739564,0.959999978542328,0.0,0.0102876517921686,0.0602829381823539,0.0586867183446884,0.0,1,0.025000000372529,0.0350000001490116,0.0399999991059303,0.0,197044,band_sparse,0.005,1
paviau_7568_band_sparse_0.00500,0.4529295563697815,0.4296608865261078,0.1410398334264755,0.7958313822746277,0.8436757922172546,0.285204529762268,0.6000000238418579,0.0127137973904609,0.546916663646698,0.9264587163925172,0.4000000059604645,0,0.1940850168466568,0.0764929354190826,0.305264800786972,0.0082350652664899,7568,band_sparse,0.005,1
paviau_197713_band_sparse_0.00500,0.9993863105773926,0.9489566683769226,1.0,0.975000023841858,0.9649999737739564,0.959999978542328,0.0,0.0171516425907611,0.0999324470758438,0.0963226929306984,0.0,1,0.025000000372529,0.0350000001490116,0.0399999991059303,0.0,197713,band_sparse,0.005,1
paviau_203182_band_sparse_0.00500,0.9986990690231324,0.9833197593688964,1.0,0.975000023841858,0.9649999737739564,0.959999978542328,0.0,0.0047170827165246,0.0421483889222145,0.0304078944027423,0.0,1,0.025000000372529,0.0350000001490116,0.0399999991059303,0.0,203182,band_sparse,0.005,1
paviau_62706_band_sparse_0.00500,0.9959180951118468,1.0,0.7935874462127686,0.8096936345100403,0.9649999737739564,0.959999978542328,0.0,0.0014164004242047,6.706890758323425e-07,9.99999993922529e-09,0.0,4,0.1903063803911209,0.0350000001490116,0.0399999991059303,0.0,62706,band_sparse,0.005,1
paviau_61725_band_sparse_0.00500,0.986705482006073,0.7856007218360901,0.7397849559783936,0.7628391981124878,0.9649999737739564,0.959999978542328,0.0,0.0646697208285331,0.3087376356124878,0.376750499010086,0.0,0,0.2371608167886734,0.0350000001490116,0.0399999991059303,0.0,61725,band_sparse,0.005,1
paviau_22909_band_sparse_0.00500,0.9694180488586426,0.1589235812425613,0.2329871356487274,0.2485971599817276,0.9649999737739564,0.959999978542328,0.800000011920929,0.4318331778049469,0.5174103379249573,0.557464599609375,0.2000000029802322,0,0.025000000372529,0.0350000001490116,0.0399999991059303,0.8059577345848083,22909,band_sparse,0.005,1
paviau_78605_band_sparse_0.00500,0.7055132389068604,0.8970113396644592,0.9319697022438048,0.975000023841858,0.9649999737739564,0.916007161140442,0.0,0.0359758287668228,0.173146054148674,0.1902408301830291,0.0,7,0.025000000372529,0.0350000001490116,0.0541829392313957,3.3781023375922814e-05,78605,band_sparse,0.005,1
paviau_200480_band_sparse_0.00500,0.9900407195091248,0.7329961061477661,0.9836329817771912,0.9637904167175292,0.9649999737739564,0.959999978542328,0.2000000029802322,0.0853957384824752,0.2640916407108307,0.5340069532394409,0.2000000029802322,1,0.025000000372529,0.0350000001490116,0.0399999991059303,0.0041223028674721,200480,band_sparse,0.005,1
paviau_195417_band_sparse_0.00500,0.9523264169692992,0.8717701435089111,0.9694399237632751,0.975000023841858,0.9649999737739564,0.9403362274169922,0.0,0.011303324252367,0.1831441670656204,0.2519881427288055,0.0,1,0.025000000372529,0.0350000001490116,0.046303853392601,2.0814917661482468e-05,195417,band_sparse,0.005,1
paviau_62707_band_sparse_0.00500,0.9963332414627076,0.9996916651725768,0.7996059060096741,0.814825713634491,0.9649999737739564,0.959999978542328,0.0,0.0013398701557889,0.0012754166964441,0.0006166996899992,0.0,4,0.1851743012666702,0.0350000001490116,0.0399999991059303,0.0,62707,band_sparse,0.005,1
paviau_193137_band_sparse_0.00500,0.9978240728378296,0.9981701970100404,0.6871781945228577,0.7151922583580017,0.9649999737739564,0.959999978542328,0.0,0.0003897612041328,0.0060820612125098,0.0036596020217984,0.0,3,0.2848077416419983,0.0350000001490116,0.0399999991059303,0.0,193137,band_sparse,0.005,1
paviau_140145_band_sparse_0.00500,0.7257943153381348,0.5220897793769836,0.3855679929256439,0.975000023841858,0.9649999737739564,0.519908607006073,0.4000000059604645,0.0492511279881,0.4964636266231537,0.7713159918785095,0.6000000238418579,2,0.025000000372529,0.0350000001490116,0.198205828666687,0.0,140145,band_sparse,0.005,1
paviau_193986_band_sparse_0.00500,0.9986612796783448,0.957693338394165,1.0,0.975000023841858,0.9649999737739564,0.959999978542328,0.0,0.0133744273334741,0.0797407180070877,0.0846132114529609,0.0,1,0.025000000372529,0.0350000001490116,0.0399999991059303,0.0,193986,band_sparse,0.005,1
paviau_1532_band_sparse_0.00500,0.9995495676994324,0.998951256275177,1.0,0.975000023841858,0.9649999737739564,0.959999978542328,0.0,0.0002138039271812,0.0038967684376984,0.0020025996491312,0.0,3,0.025000000372529,0.0350000001490116,0.0399999991059303,0.0,1532,band_sparse,0.005,1
paviau_99153_band_sparse_0.00500,0.8142616152763367,0.2665956616401672,0.1666746437549591,0.975000023841858,0.3237724304199219,0.31414994597435,1.0,0.2045756876468658,0.2676743566989898,0.5341681838035583,0.0,1,0.025000000372529,0.2946641445159912,0.2906956076622009,0.5639767646789551,99153,band_sparse,0.005,0
paviau_122094_band_sparse_0.00500,0.985627293586731,0.8707802295684814,0.3037171065807342,0.9266238808631896,0.9649999737739564,0.4490183293819427,0.0,0.0463896617293357,0.1830760836601257,0.2552875578403473,0.0,2,0.0733761340379715,0.0350000001490116,0.2281990200281143,1.4258681403589437e-05,122094,band_sparse,0.005,1
paviau_126615_band_sparse_0.00500,0.7183958888053894,0.4784325957298279,0.7598740458488464,0.7988945841789246,0.9649999737739564,0.8007417321205139,0.4000000059604645,0.0321533940732479,0.3342483341693878,0.963697075843811,0.4000000059604645,0,0.2011054307222366,0.0350000001490116,0.0928046405315399,0.0046955267898738,126615,band_sparse,0.005,0
paviau_47271_band_sparse_0.00500,0.9915669560432434,0.8100966811180115,0.342982143163681,0.975000023841858,0.9649999737739564,0.4836775958538055,0.0,0.0584119483828544,0.2258083373308181,0.3783444166183471,0.0,1,0.025000000372529,0.0350000001490116,0.21332348883152,0.0030441870912909,47271,band_sparse,0.005,1
paviau_206125_band_sparse_0.00500,0.6743475794792175,0.8494215607643127,0.1354126334190368,0.975000023841858,0.5781281590461731,0.2786096334457397,0.0,0.0219922307878732,0.1928423792123794,0.3011564910411834,0.0,1,0.025000000372529,0.1775795072317123,0.3086522817611694,0.4508264064788818,206125,band_sparse,0.005,1
paviau_60266_band_sparse_0.00500,0.9989450573921204,0.6579813957214355,1.0,0.975000023841858,0.9649999737739564,0.959999978542328,0.4000000059604645,0.1343873441219329,0.2961879670619964,0.6828401684761047,0.4000000059604645,1,0.025000000372529,0.0350000001490116,0.0399999991059303,0.0,60266,band_sparse,0.005,1
paviau_99518_band_sparse_0.00500,0.9813342690467834,0.986649453639984,1.0,0.975000023841858,0.9649999737739564,0.959999978542328,0.0,0.0040751569904387,0.0376035310328006,0.0222356729209423,0.0,0,0.025000000372529,0.0350000001490116,0.0399999991059303,0.0,99518,band_sparse,0.005,1
paviau_141582_band_sparse_0.00500,0.8828876614570618,0.6497568488121033,0.9988913536071776,0.975000023841858,0.9649999737739564,0.9592893719673156,0.4000000059604645,0.0471022799611091,0.4189639091491699,0.6101948022842407,0.4000000059604645,0,0.025000000372529,0.0350000001490116,0.0402268283069133,0.0,141582,band_sparse,0.005,1
paviau_37896_band_sparse_0.00500,0.99580717086792,0.8001226186752319,0.6219080090522766,0.6837331056594849,0.9649999737739564,0.959999978542328,0.0,0.0681189075112342,0.3203014731407165,0.3119244575500488,0.0,0,0.025000000372529,0.0350000001490116,0.0399999991059303,0.0233765225857496,37896,band_sparse,0.005,1
paviau_176694_band_sparse_0.00500,0.5482962727546692,0.5403764247894287,0.202019989490509,0.6987500190734863,0.9649999737739564,0.3516496419906616,0.2000000029802322,0.0008884294657036,0.3170235753059387,0.9183208346366882,0.2000000029802322,5,0.025000000372529,0.0350000001490116,0.2724882662296295,0.0105500146746635,176694,band_sparse,0.005,0
paviau_154923_band_sparse_0.00500,0.9035316109657288,0.039259985089302,0.912537395954132,0.9138759970664978,0.9649999737739564,0.959999978542328,1.0,0.4796140193939209,0.397651344537735,0.5257912874221802,0.4000000059604645,2,0.025000000372529,0.0350000001490116,0.0399999991059303,0.0293260365724563,154923,band_sparse,0.005,0
paviau_119851_band_sparse_0.00500,0.8624832034111023,0.7024423480033875,0.7278979420661926,0.7522387504577637,0.9649999737739564,0.959999978542328,0.0,0.0203461628407239,0.2770725190639496,0.5951146483421326,0.0,5,0.2477612346410751,0.0350000001490116,0.0399999991059303,2.7621859771898016e-05,119851,band_sparse,0.005,1
paviau_2884_band_sparse_0.00500,0.9996287822723388,0.979758083820343,0.9602749943733216,0.9447463154792786,0.9649999737739564,0.959999978542328,0.0,0.0068423897027969,0.0450479574501514,0.0404838696122169,0.0,3,0.0552536994218826,0.0350000001490116,0.0399999991059303,0.0,2884,band_sparse,0.005,1
paviau_150269_band_sparse_0.00500,0.9871826171875,0.8727602362632751,0.7809028625488281,0.7988072633743286,0.9649999737739564,0.959999978542328,0.0,0.0305767990648746,0.1936727464199066,0.2442278265953064,0.0,0,0.2011927515268325,0.0350000001490116,0.0399999991059303,0.0,150269,band_sparse,0.005,1
paviau_198030_band_sparse_0.00500,0.989306390285492,0.8364717364311218,0.9683037400245668,0.9525222182273864,0.9649999737739564,0.959999978542328,0.0,0.0500484891235828,0.2027693092823028,0.3270521163940429,0.0,1,0.033429704606533,0.0350000001490116,0.0399999991059303,0.0,198030,band_sparse,0.005,1
paviau_76264_band_sparse_0.00500,0.8780968189239502,0.3785533607006073,0.2885558903217315,0.4769757986068725,0.4307462275028229,0.6179834008216858,0.6000000238418579,0.1499880403280258,0.3275754153728485,0.7670283317565918,0.4000000059604645,1,0.025000000372529,0.2421705424785614,0.1592376381158828,0.0662187561392784,76264,band_sparse,0.005,1
paviau_178633_band_sparse_0.00500,0.9994581341743468,0.9853871464729308,1.0,0.975000023841858,0.9649999737739564,0.959999978542328,0.0,0.0049286438152194,0.0392955839633941,0.0224991384893655,0.0,1,0.025000000372529,0.0350000001490116,0.0399999991059303,0.0,178633,band_sparse,0.005,1
paviau_112212_band_sparse_0.00500,0.913768708705902,0.8123142123222351,1.0,0.975000023841858,0.9649999737739564,0.959999978542328,0.0,0.0573114305734634,0.2454287260770797,0.3618005514144897,0.0,2,0.025000000372529,0.0350000001490116,0.0399999991059303,0.0,112212,band_sparse,0.005,1
paviau_150363_band_sparse_0.00500,0.8230471014976501,0.4354296028614044,0.7257006168365479,0.975000023841858,0.9649999737739564,0.777060866355896,0.6000000238418579,0.1048649325966835,0.45443195104599,0.9668200016021729,0.4000000059604645,2,0.025000000372529,0.0350000001490116,0.1010260879993438,0.0,150363,band_sparse,0.005,1
paviau_29608_band_sparse_0.00500,0.96629536151886,0.9277307391166688,0.3963343799114227,0.975000023841858,0.9649999737739564,0.528871476650238,0.0,0.0078629394993186,0.1182315722107887,0.1445076614618301,0.0,1,0.025000000372529,0.0350000001490116,0.1945300549268722,0.000733406166546,29608,band_sparse,0.005,1
paviau_112711_band_sparse_0.00500,0.9966386556625366,0.7762175798416138,0.9402729272842408,0.9292544722557068,0.9649999737739564,0.959999978542328,0.0,0.0785678103566169,0.3440824151039123,0.3431770801544189,0.0,5,0.0707455202937126,0.0350000001490116,0.0399999991059303,0.0,112711,band_sparse,0.005,1
paviau_65413_band_sparse_0.00500,0.9972339272499084,1.0,0.8525402545928955,0.8590846061706543,0.9649999737739564,0.959999978542328,0.0,0.0009592191199772,6.706890758323425e-07,9.99999993922529e-09,0.0,4,0.1409154087305069,0.0350000001490116,0.0399999991059303,0.0,65413,band_sparse,0.005,1
paviau_107268_band_sparse_0.00500,0.9781307578086852,0.9968495965003968,0.6906242370605469,0.799098789691925,0.9649999737739564,0.7524377107620239,0.0,0.006497592665255,0.0101418253034353,0.0060037672519683,0.0,8,0.0936392545700073,0.0350000001490116,0.1096874997019767,0.0,107268,band_sparse,0.005,1
paviau_153163_band_sparse_0.00500,0.8132638335227966,0.1261426955461502,0.8453790545463562,0.975000023841858,0.9649999737739564,0.8587849736213684,1.0,0.2754038274288177,0.5767769813537598,0.8997390866279602,0.6000000238418579,2,0.025000000372529,0.0350000001490116,0.0730786919593811,0.0091526303440332,153163,band_sparse,0.005,0
paviau_38451_band_sparse_0.00500,0.9929327964782716,0.8891290426254272,1.0,0.975000023841858,0.9649999737739564,0.959999978542328,0.0,0.0305554270744323,0.1633647978305816,0.2195928394794464,0.0,1,0.025000000372529,0.0350000001490116,0.0399999991059303,0.0,38451,band_sparse,0.005,1
paviau_116846_band_sparse_0.00500,0.781843900680542,0.5372399091720581,0.231358915567398,0.975000023841858,0.9461564421653748,0.3811158239841461,0.4000000059604645,0.0345403216779232,0.3176318407058716,0.9244626760482788,0.4000000059604645,1,0.025000000372529,0.0412867963314056,0.2586594521999359,0.0351630896329879,116846,band_sparse,0.005,0
paviau_173254_band_sparse_0.00500,0.9996482133865356,0.8904196619987488,0.9197968244552612,0.913208305835724,0.9649999737739564,0.959999978542328,0.0,0.039357803761959,0.1667013615369796,0.21405591070652,0.0,1,0.0867917165160179,0.0350000001490116,0.0399999991059303,0.001439347397536,173254,band_sparse,0.005,1
paviau_199598_band_sparse_0.01000,0.8462363481521606,0.9133293628692628,0.41097292304039,0.7057222127914429,0.9649999737739564,0.5409411787986755,0.0,0.0060504148714244,0.1359657943248748,0.1726600676774978,0.0,1,0.2942778170108795,0.0350000001490116,0.1896185874938964,0.0182228926569223,199598,band_sparse,0.01,1
paviau_102194_band_sparse_0.01000,0.8901330828666687,0.3380259871482849,0.805063009262085,0.819460928440094,0.9649999737739564,0.959999978542328,0.800000011920929,0.1871975511312484,0.2912432849407196,0.6760692000389099,0.2000000029802322,5,0.1805390417575836,0.0350000001490116,0.0399999991059303,0.0,102194,band_sparse,0.01,1
paviau_148795_band_sparse_0.01000,0.9930602312088012,0.9996201395988464,0.6386274695396423,0.7077000737190247,0.9649999737739564,0.7417269349098206,0.0,0.0023680648300796,0.0015421396819874,0.0007570796879008,0.0,8,0.1447757184505462,0.0350000001490116,0.1134921759366989,0.0,148795,band_sparse,0.01,1
paviau_175641_band_sparse_0.01000,0.998601496219635,0.9491016864776612,0.7135332822799683,0.7393022179603577,0.9649999737739564,0.959999978542328,0.0,0.0168140269815921,0.09794931858778,0.0977759137749672,0.0,1,0.2606978118419647,0.0350000001490116,0.0399999991059303,0.0,175641,band_sparse,0.01,1
paviau_95393_band_sparse_0.01000,0.6316679120063782,0.4472339451313019,0.171125516295433,0.3342224955558777,0.3138338923454284,0.6066073179244995,0.6000000238418579,0.0651002749800682,0.6269882917404175,0.8283116221427917,0.6000000238418579,7,0.3713082671165466,0.299846738576889,0.1636237949132919,0.4228421151638031,95393,band_sparse,0.01,0
paviau_206745_band_sparse_0.01000,0.9225342869758606,0.6305769681930542,0.6790192723274231,0.7420579791069031,0.8386037945747375,0.7442167401313782,0.2000000029802322,0.1053811311721801,0.3007358014583587,0.7386126518249512,0.2000000029802322,1,0.2579419910907745,0.0782827511429786,0.1126057207584381,0.005630933213979,206745,band_sparse,0.01,1
paviau_189574_band_sparse_0.01000,0.9067959785461426,0.029926499351859,0.510210394859314,0.7053403258323669,0.9649999737739564,0.6196817755699158,1.0,0.4717642068862915,0.0681593567132949,0.0620006322860717,0.0,5,0.2946596443653106,0.0350000001490116,0.1585856527090072,0.0653371661901474,189574,band_sparse,0.01,0
paviau_35389_band_sparse_0.01000,0.8783573508262634,0.9294090867042542,0.1158321946859359,0.9472454190254213,0.9272723197937012,0.2548509836196899,0.0,0.0043044434860348,0.1183767318725586,0.1402580589056015,0.0,1,0.0527546107769012,0.0476429909467697,0.3210802674293518,0.1684717088937759,35389,band_sparse,0.01,1
paviau_117251_band_sparse_0.01000,0.9988480806350708,0.9838958382606506,0.7616536617279053,0.7969621419906616,0.9649999737739564,0.959999978542328,0.0,0.0042520142160356,0.0423584878444671,0.0285016614943742,0.0,3,0.146238088607788,0.0350000001490116,0.0399999991059303,0.002348416019231,117251,band_sparse,0.01,1
paviau_49642_band_sparse_0.01000,0.7907120585441589,0.9847633242607116,0.2414242029190063,0.7838209271430969,0.5393851399421692,0.3909348845481872,0.0,0.0656743943691253,0.039288256317377,0.0275483634322881,0.0,1,0.2161790430545807,0.1938413083553314,0.2541378140449524,0.1028163880109787,49642,band_sparse,0.01,1
paviau_127831_band_sparse_0.01000,0.8229163885116577,0.1601240783929824,0.5994604825973511,0.6617752909660339,0.9649999737739564,0.9299066662788392,1.0,0.2443863004446029,0.487454891204834,0.5210493206977844,0.0,6,0.2750691771507263,0.0350000001490116,0.049670573323965,0.0073301838710904,127831,band_sparse,0.01,0
paviau_29339_band_sparse_0.01000,0.762761116027832,0.6776632070541382,0.2195266187191009,0.975000023841858,0.9351392388343812,0.369390994310379,0.2000000029802322,0.0052440268918871,0.2861058413982391,0.644672155380249,0.2000000029802322,1,0.025000000372529,0.0449881888926029,0.2641144096851349,0.0370805375277996,29339,band_sparse,0.01,1
paviau_38914_band_sparse_0.01000,0.9681226015090942,0.6274566054344177,0.6656372547149658,0.6951091885566711,0.9649999737739564,0.959999978542328,0.4000000059604645,0.1055007502436637,0.3411580622196197,0.7264865040779114,0.4000000059604645,0,0.3048908412456512,0.0350000001490116,0.0399999991059303,0.0001690985518507,38914,band_sparse,0.01,1
paviau_123570_band_sparse_0.01000,0.7925177216529846,0.4252125322818756,0.5717177391052246,0.6984692811965942,0.6648911237716675,0.9501073360443116,0.6000000238418579,0.1790255159139633,0.5867195725440979,0.8468082547187805,0.800000011920929,6,0.3015307486057281,0.1427203714847564,0.0431643277406692,0.0165124032646417,123570,band_sparse,0.01,1
paviau_204686_band_sparse_0.01000,0.997642457485199,0.972126841545105,0.7060748934745789,0.7325291633605957,0.9649999737739564,0.959999978542328,0.0,0.0074884421192109,0.0599941723048687,0.0546724610030651,0.0,1,0.2674708366394043,0.0350000001490116,0.0399999991059303,0.0134571595117449,204686,band_sparse,0.01,1
paviau_66396_band_sparse_0.01000,0.9033918976783752,0.2584466636180877,0.5393277406692505,0.6813231706619263,0.6401402354240417,0.6872320771217346,0.800000011920929,0.2770954966545105,0.6508651971817017,0.8268076777458191,0.4000000059604645,1,0.2254804223775863,0.1524598598480224,0.1332161724567413,0.092670626938343,66396,band_sparse,0.01,1
paviau_175867_band_sparse_0.01000,0.9698814153671264,0.3741706311702728,0.6728366017341614,0.7018601894378662,0.9649999737739564,0.8762328624725342,0.6000000238418579,0.2408555597066879,0.6570189595222473,0.8771864175796509,0.800000011920929,0,0.2981398105621338,0.0350000001490116,0.0672612711787223,1.702332355080216e-07,175867,band_sparse,0.01,0
paviau_117506_band_sparse_0.01000,0.8941783308982849,0.7154369354248047,0.6054760217666626,0.7864364981651306,0.9649999737739564,0.6911773085594177,0.2000000029802322,0.0273630693554878,0.2718265950679779,0.5691220164299011,0.2000000029802322,1,0.1949179470539093,0.0350000001490116,0.1317669302225113,0.0071890633553266,117506,band_sparse,0.01,0
paviau_105956_band_sparse_0.01000,0.5594028830528259,0.4532361328601837,0.0150419007986783,0.8446906805038452,0.2293455302715301,0.0856089293956756,0.4000000059604645,0.028806259855628,0.4406599998474121,0.9920674562454224,0.4000000059604645,1,0.1553093343973159,0.3465351462364197,0.4232096672058105,0.5413582921028137,105956,band_sparse,0.01,0
paviau_149076_band_sparse_0.01000,0.4437978863716125,0.0585078038275241,0.1743463277816772,0.975000023841858,0.9649999737739564,0.3225037753582001,1.0,0.1208367943763732,0.545628011226654,0.8709439039230347,0.6000000238418579,2,0.025000000372529,0.0350000001490116,0.2865769565105438,0.0150617435574531,149076,band_sparse,0.01,0
paviau_141461_band_sparse_0.01000,0.9543578624725342,0.1848012655973434,0.5892267823219299,0.724989652633667,0.9649999737739564,0.6792216897010803,1.0,0.3525793254375458,0.3941720724105835,0.472150444984436,0.0,0,0.275010347366333,0.0350000001490116,0.1361693441867828,0.0369721874594688,141461,band_sparse,0.01,0
paviau_202670_band_sparse_0.01000,0.9063668251037598,0.8503121137619019,0.6051639318466187,0.7121156454086304,0.9649999737739564,0.6909485459327698,0.2000000029802322,0.0143342847004532,0.1921467632055282,0.2993741035461426,0.2000000029802322,1,0.287884384393692,0.0350000001490116,0.1318508833646774,0.0321103669703006,202670,band_sparse,0.01,1
paviau_172597_band_sparse_0.01000,0.9934631586074828,0.5939263701438904,0.602738082408905,0.6780216097831726,0.9649999737739564,0.959999978542328,0.4000000059604645,0.1526401340961456,0.3112742006778717,0.8108863234519958,0.6000000238418579,1,0.1887016147375106,0.0350000001490116,0.0399999991059303,0.0,172597,band_sparse,0.01,1
paviau_93027_band_sparse_0.01000,0.92633855342865,0.5242286324501038,0.6244322657585144,0.6556803584098816,0.9649999737739564,0.959999978542328,0.2000000029802322,0.1492611765861511,0.5854747295379639,0.6899157166481018,0.2000000029802322,5,0.3443196415901184,0.0350000001490116,0.0399999991059303,0.0296183358877897,93027,band_sparse,0.01,1
paviau_205732_band_sparse_0.01000,0.8530403971672058,0.1392793655395507,0.5862950682640076,0.6179016828536987,0.9649999737739564,0.959999978542328,1.0,0.2865969538688659,0.190694510936737,0.2804922461509704,0.0,5,0.3820982873439789,0.0350000001490116,0.0399999991059303,0.0007161877583712,205732,band_sparse,0.01,0
paviau_193339_band_sparse_0.01000,0.9650170803070068,0.754550039768219,0.7493461966514587,0.771298348903656,0.9649999737739564,0.944419264793396,0.0,0.0517736934125423,0.2536309361457824,0.4908997118473053,0.0,1,0.2287016659975052,0.0350000001490116,0.0449902303516864,0.0,193339,band_sparse,0.01,1
paviau_37784_band_sparse_0.01000,0.9199069142341614,0.9036968946456908,0.3388490080833435,0.9014635682106018,0.9649999737739564,0.4800897240638733,0.0,0.00082632136764,0.1442270129919052,0.192605048418045,0.0,1,0.0985364466905593,0.0350000001490116,0.2148440033197403,0.0058920439332723,37784,band_sparse,0.01,1
paviau_52437_band_sparse_0.01000,0.9972599744796752,0.6562144160270691,0.7145640850067139,0.7402352094650269,0.9556633830070496,0.959999978542328,0.4000000059604645,0.1340957283973693,0.29358571767807,0.687410831451416,0.4000000059604645,1,0.2597648203372955,0.0381081290543079,0.0399999991059303,0.0,52437,band_sparse,0.01,1
paviau_103031_band_sparse_0.01000,0.4380814433097839,0.6649194955825806,0.1590237617492675,0.4713167548179626,0.3281691372394562,0.3056851029396057,0.2000000029802322,0.0787628516554832,0.4805716872215271,0.5350109934806824,0.2000000029802322,2,0.3086122274398803,0.2923898696899414,0.2949074506759643,0.0084533710032701,103031,band_sparse,0.01,1
paviau_158454_band_sparse_0.01000,0.8546317219734192,0.4877621531486511,0.9586569666862488,0.975000023841858,0.9649999737739564,0.9333601593971252,0.4000000059604645,0.0845269411802291,0.4476557970046997,0.941502034664154,0.4000000059604645,2,0.025000000372529,0.0350000001490116,0.0485539734363555,0.0,158454,band_sparse,0.01,1
paviau_27227_band_sparse_0.01000,0.5446398258209229,0.8825352191925049,0.0215956233441829,0.7497985363006592,0.4319666028022766,0.1029923856258392,0.0,0.0834473967552185,0.1648158878087997,0.2349014282226562,0.0,1,0.2502014636993408,0.2416025102138519,0.4112761914730072,0.323747307062149,27227,band_sparse,0.01,1
paviau_198996_band_sparse_0.01000,0.6535801887512207,0.0219104848802089,0.286516934633255,0.409125953912735,0.9649999737739564,0.6138439774513245,1.0,0.2666128277778625,0.0655513033270835,0.0492108315229415,0.0,6,0.2688583135604858,0.0350000001490116,0.1608298271894455,0.363262802362442,198996,band_sparse,0.01,0
paviau_187353_band_sparse_0.01000,0.8160344958305359,0.7315448522567749,0.6619248390197754,0.6916123628616333,0.9649999737739564,0.8894602060317993,0.4000000059604645,0.1208687424659729,0.3271538019180298,0.5001306533813477,0.4000000059604645,0,0.3083876669406891,0.0350000001490116,0.0628841072320938,0.0006689657457172,187353,band_sparse,0.01,1
paviau_26889_band_sparse_0.01000,0.7564576268196106,0.6467375159263611,0.0523323453962802,0.739056408405304,0.8620815873146057,0.1642048507928848,0.4000000059604645,0.0117519348859786,0.2966503202915191,0.7062640190124512,0.4000000059604645,1,0.260943591594696,0.0700369775295257,0.3722840547561645,0.0689840763807296,26889,band_sparse,0.01,1
paviau_61725_band_sparse_0.01000,0.9731776118278505,0.51253342628479,0.6069526672363281,0.6385260820388794,0.9649999737739564,0.959999978542328,0.4000000059604645,0.1762567311525344,0.4121650159358978,0.9198068380355836,0.4000000059604645,0,0.3614738881587982,0.0350000001490116,0.0399999991059303,0.0001746123743942,61725,band_sparse,0.01,1
paviau_78984_band_sparse_0.01000,0.9178453087806702,0.358910471200943,0.3050005733966827,0.4521645009517669,0.4457932710647583,0.7391706705093384,0.6000000238418579,0.2005501389503479,0.3544539511203766,0.7427555918693542,0.4000000059604645,1,0.2478476017713546,0.2352098375558853,0.1144036054611206,0.0667186230421066,78984,band_sparse,0.01,1
paviau_123263_band_sparse_0.01000,0.7115077376365662,0.2493909150362014,0.5567723512649536,0.7200549840927124,0.9649999737739564,0.6550602912902832,0.6000000238418579,0.1166586279869079,0.3279305398464203,0.5287724137306213,0.4000000059604645,5,0.2799450159072876,0.0350000001490116,0.1451649218797683,0.0035259660799056,123263,band_sparse,0.01,1
paviau_152427_band_sparse_0.01000,0.7631658315658569,0.6202699542045593,0.722979724407196,0.7478252649307251,0.9649999737739564,0.959999978542328,0.2000000029802322,0.0524740554392337,0.5362896919250488,0.5088592767715454,0.2000000029802322,7,0.2521747052669525,0.0350000001490116,0.0399999991059303,0.0,152427,band_sparse,0.01,1
paviau_192357_band_sparse_0.01000,0.9726003408432008,0.5678804516792297,0.6727380752563477,0.7238580584526062,0.9649999737739564,0.7397509813308716,0.4000000059604645,0.1348162442445755,0.3112622201442718,0.8642385601997375,0.4000000059604645,1,0.2761419415473938,0.0350000001490116,0.1141965985298156,0.0002899507526308,192357,band_sparse,0.01,1
paviau_108414_band_sparse_0.01000,0.9858478307724,0.907039999961853,0.8336290121078491,0.8434494733810425,0.9649999737739564,0.9513887763023376,0.0,0.01893812417984,0.1408787220716476,0.1858977973461151,0.0,3,0.1565505266189575,0.0350000001490116,0.0427536480128765,0.0,108414,band_sparse,0.01,1
paviau_124239_band_sparse_0.01000,0.8798925876617432,0.5733656883239746,0.3289777040481567,0.7670993208885193,0.9649999737739564,0.4714653491973877,0.4000000059604645,0.0639441758394241,0.3414044380187988,0.8408251404762268,0.4000000059604645,0,0.2329006493091583,0.0350000001490116,0.2185169458389282,0.0009459152934141,124239,band_sparse,0.01,0
paviau_123563_band_sparse_0.01000,0.5178514122962952,0.6019244194030762,0.2307225167751312,0.7641105651855469,0.9649999737739564,0.3804903030395508,0.4000000059604645,0.0053919157944619,0.3224867582321167,0.7899318337440491,0.6000000238418579,6,0.2358894646167755,0.0350000001490116,0.2589489221572876,0.0067043569870293,123563,band_sparse,0.01,1
paviau_196784_band_sparse_0.01000,0.8076417446136475,0.7041113972663879,0.7075034379959106,0.7338293790817261,0.9649999737739564,0.7727032899856567,0.2000000029802322,0.0077133481390774,0.2844129502773285,0.5892758369445801,0.2000000029802322,5,0.2661706209182739,0.0350000001490116,0.1025504171848297,0.0001746246271068,196784,band_sparse,0.01,0
paviau_26549_band_sparse_0.01000,0.8874509334564209,0.7239157557487488,0.5589905977249146,0.726993203163147,0.9649999737739564,0.6567241549491882,0.0,0.0256195943802595,0.2683604955673218,0.5521287322044373,0.0,1,0.2730067670345306,0.0350000001490116,0.1445411145687103,0.0084025021642446,26549,band_sparse,0.01,1
paviau_202986_band_sparse_0.01000,0.9930474162101746,0.9541028738021852,0.7461267709732056,0.7684565782546997,0.9649999737739564,0.9089872241020204,0.0,0.0086904251947999,0.0847756266593933,0.0917927920818328,0.0,1,0.2315434068441391,0.0350000001490116,0.0564731322228908,0.0015649406705051,202986,band_sparse,0.01,1
paviau_141078_band_sparse_0.01000,0.9700446724891664,0.4468879997730255,0.4119260311126709,0.5234386324882507,0.9649999737739564,0.959999978542328,0.4000000059604645,0.1995969861745834,0.5284402370452881,0.961591899394989,0.4000000059604645,0,0.2696199417114258,0.0350000001490116,0.0399999991059303,0.0655647963285446,141078,band_sparse,0.01,1
paviau_47297_band_sparse_0.01000,0.5106063485145569,0.4099417924880981,0.1930163204669952,0.7160808444023132,0.6965087056159973,0.3423249721527099,0.4000000059604645,0.0203500837087631,0.5014944076538086,0.9625157713890076,0.4000000059604645,0,0.2839191555976867,0.130498856306076,0.2769495248794555,0.0089580137282609,47297,band_sparse,0.01,1
paviau_193314_band_sparse_0.01000,0.5514823794364929,0.0164095349609851,0.203991487622261,0.7522122263908386,0.9649999737739564,0.3536725640296936,1.0,0.2122887969017028,0.0381011925637722,0.0328190736472606,0.0,5,0.2477877587080001,0.0350000001490116,0.2715259790420532,0.0754658058285713,193314,band_sparse,0.01,0
paviau_204341_band_sparse_0.01000,0.998499870300293,0.8498026132583618,0.7071315050125122,0.733491063117981,0.9649999737739564,0.959999978542328,0.2000000029802322,0.0530885159969329,0.1925967782735824,0.3003835380077362,0.2000000029802322,1,0.2665089666843414,0.0350000001490116,0.0399999991059303,0.0,204341,band_sparse,0.01,1
paviau_182131_band_sparse_0.01000,0.9574188590049744,0.1465785056352615,0.6939209699630737,0.7214080095291138,0.9649999737739564,0.959999978542328,1.0,0.395735889673233,0.1896640062332153,0.2931573688983917,0.0,5,0.2785920202732086,0.0350000001490116,0.0399999991059303,0.0398098565638065,182131,band_sparse,0.01,0
paviau_116110_band_sparse_0.01000,0.9651150107383728,0.486855536699295,0.6671942472457886,0.6965726017951965,0.9649999737739564,0.959999978542328,0.4000000059604645,0.1662703603506088,0.3225044012069702,0.9762038588523864,0.4000000059604645,5,0.3034273982048034,0.0350000001490116,0.0399999991059303,3.892679887940176e-05,116110,band_sparse,0.01,1
paviau_146469_band_sparse_0.01000,0.9930665493011476,0.0094221821054816,0.425359308719635,0.5346558094024658,0.9649999737739564,0.959999978542328,1.0,0.6547313928604126,0.0968239605426788,0.051016591489315,0.0,7,0.2154484540224075,0.0350000001490116,0.0399999991059303,0.4411118328571319,146469,band_sparse,0.01,0
paviau_109342_band_sparse_0.01000,0.5375820994377136,0.3727656900882721,0.2666671276092529,0.7978441715240479,0.9649999737739564,0.4149922728538513,0.6000000238418579,0.0144534036517143,0.3012845814228058,0.7456832528114319,0.4000000059604645,5,0.2021558284759521,0.0350000001490116,0.2432316094636917,0.0079002641141414,109342,band_sparse,0.01,1
paviau_195338_band_sparse_0.01000,0.9994935989379884,0.9796873927116394,0.7630601525306702,0.7833293080329895,0.9649999737739564,0.959999978542328,0.0,0.0066926679573953,0.0493157543241977,0.0372699536383152,0.0,1,0.2166707068681717,0.0350000001490116,0.0399999991059303,0.0082554928958415,195338,band_sparse,0.01,1
paviau_89824_band_sparse_0.01000,0.6142382025718689,0.3450870215892792,0.4815961122512817,0.7295265793800354,0.9649999737739564,0.5974791646003723,0.6000000238418579,0.0487438291311264,0.5210809707641602,0.9074341654777528,0.6000000238418579,2,0.2704734206199646,0.0350000001490116,0.1671673059463501,0.0002879355452023,89824,band_sparse,0.01,0
paviau_169694_band_sparse_0.01000,0.9368212819099426,0.763435423374176,0.5853503942489624,0.761265218257904,0.8732864260673523,0.6763560175895691,0.0,0.037556204944849,0.2541051208972931,0.4714122414588928,0.0,1,0.2387347966432571,0.0661363303661346,0.137229323387146,0.0116952033713459,169694,band_sparse,0.01,1
paviau_115278_band_sparse_0.01000,0.637932538986206,0.7407037019729614,0.7530922293663025,0.788037896156311,0.9649999737739564,0.7960653901100159,0.0,0.0965118706226348,0.3078136444091797,0.4950362741947174,0.0,2,0.2119620740413665,0.0350000001490116,0.094419926404953,0.0001026583995553,115278,band_sparse,0.01,1
paviau_60936_band_sparse_0.01000,0.9218441247940063,0.7590783834457397,0.325742095708847,0.8624571561813354,0.5263725519180298,0.4686210453510284,0.0,0.0622998476028442,0.2601643800735473,0.4786639809608459,0.0,1,0.1375428140163421,0.1994094252586364,0.2197338938713073,0.1407754123210907,60936,band_sparse,0.01,1
paviau_36073_band_sparse_0.01000,0.9853294491767884,0.8920637369155884,0.6994745135307312,0.7265027165412903,0.9649999737739564,0.959999978542328,0.0,0.0376019030809402,0.1584732681512832,0.2147984057664871,0.0,1,0.2734973132610321,0.0350000001490116,0.0399999991059303,0.0,36073,band_sparse,0.01,1
paviau_204054_band_sparse_0.01000,0.8189874291419983,0.8517875075340271,0.2853210568428039,0.975000023841858,0.9649999737739564,0.4322997629642486,0.0,0.0013147504068911,0.1912346482276916,0.2963663637638092,0.0,1,0.025000000372529,0.0350000001490116,0.2355297952890396,0.027623301371932,204054,band_sparse,0.01,1
paviau_201833_band_sparse_0.01000,0.991954743862152,0.6093204617500305,0.7309662699699402,0.7549839615821838,0.9649999737739564,0.959999978542328,0.4000000059604645,0.1495650112628936,0.3045082092285156,0.7813575863838196,0.4000000059604645,1,0.2450160533189773,0.0350000001490116,0.0399999991059303,0.0,201833,band_sparse,0.01,1
paviau_182483_band_sparse_0.01000,0.9937165379524232,0.1409777551889419,0.68259596824646,0.7109492421150208,0.9649999737739564,0.959999978542328,1.0,0.4645030796527862,0.1851200312376022,0.2819564938545227,0.0,5,0.2890507578849792,0.0350000001490116,0.0399999991059303,0.0030276186298578,182483,band_sparse,0.01,0
paviau_177897_band_sparse_0.01000,0.562017023563385,0.1660744547843933,0.5837356448173523,0.7556052803993225,0.9649999737739564,0.6751606464385986,1.0,0.1242731884121894,0.6485375165939331,0.862803041934967,0.4000000059604645,2,0.2443947196006775,0.0350000001490116,0.137672021985054,0.0010003568604588,177897,band_sparse,0.01,0
paviau_203812_band_sparse_0.01000,0.9760724902153016,0.8202099204063416,0.7321985363960266,0.756084680557251,0.9649999737739564,0.959999978542328,0.2000000029802322,0.0644551366567611,0.2261240780353546,0.3537725210189819,0.2000000029802322,1,0.243915319442749,0.0350000001490116,0.0399999991059303,0.0,203812,band_sparse,0.01,1
paviau_48984_band_sparse_0.01000,0.6554917097091675,0.3362698256969452,0.3381909132003784,0.6033989191055298,0.4754408299922943,0.6505900621414185,0.6000000238418579,0.1414675861597061,0.4799096882343292,0.8022301197052002,0.4000000059604645,7,0.2368608117103576,0.2217595428228378,0.1468440592288971,0.0212609488517045,48984,band_sparse,0.01,0
paviau_200616_band_sparse_0.01000,0.9898954629898072,0.8904752135276794,0.6926962733268738,0.7202814221382141,0.9649999737739564,0.959999978542328,0.0,0.0283108744770288,0.1572557538747787,0.2190492451190948,0.0,1,0.2797185778617859,0.0350000001490116,0.0399999991059303,0.0,200616,band_sparse,0.01,1
paviau_112363_band_sparse_0.01000,0.9843555092811584,0.7579526901245117,0.6725796461105347,0.7016199231147766,0.9649999737739564,0.959999978542328,0.2000000029802322,0.0735575184226036,0.2689897418022156,0.4768917560577392,0.2000000029802322,5,0.2983801066875458,0.0350000001490116,0.0399999991059303,0.0,112363,band_sparse,0.01,1
paviau_109590_band_sparse_0.01000,0.6044043898582458,0.7813958525657654,0.356206864118576,0.6320791840553284,0.613322377204895,0.4950691759586334,0.0,0.0284588709473609,0.3072837889194488,0.3875415921211242,0.0,0,0.3679208159446716,0.1631928533315658,0.2085243463516235,0.0065908432006835,109590,band_sparse,0.01,0
paviau_200516_band_sparse_0.01000,0.7365359663963318,0.0917054191231727,0.4635205864906311,0.7232734560966492,0.9649999737739564,0.5832560062408447,1.0,0.2404262274503708,0.1394805759191513,0.1834110617637634,0.0,5,0.2767265141010284,0.0350000001490116,0.172732412815094,0.0005927019519731,200516,band_sparse,0.01,0
paviau_115101_band_sparse_0.01000,0.976982355117798,0.4780229926109314,0.7951769232749939,0.811051070690155,0.9649999737739564,0.959999978542328,0.800000011920929,0.1857975125312805,0.3204506933689117,0.957826852798462,0.2000000029802322,5,0.1889489293098449,0.0350000001490116,0.0399999991059303,0.0,115101,band_sparse,0.01,1
paviau_199065_band_sparse_0.01000,0.9973215460777284,0.6633578538894653,0.7249812483787537,0.7496232986450195,0.9649999737739564,0.959999978542328,0.2000000029802322,0.1280446350574493,0.3092460632324219,0.6644994020462036,0.2000000029802322,1,0.2503767013549804,0.0350000001490116,0.0399999991059303,0.0,199065,band_sparse,0.01,1
paviau_100381_band_sparse_0.01000,0.5339935421943665,0.0228786598891019,0.1950110495090484,0.5046539306640625,0.3924871683120727,0.3444032967090606,1.0,0.2326237857341766,0.4994208514690399,0.7761936783790588,0.4000000059604645,0,0.2958311438560486,0.2603077888488769,0.2759515047073364,0.0165822319686412,100381,band_sparse,0.01,0
paviau_189222_band_sparse_0.01000,0.9994483590126038,0.8707865476608276,0.7863062024116516,0.8034562468528748,0.9649999737739564,0.959999978542328,0.0,0.046578899025917,0.1780000030994415,0.2573526799678802,0.0,1,0.196543738245964,0.0350000001490116,0.0399999991059303,0.000885771762114,189222,band_sparse,0.01,1
paviau_104444_band_sparse_0.01000,0.7639009356498718,0.8938069343566895,0.151069238781929,0.8623276352882385,0.6525024771690369,0.2967324554920196,0.0,0.0168144293129444,0.1571374982595443,0.2112502753734588,0.0,3,0.1376723796129226,0.1475758701562881,0.2994053363800049,0.3223442137241363,104444,band_sparse,0.01,1
paviau_198766_band_sparse_0.01000,0.7432627081871033,0.9001559615135193,0.0481092631816864,0.7495341300964355,0.6260095834732056,0.1569312363862991,0.0,0.0224172491580247,0.1477963179349899,0.1996880769729614,0.0,1,0.2504658699035644,0.1580912470817566,0.3767011165618896,0.2102473229169845,198766,band_sparse,0.01,1
paviau_163003_band_sparse_0.01000,0.5083186030387878,0.5758976340293884,0.2200434207916259,0.7434224486351013,0.6443417072296143,0.369907408952713,0.2000000029802322,0.1566919088363647,0.4792629480361938,0.7041181325912476,0.2000000029802322,7,0.2565775215625763,0.1507955491542816,0.2638728618621826,0.0085411733016371,163003,band_sparse,0.01,1
paviau_110043_band_sparse_0.01000,0.9994146823883056,0.4164867997169494,0.6929733157157898,0.8053050637245178,0.9649999737739564,0.7540972232818604,0.800000011920929,0.2625678181648254,0.3112372756004333,0.83355712890625,0.800000011920929,1,0.1946949511766433,0.0350000001490116,0.1091000512242317,0.0002284238144056,110043,band_sparse,0.01,0
paviau_100836_band_sparse_0.01000,0.5980785489082336,0.6407808065414429,0.0177532974630594,0.7894584536552429,0.2292921245098114,0.0931435227394104,0.2000000029802322,0.0037283285055309,0.2990478575229645,0.7178941965103149,0.2000000029802322,1,0.2105415761470794,0.3465663492679596,0.4179838001728058,0.4753326177597046,100836,band_sparse,0.01,0
paviau_178696_band_sparse_0.01000,0.9994871616363524,0.9515334963798524,0.726950466632843,0.7513898015022278,0.9649999737739564,0.959999978542328,0.0,0.0168825183063745,0.0903953239321708,0.0959917232394218,0.0,1,0.2486101984977722,0.0350000001490116,0.0399999991059303,0.0068495972082018,178696,band_sparse,0.01,1
paviau_150880_band_sparse_0.01000,0.9981732368469238,0.997912585735321,0.7248849272727966,0.74953693151474,0.9649999737739564,0.959999978542328,0.0,0.0007958580972626,0.0068130185827612,0.0041748443618416,0.0,3,0.2504630386829376,0.0350000001490116,0.0399999991059303,0.0,150880,band_sparse,0.01,1
paviau_201120_band_sparse_0.02000,0.9654380083084106,0.9397510290145874,0.6124604344367981,0.6439601182937622,0.7653731107711792,0.959999978542328,0.0,0.0023335407022386,0.1048402860760688,0.1200371459126472,0.0,1,0.3560399115085602,0.1046712696552276,0.0399999991059303,0.0006864066235721,201120,band_sparse,0.02,1
paviau_206092_band_sparse_0.02000,0.8831574320793152,0.4765249490737915,0.5202409625053406,0.6189780831336975,0.9649999737739564,0.6273787617683411,0.6000000238418579,0.1023839116096496,0.3149890303611755,0.9530540108680724,0.4000000059604645,5,0.3810219466686249,0.0350000001490116,0.1556398123502731,0.0088180918246507,206092,band_sparse,0.02,0
paviau_196535_band_sparse_0.02000,0.9793786406517028,0.6436980366706848,0.6333187222480774,0.6643010973930359,0.9649999737739564,0.959999978542328,0.2000000029802322,0.1094006448984146,0.3049622774124145,0.7095093727111816,0.2000000029802322,5,0.3356989026069641,0.0350000001490116,0.0399999991059303,0.0246759373694658,196535,band_sparse,0.02,0
paviau_205980_band_sparse_0.02000,0.936351478099823,0.4902100563049316,0.2390087246894836,0.5620397925376892,0.9649999737739564,0.388590931892395,0.6000000238418579,0.135456770658493,0.3153795599937439,0.9804203510284424,0.4000000059604645,5,0.4379602074623108,0.0350000001490116,0.2552134096622467,0.040085282176733,205980,band_sparse,0.02,0
paviau_115545_band_sparse_0.02000,0.99489426612854,0.9982214570045472,0.651557981967926,0.6817905306816101,0.9649999737739564,0.959999978542328,0.0,0.0006297331419773,0.006427202373743,0.0030285583343356,0.0,3,0.3182094693183899,0.0350000001490116,0.0399999991059303,0.0011582839069887,115545,band_sparse,0.02,1
paviau_200480_band_sparse_0.02000,0.9965686798095704,0.3888304233551025,0.6319160461425781,0.6629447340965271,0.9649999737739564,0.959999978542328,0.6000000238418579,0.2759232819080353,0.304247498512268,0.7776854634284973,0.4000000059604645,5,0.3370552659034729,0.0350000001490116,0.0399999991059303,0.0083942059427499,200480,band_sparse,0.02,0
paviau_192914_band_sparse_0.02000,0.9133897423744202,0.3943086266517639,0.2707152366638183,0.3978501260280609,0.7201038599014282,0.4742688238620758,0.6000000238418579,0.1996179521083831,0.4154667258262634,0.8390612602233887,0.4000000059604645,7,0.3233345448970794,0.1215313673019409,0.2173201888799667,0.0882948040962219,192914,band_sparse,0.02,0
paviau_74593_band_sparse_0.02000,0.9929313659667968,1.0,0.6645370721817017,0.6940739154815674,0.9649999737739564,0.959999978542328,0.0,0.0024556203279644,6.706890758323425e-07,9.99999993922529e-09,0.0,4,0.3059260547161102,0.0350000001490116,0.0399999991059303,0.0020080027170479,74593,band_sparse,0.02,1
paviau_139351_band_sparse_0.02000,0.989804983139038,0.3821688294410705,0.6299841403961182,0.6610739827156067,0.9649999737739564,0.959999978542328,0.800000011920929,0.270938903093338,0.4488515257835388,0.8483672142028809,0.2000000029802322,6,0.3389260172843933,0.0350000001490116,0.0399999991059303,0.1036456525325775,139351,band_sparse,0.02,0
paviau_114966_band_sparse_0.02000,0.5165758728981018,0.9514862298965454,0.0747070014476776,0.1509224772453308,0.5346910357475281,0.2634956240653991,0.0,0.1738825589418411,0.1211524158716201,0.0670813992619514,0.0,8,0.3426946997642517,0.1958435773849487,0.3165166079998016,0.2850137650966644,114966,band_sparse,0.02,1
paviau_143439_band_sparse_0.02000,0.9975112676620485,0.9886284470558168,0.6033892631530762,0.6349959969520569,0.9649999737739564,0.959999978542328,0.0,0.0034150963183492,0.029496431350708,0.0221755970269441,0.0,3,0.3650040328502655,0.0350000001490116,0.0399999991059303,0.0213131625205278,143439,band_sparse,0.02,1
paviau_205211_band_sparse_0.02000,0.9926477670669556,0.6352905035018921,0.6574304103851318,0.6873646378517151,0.9649999737739564,0.959999978542328,0.4000000059604645,0.1427647471427917,0.3306596875190735,0.7118439674377441,0.4000000059604645,1,0.3126353621482849,0.0350000001490116,0.0399999991059303,0.0202119909226894,205211,band_sparse,0.02,1
paviau_22235_band_sparse_0.02000,0.8907928466796875,0.0362917222082614,0.080656923353672,0.1552191376686096,0.9649999737739564,0.959999978542328,1.0,0.4907410144805908,0.1123074069619178,0.0868207290768623,0.0,6,0.325005829334259,0.0350000001490116,0.0399999991059303,0.8035661578178406,22235,band_sparse,0.02,0
paviau_198293_band_sparse_0.02000,0.997501790523529,0.0149368429556488,0.2188521474599838,0.3455561697483063,0.9649999737739564,0.959999978542328,1.0,0.648047924041748,0.4784039258956909,0.7012619376182556,0.4000000059604645,6,0.3292571604251861,0.0350000001490116,0.0399999991059303,0.7092636227607727,198293,band_sparse,0.02,0
paviau_61725_band_sparse_0.02000,0.8868241310119629,0.4769541025161743,0.5634149312973022,0.5945901870727539,0.9649999737739564,0.959999978542328,0.4000000059604645,0.1379224359989166,0.4055918157100677,0.9975913763046264,0.4000000059604645,0,0.4054098427295685,0.0350000001490116,0.0399999991059303,0.0192727521061897,61725,band_sparse,0.02,1
paviau_183166_band_sparse_0.02000,0.9960862398147584,0.6198896765708923,0.6346834301948547,0.6656191349029541,0.9649999737739564,0.959999978542328,0.4000000059604645,0.1529777497053146,0.3065296411514282,0.758841872215271,0.4000000059604645,5,0.3343808948993683,0.0350000001490116,0.0399999991059303,0.0029669429641216,183166,band_sparse,0.02,0
paviau_22576_band_sparse_0.02000,0.9202192425727844,0.2832736670970917,0.1032766848802566,0.1942037343978881,0.9649999737739564,0.959999978542328,0.6000000238418579,0.2689414024353027,0.4603204429149627,0.6808043718338013,0.4000000059604645,6,0.3240017294883728,0.0350000001490116,0.0399999991059303,0.7963653802871704,22576,band_sparse,0.02,0
paviau_114096_band_sparse_0.02000,0.5432628989219666,0.2451353818178177,0.2442405074834823,0.6745489835739136,0.9649999737739564,0.3936581015586853,0.800000011920929,0.0519799031317234,0.2698692083358764,0.495975911617279,0.2000000029802322,5,0.325450986623764,0.0350000001490116,0.2528911232948303,0.0085210762917995,114096,band_sparse,0.02,1
paviau_95036_band_sparse_0.02000,0.9500847458839417,0.008416804485023,0.1313349902629852,0.3581417202949524,0.5653765201568604,0.2737696170806885,1.0,0.6132233142852783,0.1285005062818527,0.0980526134371757,0.0,2,0.3449012339115143,0.182881012558937,0.3111551702022552,0.3217138946056366,95036,band_sparse,0.02,0
paviau_204778_band_sparse_0.02000,0.9988200068473816,0.5734733939170837,0.6384135484695435,0.6692138314247131,0.9649999737739564,0.959999978542328,0.4000000059604645,0.1744394153356552,0.3120903968811035,0.8526560068130493,0.4000000059604645,5,0.3307861685752868,0.0350000001490116,0.0399999991059303,0.0002682493941392,204778,band_sparse,0.02,0
paviau_188761_band_sparse_0.02000,0.6199439764022827,0.0980844795703888,0.3501127958297729,0.6280103921890259,0.9649999737739564,0.4898363053798675,1.0,0.2782985270023346,0.4401636719703674,0.7566667795181274,0.4000000059604645,2,0.3719895780086517,0.0350000001490116,0.2107235491275787,0.0145843308418989,188761,band_sparse,0.02,0
paviau_97092_band_sparse_0.02000,0.5978819727897644,0.2787391543388366,0.1522132009267807,0.4870907366275787,0.3710843026638031,0.2980299293994903,0.6000000238418579,0.1830174773931503,0.3606615662574768,0.592930257320404,0.4000000059604645,5,0.4089000821113586,0.2707488238811493,0.2987506687641144,0.0339422449469566,97092,band_sparse,0.02,1
paviau_196868_band_sparse_0.02000,0.8760191798210144,0.6684161424636841,0.4392499625682831,0.6765450239181519,0.7849718332290649,0.5638988018035889,0.2000000029802322,0.0595227517187595,0.2891405820846557,0.663166880607605,0.2000000029802322,1,0.3234549462795257,0.097505509853363,0.1803944259881973,0.0338798575103282,196868,band_sparse,0.02,1
paviau_189965_band_sparse_0.02000,0.9841327667236328,0.2755281627178192,0.3605539798736572,0.476815402507782,0.9649999737739564,0.5491086840629578,0.800000011920929,0.3255175352096557,0.2679855227470398,0.5510677099227905,0.2000000029802322,5,0.3346761763095855,0.0350000001490116,0.186319500207901,0.1691428571939468,189965,band_sparse,0.02,0
paviau_169805_band_sparse_0.02000,0.8490482568740845,0.5649994611740112,0.6591721773147583,0.6890125870704651,0.9649999737739564,0.959999978542328,0.2000000029802322,0.0855255872011184,0.5104313492774963,0.7123833298683167,0.2000000029802322,7,0.3109874129295349,0.0350000001490116,0.0399999991059303,0.0071363495662808,169805,band_sparse,0.02,1
paviau_185172_band_sparse_0.02000,0.7703132629394531,0.6061537265777588,0.1873826086521148,0.6766378879547119,0.7128024697303772,0.3364155888557434,0.4000000059604645,0.0224991254508495,0.3137230575084686,0.7845218777656555,0.4000000059604645,1,0.3233621418476105,0.1242927461862564,0.2797989547252655,0.040141724050045,185172,band_sparse,0.02,1
paviau_95257_band_sparse_0.02000,0.8409031629562378,0.0359036549925804,0.2861366271972656,0.4125298261642456,0.9649999737739564,0.959999978542328,1.0,0.4179562032222748,0.2858975231647491,0.2483190894126892,0.0,2,0.3421482741832733,0.0350000001490116,0.0399999991059303,0.4559272229671478,95257,band_sparse,0.02,0
paviau_30957_band_sparse_0.02000,0.7652662992477417,0.0047290483489632,0.038205862045288,0.1226110830903053,0.3628104031085968,0.1387669146060943,1.0,0.4006700813770294,0.3328357338905334,0.8152424693107605,0.4000000059604645,3,0.3880541026592254,0.2748456299304962,0.3879704177379608,0.1530533879995346,30957,band_sparse,0.02,0
paviau_201848_band_sparse_0.02000,0.5835260152816772,0.5866193771362305,0.0240431781858205,0.5901525020599365,0.2423336952924728,0.1088662594556808,0.4000000059604645,0.0162561647593975,0.3086021542549133,0.8267611265182495,0.4000000059604645,1,0.3984336256980896,0.3390189111232757,0.4073391854763031,0.1193716377019882,201848,band_sparse,0.02,1
paviau_192014_band_sparse_0.02000,0.9899498224258424,0.3030143976211548,0.5659665465354919,0.6681703925132751,0.9649999737739564,0.6619446277618408,0.800000011920929,0.3165411353111267,0.2791747450828552,0.6060295701026917,0.2000000029802322,5,0.3318296074867248,0.0350000001490116,0.1425881087779998,0.0120952455326914,192014,band_sparse,0.02,0
paviau_46411_band_sparse_0.02000,0.6784116625785828,0.0061278734356164,0.1231098473072052,0.2248337715864181,0.9649999737739564,0.6567047238349915,1.0,0.3369589745998382,0.0273563135415315,0.0151297952979803,0.0,6,0.3234216272830963,0.0350000001490116,0.1445484012365341,0.6967164278030396,46411,band_sparse,0.02,0
paviau_108865_band_sparse_0.02000,0.9816784262657166,0.9289653301239014,0.6698852777481079,0.6990973949432373,0.9649999737739564,0.959999978542328,0.0,0.0207457728683948,0.1190809905529022,0.1410515457391739,0.0,3,0.3009026348590851,0.0350000001490116,0.0399999991059303,0.0,108865,band_sparse,0.02,1
paviau_204511_band_sparse_0.02000,0.9725072979927064,0.910275101661682,0.6480120420455933,0.6784114241600037,0.9492853879928588,0.959999978542328,0.0,0.0126473531126976,0.1575735062360763,0.1619161069393158,0.0,1,0.3215885460376739,0.040239080786705,0.0399999991059303,0.0022176168859004,204511,band_sparse,0.02,1
paviau_140390_band_sparse_0.02000,0.8237848877906799,0.0346988402307033,0.2760944962501526,0.4029650688171386,0.9649999737739564,0.8591776490211487,1.0,0.4481072723865509,0.5973493456840515,0.8213983774185181,0.6000000238418579,6,0.3218965828418731,0.0350000001490116,0.0729472264647483,0.5466670393943787,140390,band_sparse,0.02,0
paviau_88074_band_sparse_0.02000,0.9323369860649108,0.3670909702777862,0.5855985283851624,0.6171994209289551,0.9649999737739564,0.9382522106170654,0.6000000238418579,0.2055631130933761,0.3024214804172516,0.7350835204124451,0.4000000059604645,3,0.3828006088733673,0.0350000001490116,0.0469752848148345,0.0007017268799245,88074,band_sparse,0.02,1
paviau_204381_band_sparse_0.02000,0.9899298548698424,0.4599516987800598,0.6308290362358093,0.6618925333023071,0.9649999737739564,0.959999978542328,0.6000000238418579,0.218692809343338,0.3155137598514557,0.920275092124939,0.4000000059604645,5,0.3381074666976928,0.0350000001490116,0.0399999991059303,0.0031182742677628,204381,band_sparse,0.02,0
paviau_185844_band_sparse_0.02000,0.9964035749435424,0.5414766073226929,0.6412515640258789,0.6719411015510559,0.9649999737739564,0.959999978542328,0.4000000059604645,0.1892846524715423,0.313897967338562,0.9170466661453248,0.4000000059604645,1,0.3280588686466217,0.0350000001490116,0.0399999991059303,0.03395876288414,185844,band_sparse,0.02,1
paviau_69072_band_sparse_0.02000,0.9269625544548036,0.0404407940804958,0.6042352318763733,0.6358351707458496,0.9649999737739564,0.7436992526054382,1.0,0.4879927039146423,0.3396405875682831,0.3686670064926147,0.2000000029802322,2,0.3641648590564728,0.0350000001490116,0.112789861857891,0.1024117097258567,69072,band_sparse,0.02,0
paviau_167680_band_sparse_0.02000,0.5034952163696289,0.2570290267467499,0.1490087807178497,0.667897641658783,0.711969792842865,0.2943867146968841,1.0,0.0459228381514549,0.2594181299209595,0.5140633583068848,0.0,5,0.3321023285388946,0.124608427286148,0.300591379404068,0.0107694864273071,167680,band_sparse,0.02,0
paviau_203774_band_sparse_0.02000,0.995996117591858,0.6022694110870361,0.3079822659492492,0.4251774251461029,0.9649999737739564,0.959999978542328,0.4000000059604645,0.1593145877122879,0.3094834089279175,0.7943709492683411,0.4000000059604645,5,0.4067291915416717,0.0350000001490116,0.0399999991059303,0.6155058741569519,203774,band_sparse,0.02,0
paviau_150880_band_sparse_0.02000,0.997399091720581,0.9964427947998048,0.6473924517631531,0.6778200268745422,0.9649999737739564,0.959999978542328,0.0,0.0011907494626939,0.0117950420826673,0.0058643408119678,0.0,3,0.3221799731254577,0.0350000001490116,0.0399999991059303,7.113662286428735e-05,150880,band_sparse,0.02,1
paviau_192200_band_sparse_0.02000,0.9818684458732604,0.9421114325523376,0.6392502784729004,0.6700186729431152,0.9649999737739564,0.959999978542328,0.0,0.0090430602431297,0.1006358712911605,0.1157771199941635,0.0,3,0.3299813568592071,0.0350000001490116,0.0399999991059303,0.0,192200,band_sparse,0.02,1
paviau_112727_band_sparse_0.02000,0.7593056559562683,0.6886147856712341,0.0269307885318994,0.675520122051239,0.9649999737739564,0.1154718175530433,0.2000000029802322,0.0039335531182587,0.2854891717433929,0.6217169761657715,0.2000000029802322,1,0.3244799077510834,0.0350000001490116,0.4029659032821655,0.0845479369163513,112727,band_sparse,0.02,0
paviau_85456_band_sparse_0.02000,0.900497317314148,0.6855376958847046,0.1101372092962265,0.6649860739707947,0.9649999737739564,0.2476731538772583,0.2000000029802322,0.0376723259687423,0.3061556220054626,0.618850588798523,0.2000000029802322,5,0.3350138962268829,0.0350000001490116,0.3249072432518005,0.0565236918628215,85456,band_sparse,0.02,0
paviau_100162_band_sparse_0.02000,0.5027828216552734,0.7696086168289185,0.0108584249392151,0.6755636930465698,0.1227326989173889,0.0726447999477386,0.2000000029802322,0.0463423654437065,0.2456554025411605,0.4607819616794586,0.2000000029802322,1,0.3244363069534302,0.41439950466156,0.4324057698249817,0.3191051185131073,100162,band_sparse,0.02,0
paviau_193702_band_sparse_0.02000,0.9920690059661864,0.3839872777462005,0.5496547818183899,0.5803213119506836,0.9649999737739564,0.959999978542328,0.6000000238418579,0.2665895819664001,0.3031023144721985,0.7679746150970459,0.4000000059604645,5,0.4196786880493164,0.0350000001490116,0.0399999991059303,0.0275501105934381,193702,band_sparse,0.02,0
paviau_204744_band_sparse_0.02000,0.9804547429084778,0.3344956338405609,0.6403182744979858,0.6710450053215027,0.9649999737739564,0.959999978542328,0.800000011920929,0.2794157564640045,0.2933721840381622,0.6699458956718445,0.2000000029802322,5,0.3289550244808197,0.0350000001490116,0.0399999991059303,4.420799450599589e-05,204744,band_sparse,0.02,0
paviau_28727_band_sparse_0.02000,0.9855717420578004,0.9947155117988586,0.7001739144325256,0.7271426916122437,0.9649999737739564,0.959999978542328,0.0,0.0021128940861672,0.0163247603923082,0.0093190344050526,0.0,3,0.2728573083877563,0.0350000001490116,0.0399999991059303,0.0,28727,band_sparse,0.02,1
paviau_91528_band_sparse_0.02000,0.8892289400100708,0.0520812571048736,0.3444443345069885,0.4614558815956116,0.9649999737739564,0.597145676612854,1.0,0.4559343159198761,0.5785675048828125,0.6238222122192383,0.4000000059604645,2,0.3561080694198608,0.0350000001490116,0.1672971844673156,0.0562054328620433,91528,band_sparse,0.02,0
paviau_171565_band_sparse_0.02000,0.994551122188568,0.9940847754478456,0.6427122950553894,0.6733422875404358,0.9649999737739564,0.959999978542328,0.0,0.0011806988622993,0.0180390328168869,0.0102919228374958,0.0,1,0.3266576826572418,0.0350000001490116,0.0399999991059303,0.0103898840025067,171565,band_sparse,0.02,1
paviau_202670_band_sparse_0.02000,0.6622458100318909,0.3914476633071899,0.2173046171665191,0.3471181392669678,0.6257474422454834,0.4509125649929046,0.6000000238418579,0.0610603466629982,0.3100394606590271,0.7844545245170593,0.4000000059604645,5,0.3827356100082397,0.1581962257623672,0.2273749858140945,0.0215428546071052,202670,band_sparse,0.02,0
paviau_200839_band_sparse_0.02000,0.9931087493896484,0.516880452632904,0.6351028680801392,0.6660239696502686,0.9649999737739564,0.9170003533363342,0.4000000059604645,0.1915066689252853,0.3152199387550354,0.9662368297576904,0.4000000059604645,5,0.3339760303497314,0.0350000001490116,0.0538595132529735,0.0146181061863899,200839,band_sparse,0.02,0
paviau_199940_band_sparse_0.02000,0.9573774337768556,0.111020989716053,0.5987521409988403,0.6303853392601013,0.9649999737739564,0.959999978542328,1.0,0.432619571685791,0.1621214896440506,0.2229982912540435,0.0,5,0.369614690542221,0.0350000001490116,0.0399999991059303,0.0358566828072071,199940,band_sparse,0.02,0
paviau_74942_band_sparse_0.02000,0.9683098793029784,0.7847394347190857,0.3671646416187286,0.4670639336109161,0.9649999737739564,0.959999978542328,0.2000000029802322,0.0820484459400177,0.2740840017795563,0.4069574475288391,0.2000000029802322,8,0.4169550538063049,0.0350000001490116,0.0399999991059303,0.0764156058430671,74942,band_sparse,0.02,1
paviau_72619_band_sparse_0.02000,0.9049144983291626,0.0861778706312179,0.1326771825551986,0.2397391498088836,0.9649999737739564,0.959999978542328,1.0,0.3974208831787109,0.4237734377384186,0.4070319831371307,0.2000000029802322,6,0.3271181285381317,0.0350000001490116,0.0399999991059303,0.7891255021095276,72619,band_sparse,0.02,0
paviau_207219_band_sparse_0.02000,0.5266145467758179,0.0053886002860963,0.0703815072774887,0.3386243283748626,0.311119794845581,0.192960038781166,1.0,0.3537887632846832,0.3219912648200989,0.7884641289710999,0.4000000059604645,3,0.3109258711338043,0.3012722730636596,0.355311632156372,0.0235621649771928,207219,band_sparse,0.02,0
paviau_205156_band_sparse_0.02000,0.8299401998519897,0.4969007670879364,0.5146725177764893,0.6642664074897766,0.8354417681694031,0.6231110692024231,0.6000000238418579,0.1091223582625389,0.3154762983322143,0.9938046336174012,0.4000000059604645,5,0.335733562707901,0.0794009566307067,0.1572713255882263,0.0061606094241142,205156,band_sparse,0.02,0
paviau_53448_band_sparse_0.02000,0.9532989859580994,0.5633901953697205,0.5908973217010498,0.622530460357666,0.7082242965698242,0.959999978542328,0.4000000059604645,0.1366614997386932,0.3382708430290222,0.8637139797210693,0.4000000059604645,5,0.3774695098400116,0.1260303556919098,0.0399999991059303,0.006240724120289,53448,band_sparse,0.02,0
paviau_136647_band_sparse_0.02000,0.9457552433013916,0.0151488203555345,0.3577847182750702,0.4744731485843658,0.6180327534675598,0.959999978542328,1.0,0.5856566429138184,0.3687958121299743,0.8283321857452393,0.4000000059604645,2,0.3356082439422607,0.1612936854362487,0.0399999991059303,0.3071814477443695,136647,band_sparse,0.02,0
paviau_32331_band_sparse_0.02000,0.9897100329399108,0.184642881155014,0.540614664554596,0.5708405375480652,0.9649999737739564,0.959999978542328,1.0,0.4127174317836761,0.2215171605348587,0.3703238368034363,0.0,5,0.4291594922542572,0.0350000001490116,0.0399999991059303,0.0255462825298309,32331,band_sparse,0.02,0
paviau_23827_band_sparse_0.02000,0.9957024455070496,0.7114415764808655,0.6412893533706665,0.6719774007797241,0.9649999737739564,0.959999978542328,0.2000000029802322,0.1038763895630836,0.3170865774154663,0.5567625761032104,0.2000000029802322,5,0.3280225694179535,0.0350000001490116,0.0399999991059303,5.846961244060367e-07,23827,band_sparse,0.02,0
paviau_196751_band_sparse_0.02000,0.9971773624420166,0.6292774677276611,0.6343343257904053,0.665282130241394,0.9649999737739564,0.959999978542328,0.4000000059604645,0.1433817744255066,0.3073983788490295,0.7388968467712402,0.4000000059604645,5,0.3347178697586059,0.0350000001490116,0.0399999991059303,0.0137020591646432,196751,band_sparse,0.02,0
paviau_74661_band_sparse_0.02000,0.6591565608978271,0.9406010508537292,0.547846257686615,0.6697365641593933,0.9649999737739564,0.6483457684516907,0.0,0.1062994226813316,0.1333178579807281,0.0911448970437049,0.0,0,0.3302634358406067,0.0350000001490116,0.1476888656616211,0.0140825398266315,74661,band_sparse,0.02,1
paviau_177295_band_sparse_0.02000,0.9797184467315674,0.8337785601615906,0.6616478562355042,0.6913509964942932,0.9649999737739564,0.959999978542328,0.0,0.0385759025812149,0.2060947269201278,0.3320128321647644,0.0,3,0.3086490035057068,0.0350000001490116,0.0399999991059303,0.0049129710532724,177295,band_sparse,0.02,1
paviau_59637_band_sparse_0.02000,0.9389594197273254,0.0189492274075746,0.0586039051413536,0.12357909232378,0.4505113065242767,0.959999978542328,1.0,0.5596790909767151,0.3517386317253113,0.5156705975532532,0.2000000029802322,4,0.3549937903881073,0.2330463081598281,0.0399999991059303,0.7605671286582947,59637,band_sparse,0.02,0
paviau_85840_band_sparse_0.02000,0.9461654424667358,0.9957149624824524,0.330545425415039,0.6848400831222534,0.4686915278434753,0.7728577852249146,0.0,0.0177240557968616,0.0152557147666811,0.0055350521579384,0.0,4,0.3151599168777466,0.2247916460037231,0.1024962961673736,0.0530109331011772,85840,band_sparse,0.02,1
paviau_204686_band_sparse_0.02000,0.5841624140739441,0.9524059295654296,0.070542998611927,0.6786007285118103,0.1884059011936187,0.2139576822519302,0.0,0.1082221567630767,0.0894326865673065,0.0941143110394477,0.0,1,0.3213992714881897,0.3711826801300049,0.3433708846569061,0.2669666707515716,204686,band_sparse,0.02,1
paviau_115458_band_sparse_0.02000,0.7294445037841797,0.2647627294063568,0.6039363145828247,0.674582839012146,0.9649999737739564,0.690048336982727,0.800000011920929,0.1197590455412864,0.2832787930965423,0.5365533828735352,0.2000000029802322,5,0.3254171907901764,0.0350000001490116,0.132181316614151,0.0154038555920124,115458,band_sparse,0.02,1
paviau_122891_band_sparse_0.02000,0.997993230819702,0.3729023337364197,0.4592284560203552,0.5366793274879456,0.8502645492553711,0.959999978542328,0.6000000238418579,0.2898634970188141,0.5781082510948181,0.9284762144088744,0.800000011920929,7,0.3913423120975494,0.0741748735308647,0.0399999991059303,0.1419559717178344,122891,band_sparse,0.02,0
paviau_169715_band_sparse_0.02000,0.6572350859642029,0.257245272397995,0.3131883144378662,0.6662918329238892,0.9516931176185608,0.4575007259845733,0.800000011920929,0.0942213982343673,0.2658511102199554,0.5165099501609802,0.2000000029802322,5,0.3337081372737884,0.0394338890910148,0.22451913356781,0.082098864018917,169715,band_sparse,0.02,0
paviau_178398_band_sparse_0.02000,0.9986181259155272,0.6018319129943848,0.5567927360534668,0.5877472162246704,0.9649999737739564,0.959999978542328,0.4000000059604645,0.1617988049983978,0.3238227069377899,0.7887577414512634,0.4000000059604645,5,0.4122527837753296,0.0350000001490116,0.0399999991059303,0.0,178398,band_sparse,0.02,0
paviau_123777_band_sparse_0.02000,0.9762941002845764,0.3735040724277496,0.6539904475212097,0.6841027140617371,0.9649999737739564,0.959999978542328,0.6000000238418579,0.2724111676216125,0.3864063322544098,0.7905271053314209,0.6000000238418579,7,0.3158972859382629,0.0350000001490116,0.0399999991059303,0.0616181083023548,123777,band_sparse,0.02,0
paviau_206298_band_sparse_0.02000,0.9126577377319336,0.4594301581382751,0.2163186967372894,0.6649812459945679,0.9649999737739564,0.366176426410675,0.6000000238418579,0.1469399183988571,0.3140408396720886,0.9188745021820068,0.4000000059604645,5,0.3350187838077545,0.0350000001490116,0.2656208276748657,0.0416641347110271,206298,band_sparse,0.02,0
paviau_124595_band_sparse_0.02000,0.9428750276565552,0.3479070961475372,0.3007489740848541,0.5449082851409912,0.9649999737739564,0.4463430345058441,0.6000000238418579,0.2394678890705108,0.5253407955169678,0.9428625702857972,0.6000000238418579,7,0.3269290626049042,0.0350000001490116,0.2293650805950164,0.0995012670755386,124595,band_sparse,0.02,0
paviau_203790_band_sparse_0.02000,0.9906376004219056,0.7093427181243896,0.5691649317741394,0.6004965305328369,0.9649999737739564,0.959999978542328,0.2000000029802322,0.1023665145039558,0.307534784078598,0.5674826502799988,0.2000000029802322,5,0.3995034992694855,0.0350000001490116,0.0399999991059303,0.0004379059246275,203790,band_sparse,0.02,0
paviau_199403_band_sparse_0.02000,0.9670985341072084,0.4380467236042022,0.6480116248130798,0.6784111261367798,0.9649999737739564,0.959999978542328,0.6000000238418579,0.1989364027976989,0.4253892302513122,0.9647557139396667,0.4000000059604645,1,0.3215888738632202,0.0350000001490116,0.0399999991059303,0.0149622838944196,199403,band_sparse,0.02,1
paviau_102544_band_sparse_0.02000,0.9944527745246888,0.6835021376609802,0.6526779532432556,0.6828557252883911,0.9649999737739564,0.959999978542328,0.2000000029802322,0.1129226684570312,0.2935565710067749,0.6297906041145325,0.2000000029802322,1,0.3171442449092865,0.0350000001490116,0.0399999991059303,0.0,102544,band_sparse,0.02,0
paviau_82394_band_sparse_0.02000,0.9974437952041626,0.57884281873703,0.363106220960617,0.4792141616344452,0.9649999737739564,0.959999978542328,0.0,0.1683376282453537,0.4997399747371673,0.616969108581543,0.0,5,0.3313290774822235,0.0350000001490116,0.0399999991059303,0.5641186833381653,82394,band_sparse,0.02,0
paviau_46408_band_sparse_0.02000,0.9051105380058287,0.9263259768486024,0.6292940378189087,0.6604050397872925,0.9649999737739564,0.9377272129058838,0.0,0.0360285863280296,0.1550798416137695,0.1137015894055366,0.0,0,0.3395949602127075,0.0350000001490116,0.0471445322036743,0.0318214185535907,46408,band_sparse,0.02,1
paviau_136055_band_sparse_0.02000,0.99691641330719,0.2053663581609726,0.3749675452709198,0.4902434647083282,0.9649999737739564,0.959999978542328,0.800000011920929,0.4109856486320495,0.4138930439949035,0.5326589345932007,0.800000011920929,7,0.3159393668174743,0.0350000001490116,0.0399999991059303,0.3375651836395263,136055,band_sparse,0.02,0
paviau_116838_fgsm_0.00500,0.9993308782577516,0.8335108757019043,0.6709810495376587,0.7001239657402039,0.9649999737739564,0.959999978542328,0.0,0.0603041052818298,0.2049322128295898,0.3329778909683227,0.0,1,0.2998760342597961,0.0350000001490116,0.0399999991059303,0.0,116838,fgsm,0.005,0
paviau_96051_fgsm_0.00500,0.4733272790908813,0.5974855422973633,0.0832014977931976,0.6708898544311523,0.2873681187629699,0.211647093296051,0.4000000059604645,0.253638356924057,0.3689140677452087,0.7695497274398804,0.4000000059604645,5,0.3291101455688476,0.3139428496360779,0.3446674048900604,0.3222741484642029,96051,fgsm,0.005,1
paviau_205749_fgsm_0.00500,0.8124497532844543,0.0406063646078109,0.2447531968355178,0.6808348298072815,0.9649999737739564,0.3941527605056762,1.0,0.3583177924156189,0.0773549824953079,0.0812202617526054,0.0,5,0.3191651403903961,0.0350000001490116,0.2526650130748749,0.0256475377827882,205749,fgsm,0.005,0
paviau_118170_fgsm_0.00500,0.8260855674743652,0.9432079792022704,0.4945093989372253,0.6748270988464355,0.6052088737487793,0.7784069776535034,0.0,0.06924869120121,0.1227183043956756,0.0978710576891899,0.0,5,0.325172871351242,0.1664784252643585,0.1005559489130973,0.0111717134714126,118170,fgsm,0.005,1
paviau_106969_fgsm_0.00500,0.998910427093506,0.3329529464244842,0.6718661785125732,0.7009524703025818,0.9649999737739564,0.8835921287536621,0.800000011920929,0.3153722584247589,0.2942636907100677,0.6672775745391846,0.800000011920929,1,0.2990475296974182,0.0350000001490116,0.0648224875330925,0.0,106969,fgsm,0.005,0
paviau_35082_fgsm_0.00500,0.9990548491477966,0.969281792640686,0.6589831113815308,0.6888338327407837,0.9649999737739564,0.959999978542328,0.0,0.0107014179229736,0.0624865628778934,0.0614299401640892,0.0,1,0.3111661672592163,0.0350000001490116,0.0399999991059303,0.0,35082,fgsm,0.005,1
paviau_99495_fgsm_0.00500,0.9915534853935242,0.8937397003173828,0.6630638241767883,0.6926863789558411,0.9649999737739564,0.959999978542328,0.0,0.0350173115730285,0.1671329885721206,0.2064190804958343,0.0,1,0.3073136508464813,0.0350000001490116,0.0399999991059303,0.0,99495,fgsm,0.005,0
paviau_199778_fgsm_0.00500,0.927917182445526,0.0679026246070861,0.4179086685180664,0.7145078182220459,0.914160132408142,0.5466146469116211,1.0,0.4677655100822449,0.1163349449634552,0.1367464661598205,0.0,5,0.2854921817779541,0.0520901083946228,0.1873248219490051,0.0009234360768459,199778,fgsm,0.005,0
paviau_57260_fgsm_0.00500,0.992388129234314,0.9996223449707032,0.687603771686554,0.7155855894088745,0.9649999737739564,0.959999978542328,0.0,0.00266032689251,0.0016326353652402,0.0006406286847777,0.0,4,0.2844144105911255,0.0350000001490116,0.0399999991059303,0.0,57260,fgsm,0.005,1
paviau_72279_fgsm_0.00500,0.7204475402832031,0.0174546875059604,0.0990593433380127,0.204616367816925,0.9649999737739564,0.6238721013069153,1.0,0.347320944070816,0.2736304402351379,0.3768442273139953,0.2000000029802322,6,0.3826526999473572,0.0350000001490116,0.1569800525903701,0.6895793676376343,72279,fgsm,0.005,0
paviau_14418_fgsm_0.00500,0.9969720840454102,0.7697661519050598,0.8157646059989929,0.8285012245178223,0.9649999737739564,0.959999978542328,0.2000000029802322,0.0817277878522872,0.3563278317451477,0.3374917209148407,0.800000011920929,3,0.1714987903833389,0.0350000001490116,0.0399999991059303,0.0,14418,fgsm,0.005,1
paviau_204391_fgsm_0.00500,0.8190391659736633,0.0874150395393371,0.7279233932495117,0.7522615790367126,0.9649999737739564,0.959999978542328,1.0,0.3059058487415313,0.1372036635875702,0.1754004806280136,0.0,5,0.2477383911609649,0.0350000001490116,0.0399999991059303,0.0,204391,fgsm,0.005,0
paviau_180064_fgsm_0.00500,0.9534138441085817,0.9751076698303224,0.6740207076072693,0.7029668092727661,0.9649999737739564,0.9466400146484376,0.0,0.0026292793918401,0.0530275739729404,0.0497846864163875,0.0,1,0.2970331907272339,0.0350000001490116,0.0442767888307571,0.0001690320932539,180064,fgsm,0.005,1
paviau_151880_fgsm_0.00500,0.9883400201797484,0.368130087852478,0.5064522624015808,0.5905982851982117,0.9649999737739564,0.959999978542328,0.6000000238418579,0.2754413187503814,0.4648100435733795,0.8313927054405212,0.4000000059604645,7,0.308144211769104,0.0350000001490116,0.0399999991059303,0.0277079585939645,151880,fgsm,0.005,0
paviau_45942_fgsm_0.00500,0.7776277661323547,0.1011790037155151,0.1802596598863601,0.3094731569290161,0.7748759388923645,0.6945627927780151,1.0,0.2969135344028473,0.5279536843299866,0.6465668082237244,0.4000000059604645,6,0.4002796709537506,0.1011870428919792,0.1305260360240936,0.4302020370960235,45942,fgsm,0.005,0
paviau_113093_fgsm_0.00500,0.9425514340400696,0.5299808382987976,0.7171873450279236,0.7426063418388367,0.9649999737739564,0.8656368851661682,0.6000000238418579,0.1364854723215103,0.31468066573143,0.9400327801704408,0.6000000238418579,1,0.2573936879634857,0.0350000001490116,0.0707881674170494,0.017278391867876,113093,fgsm,0.005,0
paviau_205918_fgsm_0.00500,0.9970158338546752,0.9901107549667358,0.6654462218284607,0.6949294805526733,0.9649999737739564,0.959999978542328,0.0,0.0016641151160001,0.0267649907618761,0.0187431201338768,0.0,1,0.305070549249649,0.0350000001490116,0.0399999991059303,0.0,205918,fgsm,0.005,1
paviau_203096_fgsm_0.00500,0.982738435268402,0.0763435289263725,0.6443414092063904,0.6749029159545898,0.9649999737739564,0.959999978542328,1.0,0.5213289260864258,0.122834138572216,0.1526985466480255,0.0,5,0.3250970542430877,0.0350000001490116,0.0399999991059303,3.5540339013095945e-05,203096,fgsm,0.005,0
paviau_176673_fgsm_0.00500,0.9943218231201172,0.9100161194801332,0.6755627393722534,0.7044062614440918,0.9649999737739564,0.959999978542328,0.0,0.0309947989881038,0.1440611183643341,0.1767027974128723,0.0,1,0.2955937385559082,0.0350000001490116,0.0399999991059303,0.0,176673,fgsm,0.005,1
paviau_109255_fgsm_0.00500,0.8018244504928589,0.2109654396772384,0.007166835013777,0.4709201753139496,0.0567807964980602,0.959999978542328,0.800000011920929,0.2127774208784103,0.4020944535732269,0.5451364517211914,0.2000000029802322,7,0.2785495817661285,0.464138388633728,0.0399999991059303,0.2122888416051864,109255,fgsm,0.005,0
paviau_83762_fgsm_0.00500,0.8040581941604614,0.9046536087989808,0.2991382181644439,0.6852660179138184,0.9226535558700562,0.4448876678943634,0.0,0.0115651525557041,0.1498685330152511,0.1877946406602859,0.0,1,0.3147339820861816,0.0492063090205192,0.2300005406141281,0.0290551539510488,83762,fgsm,0.005,1
paviau_45922_fgsm_0.00500,0.9787919521331788,0.5972398519515991,0.6798257231712341,0.7083764672279358,0.9649999737739564,0.959999978542328,0.4000000059604645,0.1305230557918548,0.3116495609283447,0.804060161113739,0.4000000059604645,5,0.2916235327720642,0.0350000001490116,0.0399999991059303,0.0049050124362111,45922,fgsm,0.005,0
paviau_11960_fgsm_0.00500,0.8798226118087769,0.1839616298675537,0.3781839311122894,0.4914040267467499,0.6266524195671082,0.959999978542328,1.0,0.2933560609817505,0.5158339738845825,0.5894813537597656,0.0,7,0.3306754529476166,0.1578339189291,0.0399999991059303,0.1564954370260238,11960,fgsm,0.005,0
paviau_113721_fgsm_0.00500,0.8733724355697632,0.2583648264408111,0.3554745018482208,0.4915112853050232,0.828908383846283,0.4944417178630829,0.800000011920929,0.2148308604955673,0.4098792374134063,0.5985105633735657,0.2000000029802322,1,0.3025536835193634,0.0817172825336456,0.2087875604629516,0.0142730772495269,113721,fgsm,0.005,0
paviau_7594_fgsm_0.00500,0.4093906283378601,0.6673645973205566,0.1188246458768844,0.6712819933891296,0.5957133769989014,0.258570909500122,0.4000000059604645,0.1155825927853584,0.4300401210784912,0.538037896156311,0.4000000059604645,0,0.3287180066108703,0.1703469902276992,0.3191104531288147,0.0180617999285459,7594,fgsm,0.005,1
paviau_147347_fgsm_0.00500,0.6890662312507629,0.1133053600788116,0.6764662861824036,0.7052489519119263,0.9649999737739564,0.8101338148117065,1.0,0.2345113605260849,0.6190700531005859,0.7993024587631226,0.4000000059604645,2,0.2947510480880737,0.0350000001490116,0.0895724967122078,0.0056307911872863,147347,fgsm,0.005,0
paviau_198629_fgsm_0.00500,0.997606873512268,0.0214469190686941,0.2608058154582977,0.3878848552703857,0.9649999737739564,0.959999978542328,1.0,0.6354511380195618,0.3428946137428283,0.5902091860771179,0.4000000059604645,6,0.3182012736797333,0.0350000001490116,0.0399999991059303,0.6677222847938538,198629,fgsm,0.005,0
paviau_29280_fgsm_0.00500,0.695366382598877,0.2081412076950073,0.5793887972831726,0.6790412664413452,0.9649999737739564,0.6719382405281067,1.0,0.1300987303256988,0.232797086238861,0.4162839651107788,0.0,5,0.3209587037563324,0.0350000001490116,0.1388670057058334,0.0019827776122838,29280,fgsm,0.005,0
paviau_206649_fgsm_0.00500,0.671251654624939,0.1551796793937683,0.2004167288541793,0.4912484288215637,0.9649999737739564,0.3499996364116668,0.800000011920929,0.1465808600187301,0.1964254528284073,0.310359388589859,0.2000000029802322,5,0.3145370781421661,0.0350000001490116,0.2732746005058288,0.0217779725790023,206649,fgsm,0.005,0
paviau_163684_fgsm_0.00500,0.7346977591514587,0.0585147552192211,0.4140861928462982,0.5253275036811829,0.9649999737739564,0.7025549411773682,1.0,0.3140120506286621,0.5456196665763855,0.7068596482276917,0.4000000059604645,2,0.2669848799705505,0.0350000001490116,0.1276065111160278,0.0167117472738027,163684,fgsm,0.005,0
paviau_205938_fgsm_0.00500,0.8045613765716553,0.3743945956230163,0.3002110719680786,0.6909297108650208,0.5491417050361633,0.445857286453247,0.800000011920929,0.1026305854320526,0.3267923891544342,0.7601460814476013,0.2000000029802322,1,0.3090702891349792,0.1897022575139999,0.2295770794153213,0.0289414897561073,205938,fgsm,0.005,1
paviau_69037_fgsm_0.00500,0.7629105448722839,0.133212074637413,0.3509052693843841,0.6899831295013428,0.4865656793117523,0.959999978542328,0.800000011920929,0.280338853597641,0.5486192107200623,0.9268310070037842,0.6000000238418579,2,0.3100168406963348,0.2167988121509552,0.0399999991059303,0.013222774490714,69037,fgsm,0.005,0
paviau_111019_fgsm_0.00500,0.7530748844146729,0.6923202276229858,0.2081018090248108,0.7289198637008667,0.8258689045906067,0.3578691184520721,0.2000000029802322,0.0030578556470572,0.28091561794281,0.615359365940094,0.2000000029802322,1,0.2710801064968109,0.0827976018190383,0.2695358991622925,0.038962036371231,111019,fgsm,0.005,0
paviau_117432_fgsm_0.00500,0.9974857568740844,0.7001094222068787,0.6396700143814087,0.6704220771789551,0.9649999737739564,0.959999978542328,0.2000000029802322,0.1112714707851409,0.3111196756362915,0.5843893885612488,0.800000011920929,0,0.3295779526233673,0.0350000001490116,0.0399999991059303,0.018592620268464,117432,fgsm,0.005,0
paviau_171408_fgsm_0.00500,0.8324152231216431,0.0915414467453956,0.5320419073104858,0.7358845472335815,0.6774004101753235,0.6363798975944519,1.0,0.354118287563324,0.1811610907316208,0.1977071762084961,0.0,5,0.2641154527664184,0.1378561854362487,0.1522133946418762,0.0109016662463545,171408,fgsm,0.005,0
paviau_99864_fgsm_0.00500,0.8704701662063599,0.0324764139950275,0.3381434977054596,0.4596582353115082,0.9649999737739564,0.959999978542328,1.0,0.4944148361682892,0.1646113246679306,0.1218976825475692,0.0,7,0.3002315461635589,0.0350000001490116,0.0399999991059303,0.458049476146698,99864,fgsm,0.005,0
paviau_134332_fgsm_0.00500,0.9948744177818298,0.9992268681526184,0.5540106296539307,0.8218813538551331,0.9649999737739564,0.6529861092567444,0.0,0.0018766123102977,0.002874068217352,0.0015461556613445,0.0,8,0.0856440886855125,0.0350000001490116,0.1459434628486633,0.0,134332,fgsm,0.005,1
paviau_199803_fgsm_0.00500,0.8436489105224609,0.346863180398941,0.2116532325744629,0.6695871949195862,0.9649999737739564,0.3614728450775146,0.6000000238418579,0.137907400727272,0.2937726378440857,0.6937263607978821,0.4000000059604645,5,0.3304128348827362,0.0350000001490116,0.2678335905075073,0.0244823023676872,199803,fgsm,0.005,0
paviau_120229_fgsm_0.00500,0.998920202255249,0.5359718203544617,0.6924790740013123,0.7200815677642822,0.9649999737739564,0.959999978542328,0.6000000238418579,0.1936663538217544,0.3142932653427124,0.9280553460121156,0.6000000238418579,1,0.2799184620380401,0.0350000001490116,0.0399999991059303,0.0045862388797104,120229,fgsm,0.005,0
paviau_56184_fgsm_0.00500,0.901516854763031,0.5523335933685303,0.5584986805915833,0.7045861482620239,0.7492343187332153,0.6563553810119629,0.4000000059604645,0.1063039600849151,0.3137736320495605,0.8951526880264282,0.4000000059604645,1,0.2954138815402984,0.1106316149234771,0.1446793228387832,0.0106230732053518,56184,fgsm,0.005,1
paviau_109014_fgsm_0.00500,0.618598461151123,0.6519399881362915,0.1961123496294021,0.6969184875488281,0.8116143941879272,0.3455476462841034,0.0,0.06088762357831,0.3739449083805084,0.6329252123832703,0.0,5,0.3030815124511719,0.0878873020410537,0.2754029035568237,0.0241835713386535,109014,fgsm,0.005,1
paviau_189772_fgsm_0.00500,0.39628466963768,0.1573862731456756,0.1639272272586822,0.6882838606834412,0.9649999737739564,0.3111260831356048,1.0,0.1360493451356887,0.2115616649389267,0.31895911693573,0.0,2,0.3117161393165588,0.0350000001490116,0.2921957075595855,0.0115680107846856,189772,fgsm,0.005,0
paviau_111631_fgsm_0.00500,0.6805942058563232,0.0764385014772415,0.1464079171419143,0.520355761051178,0.2862010896205902,0.843349039554596,1.0,0.4255765676498413,0.435685396194458,0.567831814289093,0.2000000029802322,7,0.2739221751689911,0.3145747482776642,0.0782676190137863,0.0357969030737876,111631,fgsm,0.005,0
paviau_151638_fgsm_0.00500,0.9107394814491272,0.1731894761323928,0.4376316368579864,0.5376076698303223,0.9649999737739564,0.959999978542328,0.800000011920929,0.4214483797550201,0.5925096273422241,0.938788652420044,0.6000000238418579,0,0.3261960446834564,0.0350000001490116,0.0399999991059303,0.0097718844190239,151638,fgsm,0.005,1
paviau_52095_fgsm_0.00500,0.9868322610855104,0.7585523128509521,0.6155990958213806,0.7006425261497498,0.6978283524513245,0.959999978542328,0.0,0.0775014534592628,0.3765663206577301,0.3582572340965271,0.0,1,0.2993574738502502,0.1299939304590225,0.0399999991059303,0.0035450861323624,52095,fgsm,0.005,1
paviau_189574_fgsm_0.00500,0.996569275856018,0.0373029857873916,0.643343985080719,0.6739476919174194,0.9649999737739564,0.959999978542328,1.0,0.6046540141105652,0.0794340670108795,0.0767536014318466,0.0,5,0.3260523080825805,0.0350000001490116,0.0399999991059303,0.1024321541190147,189574,fgsm,0.005,0
paviau_199469_fgsm_0.00500,0.5478009581565857,0.8564432263374329,0.0792753398418426,0.7077949643135071,0.279411256313324,0.2060495913028717,0.0,0.059517566114664,0.1872229427099228,0.2871134281158447,0.0,1,0.2922050058841705,0.3182692527770996,0.347825825214386,0.264253556728363,199469,fgsm,0.005,1
paviau_68198_fgsm_0.00500,0.957253396511078,0.0358330309391021,0.4877119362354278,0.5756174921989441,0.9649999737739564,0.959999978542328,1.0,0.5305587649345398,0.1792849153280258,0.1238269507884979,0.0,6,0.3166664242744446,0.0350000001490116,0.0399999991059303,0.123960442841053,68198,fgsm,0.005,0
paviau_204162_fgsm_0.00500,0.9950119256973268,0.9847808480262756,0.6540330052375793,0.6841431260108948,0.9649999737739564,0.959999978542328,0.0,0.0051292995922267,0.0405248142778873,0.0243498478084802,0.0,1,0.3158568739891052,0.0350000001490116,0.0399999991059303,0.0,204162,fgsm,0.005,1
paviau_17711_fgsm_0.00500,0.684810221195221,0.422577828168869,0.2097376435995102,0.3395346105098724,0.4417485296726227,0.911029577255249,0.6000000238418579,0.0664611607789993,0.4902373850345611,0.9800258874893188,0.4000000059604645,7,0.3827080428600311,0.2370717674493789,0.0558060370385646,0.336575299501419,17711,fgsm,0.005,0
paviau_112210_fgsm_0.00500,0.4302782416343689,0.016116889193654,0.0632094517350196,0.4892473816871643,0.1772409230470657,0.2228717505931854,1.0,0.2447852790355682,0.373855710029602,0.9321832656860352,0.6000000238418579,0,0.3173286914825439,0.3781823217868805,0.3384077250957489,0.0112599330022931,112210,fgsm,0.005,0
paviau_124595_fgsm_0.00500,0.3635933995246887,0.013525758869946,0.0863480195403099,0.4641801416873932,0.4173480868339538,0.2160607725381851,1.0,0.2812355160713196,0.3087233006954193,0.5526016354560852,0.4000000059604645,7,0.2778403162956238,0.2484485954046249,0.3421944081783294,0.0055354796350002,124595,fgsm,0.005,0
paviau_32448_fgsm_0.00500,0.9395011067390442,0.6927599906921387,0.2655188143253326,0.392276793718338,0.9649999737739564,0.959999978542328,0.2000000029802322,0.0750389844179153,0.4410887062549591,0.4410849809646606,0.800000011920929,0,0.3139135539531708,0.0350000001490116,0.0399999991059303,0.4291282892227173,32448,fgsm,0.005,1
paviau_97675_fgsm_0.00500,0.5485666990280151,0.0764107182621955,0.1914442181587219,0.4892618656158447,0.4830278158187866,0.3406819403171539,1.0,0.2033016234636306,0.5292832255363464,0.5795685648918152,0.4000000059604645,0,0.3173090517520904,0.2183714509010315,0.2777400314807892,0.0125844897702336,97675,fgsm,0.005,0
paviau_73885_fgsm_0.00500,0.9431344270706176,0.3752690255641937,0.2021719962358474,0.4276757538318634,0.3467316031455993,0.8328548073768616,0.6000000238418579,0.2421197891235351,0.3255907595157623,0.759148895740509,0.4000000059604645,1,0.3017651438713074,0.2829081416130066,0.0818185210227966,0.1345754563808441,73885,fgsm,0.005,1
paviau_146314_fgsm_0.00500,0.994451344013214,0.9296446442604064,0.6850603222846985,0.7132330536842346,0.9649999737739564,0.959999978542328,0.0,0.0216084569692611,0.1158545315265655,0.1407106816768646,0.0,3,0.2867669463157654,0.0350000001490116,0.0399999991059303,0.0,146314,fgsm,0.005,1
paviau_57926_fgsm_0.00500,0.9971074461936952,1.0,0.6406412124633789,0.671355128288269,0.9649999737739564,0.959999978542328,0.0,0.0010031545534729,6.706890758323425e-07,9.99999993922529e-09,0.0,4,0.3286448419094085,0.0350000001490116,0.0399999991059303,0.0171593222767114,57926,fgsm,0.005,1
paviau_148260_fgsm_0.00500,0.9852756261825562,0.9994628429412842,0.5399653911590576,0.6113746762275696,0.9649999737739564,0.6848773956298828,0.0,0.0044672959484159,0.0021827286109328,0.0010012295097112,0.0,8,0.0354219675064086,0.0350000001490116,0.1340828090906143,0.0057897926308214,148260,fgsm,0.005,1
paviau_106685_fgsm_0.00500,0.9966901540756226,0.9978548884391784,0.7096567749977112,0.7357866764068604,0.9649999737739564,0.959999978542328,0.0,0.0003541708865668,0.0069751143455505,0.0042901830747723,0.0,3,0.2642133235931396,0.0350000001490116,0.0399999991059303,0.0,106685,fgsm,0.005,1
paviau_99790_fgsm_0.00500,0.9436981081962584,0.810085654258728,0.4902455508708954,0.6784365177154541,0.6903324723243713,0.6042298674583435,0.0,0.069032683968544,0.2502500414848327,0.365809679031372,0.0,5,0.3215634524822235,0.1328674405813217,0.1645446270704269,0.0081070465967059,99790,fgsm,0.005,1
paviau_114595_fgsm_0.00500,0.6736080050468445,0.3416058123111725,0.6402493715286255,0.670978844165802,0.9649999737739564,0.8542224168777466,0.800000011920929,0.2932330965995788,0.3187655806541443,0.6934812664985657,0.2000000029802322,7,0.329021155834198,0.0350000001490116,0.0746082663536071,0.0006583306821994,114595,fgsm,0.005,0
paviau_206298_fgsm_0.00500,0.5397639870643616,0.2056380957365036,0.1773719489574432,0.6781482100486755,0.8122945427894592,0.325763463973999,0.800000011920929,0.0740280821919441,0.2316360920667648,0.4113573133945465,0.2000000029802322,5,0.3218518197536468,0.0876435786485672,0.2849798202514648,0.0114795807749032,206298,fgsm,0.005,0
paviau_193980_fgsm_0.00500,0.999086618423462,0.9944320321083068,0.6630264520645142,0.6926510334014893,0.9649999737739564,0.959999978542328,0.0,0.001681848661974,0.0173398405313491,0.0091209523379802,0.0,1,0.3073489964008331,0.0350000001490116,0.0399999991059303,0.0,193980,fgsm,0.005,1
paviau_51857_fgsm_0.00500,0.7277790307998657,0.0788510367274284,0.2823759019374847,0.4090215563774109,0.8532862663269043,0.7768126130104065,1.0,0.348480224609375,0.6119548082351685,0.9403048157691956,0.4000000059604645,0,0.3254872858524322,0.0731143951416015,0.1011128351092338,0.1163625493645668,51857,fgsm,0.005,1
paviau_93051_fgsm_0.00500,0.5713674426078796,0.5650331377983093,0.2161766737699508,0.4965311586856842,0.8313138484954834,0.3660337328910827,0.4000000059604645,0.0922983661293983,0.4304914474487304,0.7894269824028015,0.4000000059604645,0,0.307165265083313,0.0808635503053665,0.2656877934932709,0.0153799960389733,93051,fgsm,0.005,1
paviau_206974_fgsm_0.00500,0.9933109283447266,0.9833208918571472,0.70673006772995,0.7331256866455078,0.9649999737739564,0.959999978542328,0.0,0.005974352825433,0.0386055745184421,0.03335752338171,0.0,1,0.2668743133544922,0.0350000001490116,0.0399999991059303,0.0,206974,fgsm,0.005,1
paviau_112118_fgsm_0.00500,0.4305272400379181,0.8028982877731323,0.1272500902414322,0.6772076487541199,0.6266395449638367,0.2688666880130768,0.0,0.1467565298080444,0.2971949875354767,0.3044533133506775,0.0,0,0.3227923810482025,0.1578390747308731,0.3137054145336151,0.0156913436949253,112118,fgsm,0.005,1
paviau_184069_fgsm_0.00500,0.9985116124153136,0.9203127026557922,0.656596839427948,0.6865749955177307,0.9649999737739564,0.959999978542328,0.0,0.0281333643943071,0.1344151049852371,0.1548637896776199,0.0,1,0.3134250044822693,0.0350000001490116,0.0399999991059303,0.0001036262983689,184069,fgsm,0.005,1
paviau_57596_fgsm_0.00500,0.9961681962013244,0.9997109174728394,0.6730011105537415,0.7020140290260315,0.9649999737739564,0.959999978542328,0.0,0.0013859468745067,0.0012041687732562,0.0005781218060292,0.0,4,0.2979859411716461,0.0350000001490116,0.0399999991059303,3.3955573599087074e-05,57596,fgsm,0.005,1
paviau_191104_fgsm_0.00500,0.9305105209350586,0.1275057196617126,0.2899650037288666,0.4139914810657501,0.9649999737739564,0.959999978542328,0.800000011920929,0.3862692713737488,0.4638780355453491,0.6092756986618042,0.4000000059604645,6,0.2825243473052978,0.0350000001490116,0.0399999991059303,0.6188164353370667,191104,fgsm,0.005,0
paviau_204937_fgsm_0.00500,0.7205948233604431,0.99055677652359,0.1720316410064697,0.6920741200447083,0.3311564326286316,0.3199968636035919,0.0,0.0901247560977935,0.0243168473243713,0.0188862923532724,0.0,1,0.3079258799552917,0.290850967168808,0.2878090143203735,0.1521730870008468,204937,fgsm,0.005,1
paviau_111043_fgsm_0.00500,0.882721483707428,0.0980682224035263,0.0907714292407035,0.7196928262710571,0.9649999737739564,0.2221639901399612,1.0,0.3553948998451233,0.1544729024171829,0.1985687762498855,0.0,1,0.2780274748802185,0.0350000001490116,0.3387995660305023,0.0908028930425643,111043,fgsm,0.005,0
paviau_191667_fgsm_0.00500,0.5921002626419067,0.8978274464607239,0.0936783477663993,0.6676238775253296,0.4710542559623718,0.2261139154434204,0.0,0.0650384202599525,0.1503995209932327,0.2042746096849441,0.0,1,0.3323761224746704,0.2237282395362854,0.33661749958992,0.089565061032772,191667,fgsm,0.005,1
paviau_196055_fgsm_0.00500,0.9977757334709167,0.1874610185623169,0.6754079461097717,0.7042618989944458,0.9649999737739564,0.959999978542328,1.0,0.4314906299114227,0.2196084111928939,0.374922513961792,0.0,5,0.2957381308078766,0.0350000001490116,0.0399999991059303,0.0,196055,fgsm,0.005,0
paviau_124285_fgsm_0.00500,0.960890531539917,0.7253932952880859,0.6773213148117065,0.7060456871986389,0.9649999737739564,0.8173961043357849,0.2000000029802322,0.0664423555135726,0.2892092168331146,0.5398569107055664,0.2000000029802322,1,0.2939543426036834,0.0350000001490116,0.0870841592550277,0.0022009252570569,124285,fgsm,0.005,0
paviau_122264_fgsm_0.00500,0.9949818253517152,0.514299213886261,0.7046321630477905,0.7312144637107849,0.9649999737739564,0.959999978542328,0.6000000238418579,0.1960545033216476,0.3304891586303711,0.9658869504928588,0.6000000238418579,1,0.2687855064868927,0.0350000001490116,0.0399999991059303,0.002529993886128,122264,fgsm,0.005,0
paviau_166700_fgsm_0.00500,0.8056788444519043,0.1699785739183426,0.4871057868003845,0.6857455968856812,0.9649999737739564,0.6017833948135376,1.0,0.2250311821699142,0.5115077495574951,0.9845701456069946,0.4000000059604645,2,0.3142544031143188,0.0350000001490116,0.1654937267303466,0.0,166700,fgsm,0.005,0
paviau_176811_fgsm_0.00500,0.969350039958954,0.5438307523727417,0.6467130184173584,0.6771711111068726,0.8838773369789124,0.959999978542328,0.4000000059604645,0.1479912251234054,0.3566291630268097,0.8917115926742554,0.4000000059604645,1,0.3228289186954498,0.0624695159494876,0.0399999991059303,0.0002956844109576,176811,fgsm,0.005,1
paviau_68103_fgsm_0.00500,0.9600480198860168,0.3459230363368988,0.6673892140388489,0.6967557072639465,0.9649999737739564,0.959999978542328,0.6000000238418579,0.2434226274490356,0.4174400568008423,0.7567994594573975,0.4000000059604645,1,0.3032442927360534,0.0350000001490116,0.0399999991059303,0.0,68103,fgsm,0.005,1
paviau_51469_fgsm_0.00500,0.9946495890617372,0.9997061491012572,0.6856849789619446,0.7138112783432007,0.9649999737739564,0.959999978542328,0.0,0.0019086317624896,0.0012219472555443,0.0005877193179912,0.0,4,0.2861887514591217,0.0350000001490116,0.0399999991059303,0.0,51469,fgsm,0.005,1
paviau_168451_fgsm_0.01000,0.9492209553718568,0.0907688438892364,0.6167657375335693,0.6481892466545105,0.9649999737739564,0.7958675622940063,1.0,0.4813437163829803,0.5215116739273071,0.5261943936347961,0.2000000029802322,2,0.3518107831478119,0.0350000001490116,0.0944883599877357,0.2893624007701874,168451,fgsm,0.01,0
paviau_193516_fgsm_0.01000,0.8314316868782043,0.9588998556137084,0.3624884784221649,0.6525433659553528,0.5771291255950928,0.500434398651123,0.0,0.0235680658370256,0.0780193731188774,0.08220025151968,0.0,3,0.3474566638469696,0.1779931187629699,0.2062788605690002,0.0243096426129341,193516,fgsm,0.01,1
paviau_200603_fgsm_0.01000,0.9956511855125428,0.1026297286152839,0.5655977725982666,0.5968362092971802,0.9649999737739564,0.959999978542328,1.0,0.5205437541007996,0.15109184384346,0.20537069439888,0.0,5,0.4031638205051422,0.0350000001490116,0.0399999991059303,0.0878769606351852,200603,fgsm,0.01,0
paviau_60741_fgsm_0.01000,0.6825637221336365,0.5735166072845459,0.1381001770496368,0.4477352797985077,0.517383337020874,0.2817713022232055,0.6000000238418579,0.0109578492119908,0.3167580366134643,0.8507897257804871,0.4000000059604645,1,0.3915584683418274,0.2032886296510696,0.3070250153541565,0.0531224198639392,60741,fgsm,0.01,0
paviau_34404_fgsm_0.01000,0.9891557097434998,0.6832160353660583,0.6297389268875122,0.6608363389968872,0.9649999737739564,0.959999978542328,0.2000000029802322,0.1193020418286323,0.3588847815990448,0.5895125269889832,0.2000000029802322,1,0.3391636610031128,0.0350000001490116,0.0399999991059303,0.0244264136999845,34404,fgsm,0.01,1
paviau_125936_fgsm_0.01000,0.9986807703971864,0.7369297742843628,0.592767596244812,0.6244058609008789,0.9649999737739564,0.959999978542328,0.2000000029802322,0.0984602868556976,0.2810738086700439,0.5180159211158752,0.2000000029802322,0,0.3755941689014435,0.0350000001490116,0.0399999991059303,0.096828669309616,125936,fgsm,0.01,0
paviau_183166_fgsm_0.01000,0.9975009560585022,0.5668537020683289,0.6293914318084717,0.6604994535446167,0.9649999737739564,0.959999978542328,0.4000000059604645,0.1805190593004226,0.3114526867866516,0.8662807941436768,0.6000000238418579,5,0.3395005762577057,0.0350000001490116,0.0399999991059303,0.0204446595162153,183166,fgsm,0.01,0
paviau_36113_fgsm_0.01000,0.928530752658844,0.7787315845489502,0.5351535677909851,0.6084796786308289,0.6369216442108154,0.7690257430076599,0.2000000029802322,0.091521717607975,0.3351866602897644,0.3635808825492859,0.2000000029802322,1,0.3773865401744842,0.1537379324436187,0.1038396582007408,0.0142638906836509,36113,fgsm,0.01,1
paviau_114759_fgsm_0.01000,0.9245423078536988,0.6313379406929016,0.5334935784339905,0.664600670337677,0.9649999737739564,0.6374832391738892,0.2000000029802322,0.0679051131010055,0.2996547222137451,0.7373090386390686,0.2000000029802322,1,0.335399329662323,0.0350000001490116,0.1517947614192962,0.0199549682438373,114759,fgsm,0.01,0
paviau_107251_fgsm_0.01000,0.9821751713752748,0.6285613179206848,0.6108444333076477,0.6423684358596802,0.9550278782844543,0.959999978542328,0.2000000029802322,0.1333840489387512,0.4646958410739898,0.569632887840271,0.2000000029802322,0,0.3576315641403198,0.038320168852806,0.0399999991059303,0.1158549636602401,107251,fgsm,0.01,0
paviau_179390_fgsm_0.01000,0.9979999661445618,0.5279451012611389,0.6245781183242798,0.6558224558830261,0.9649999737739564,0.959999978542328,0.6000000238418579,0.1994957625865936,0.3149406909942627,0.9440708160400392,0.4000000059604645,5,0.3441775739192962,0.0350000001490116,0.0399999991059303,0.013998988084495,179390,fgsm,0.01,0
paviau_171565_fgsm_0.01000,0.978952169418335,0.973261535167694,0.6024441719055176,0.634057879447937,0.8512814044952393,0.8148937821388245,0.0,0.0047823172062635,0.060474582016468,0.0503436066210269,0.0,1,0.3659420907497406,0.0738178193569183,0.0879404991865158,0.0333737730979919,171565,fgsm,0.01,1
paviau_67012_fgsm_0.01000,0.7579522728919983,0.1253404915332794,0.5366358757019043,0.5666404366493225,0.9649999737739564,0.959999978542328,1.0,0.4136656522750854,0.2800192832946777,0.3082018196582794,0.0,2,0.4333595335483551,0.0350000001490116,0.0399999991059303,0.0402179323136806,67012,fgsm,0.01,0
paviau_113082_fgsm_0.01000,0.9973018169403076,0.3424312174320221,0.6356474161148071,0.6665491461753845,0.9649999737739564,0.959999978542328,0.6000000238418579,0.3077645003795624,0.2924824059009552,0.6848633289337158,0.6000000238418579,1,0.3334508240222931,0.0350000001490116,0.0399999991059303,0.0164028592407703,113082,fgsm,0.01,0
paviau_118170_fgsm_0.01000,0.6802049279212952,0.002064210595563,0.2229165434837341,0.3520994186401367,0.4145037531852722,0.4785944521427154,1.0,0.3326801657676697,0.2087008655071258,0.2128345072269439,0.0,7,0.3593195974826813,0.2497913688421249,0.2154789865016937,0.1134628430008888,118170,fgsm,0.01,0
paviau_18826_fgsm_0.01000,0.8550633192062378,0.0779314637184143,0.1310594975948333,0.2450415790081024,0.9649999737739564,0.959999978542328,1.0,0.3690646886825561,0.3709414303302765,0.4878913462162018,0.2000000029802322,6,0.3584291636943817,0.0350000001490116,0.0399999991059303,0.7698541879653931,18826,fgsm,0.01,0
paviau_84432_fgsm_0.01000,0.943000078201294,0.6260311603546143,0.1077028587460517,0.65752112865448,0.9649999737739564,0.2445636391639709,0.4000000059604645,0.082426942884922,0.3218782842159271,0.7392861247062683,0.4000000059604645,5,0.3424789011478424,0.0350000001490116,0.3265759944915771,0.100534975528717,84432,fgsm,0.01,0
paviau_91998_fgsm_0.01000,0.997423768043518,0.7510886788368225,0.2547079920768738,0.3797458112239837,0.9649999737739564,0.959999978542328,0.2000000029802322,0.0919970422983169,0.281193733215332,0.4861118495464325,0.2000000029802322,1,0.4187617301940918,0.0350000001490116,0.0399999991059303,0.5233892798423767,91998,fgsm,0.01,0
paviau_55473_fgsm_0.01000,0.9638969302177428,0.1232621669769287,0.4090964198112488,0.5058207511901855,0.9649999737739564,0.8558545112609863,1.0,0.4543808698654175,0.2792675495147705,0.2980918288230896,0.0,2,0.3802193403244018,0.0350000001490116,0.0740607157349586,0.1208634376525878,55473,fgsm,0.01,0
paviau_111749_fgsm_0.01000,0.9986079335212708,0.6215155124664307,0.6333924531936646,0.6643723845481873,0.9649999737739564,0.7786535024642944,0.4000000059604645,0.1505279690027237,0.329882800579071,0.7455786466598511,0.4000000059604645,1,0.3356276452541351,0.0350000001490116,0.1004698798060417,0.0501790344715118,111749,fgsm,0.01,0
paviau_124253_fgsm_0.01000,0.9614651799201964,0.2272451221942901,0.1702176481485366,0.4193014502525329,0.3128436505794525,0.959999978542328,0.800000011920929,0.3730047345161438,0.6109000444412231,0.8724483847618103,0.800000011920929,7,0.3329691886901855,0.3003663122653961,0.0399999991059303,0.3520586490631103,124253,fgsm,0.01,0
paviau_122552_fgsm_0.01000,0.9591171145439148,0.3801866769790649,0.6312304139137268,0.6622811555862427,0.9649999737739564,0.959999978542328,0.6000000238418579,0.2575769424438476,0.3375182449817657,0.774559736251831,0.6000000238418579,0,0.3377188146114349,0.0350000001490116,0.0399999991059303,0.039412073791027,122552,fgsm,0.01,0
paviau_153163_fgsm_0.01000,0.970726191997528,0.1397967636585235,0.6285256147384644,0.6596595048904419,0.9649999737739564,0.959999978542328,1.0,0.4337205290794372,0.5387921333312988,0.7217439413070679,0.4000000059604645,2,0.3403404951095581,0.0350000001490116,0.0399999991059303,0.1894455254077911,153163,fgsm,0.01,0
paviau_151880_fgsm_0.01000,0.9816073179244996,0.4089409708976745,0.2419591844081878,0.508890688419342,0.3865945637226105,0.959999978542328,0.6000000238418579,0.2552793622016907,0.48183074593544,0.9253630042076112,0.4000000059604645,7,0.4019260704517364,0.2631604075431824,0.0399999991059303,0.2320614159107208,151880,fgsm,0.01,0
paviau_158651_fgsm_0.01000,0.9735223054885864,0.0031962832435965,0.295341432094574,0.4208531677722931,0.9454349875450134,0.959999978542328,1.0,0.6400355100631714,0.3481810092926025,0.7993811964988708,0.4000000059604645,2,0.3415819108486175,0.0415286086499691,0.0399999991059303,0.6465048789978027,158651,fgsm,0.01,0
paviau_129158_fgsm_0.01000,0.6057800054550171,0.0230910275131464,0.123429961502552,0.3247652947902679,0.2590492367744446,0.5175623893737793,1.0,0.3361894488334656,0.5212950110435486,0.9117289185523988,0.800000011920929,2,0.3781196475028991,0.3295398652553558,0.1991721093654632,0.2275001257658004,129158,fgsm,0.01,0
paviau_80289_fgsm_0.01000,0.5896340608596802,0.0592475309967994,0.3570517897605896,0.4735086560249328,0.676045835018158,0.7355431318283081,1.0,0.4902888238430023,0.2671469748020172,0.2027928531169891,0.0,2,0.3392902612686157,0.1383810639381408,0.1156992614269256,0.0338222682476043,80289,fgsm,0.01,0
paviau_2884_fgsm_0.01000,0.9984353184700012,0.975243091583252,0.5640806555747986,0.5952757000923157,0.9649999737739564,0.959999978542328,0.0,0.0082850735634565,0.0528013110160827,0.0495138131082057,0.0,3,0.4047242999076843,0.0350000001490116,0.0399999991059303,0.0015273615717887,2884,fgsm,0.01,1
paviau_99518_fgsm_0.01000,0.4426336586475372,0.0404915772378444,0.1491178423166275,0.4550075829029083,0.2893033921718597,0.3616313338279724,1.0,0.1579187214374542,0.3923039436340332,0.8027729392051697,0.4000000059604645,2,0.361554890871048,0.3128969371318817,0.2677588760852813,0.3094517588615417,99518,fgsm,0.01,0
paviau_17711_fgsm_0.01000,0.9481024146080016,0.4567213654518127,0.1772265434265136,0.3065418303012848,0.7267526984214783,0.959999978542328,0.4000000059604645,0.2070062309503555,0.5041911005973816,0.9308656454086304,0.4000000059604645,7,0.4416030049324035,0.11902716755867,0.0399999991059303,0.5521889925003052,17711,fgsm,0.01,0
paviau_113093_fgsm_0.01000,0.9955248832702636,0.5212655067443848,0.6394728422164917,0.6702325344085693,0.9649999737739564,0.959999978542328,0.4000000059604645,0.2021855264902115,0.315060555934906,0.9574679136276244,0.4000000059604645,1,0.3297674655914306,0.0350000001490116,0.0399999991059303,0.022453149780631,113093,fgsm,0.01,0
paviau_161936_fgsm_0.01000,0.9886406660079956,0.1472195535898208,0.5657395720481873,0.5969820022583008,0.9649999737739564,0.8552446365356445,1.0,0.4541041851043701,0.5667997002601624,0.899519681930542,0.4000000059604645,2,0.4030180275440216,0.0350000001490116,0.074265256524086,0.1452508568763733,161936,fgsm,0.01,0
paviau_178696_fgsm_0.01000,0.975559651851654,0.5173063278198242,0.6319047212600708,0.6629337668418884,0.909873068332672,0.9131090641021729,0.4000000059604645,0.2035229504108429,0.3237022757530212,0.9622974395751952,0.4000000059604645,1,0.3370662331581116,0.0535502061247825,0.0551274977624416,0.0835378468036651,178696,fgsm,0.01,1
paviau_167828_fgsm_0.01000,0.969670832157135,0.4650436639785766,0.1274361312389373,0.2360648661851883,0.3731098473072052,0.959999978542328,0.6000000238418579,0.2317224442958831,0.3324875831604004,0.936812162399292,0.4000000059604645,5,0.3415017426013946,0.269751101732254,0.0399999991059303,0.7436143159866333,167828,fgsm,0.01,0
paviau_140390_fgsm_0.01000,0.9787561893463136,0.0105063058435916,0.2599579989910126,0.3881868720054626,0.9649999737739564,0.797583818435669,1.0,0.6206597089767456,0.486939400434494,0.6429263353347778,0.6000000238418579,6,0.3513630032539367,0.0350000001490116,0.0938950106501579,0.645189642906189,140390,fgsm,0.01,0
paviau_60871_fgsm_0.01000,0.9953882694244384,0.1723610460758209,0.5538140535354614,0.584654688835144,0.9649999737739564,0.959999978542328,0.800000011920929,0.4373391568660736,0.6107617020606995,0.8853564262390137,0.4000000059604645,6,0.4153453111648559,0.0350000001490116,0.0399999991059303,0.1419151127338409,60871,fgsm,0.01,0
paviau_189222_fgsm_0.01000,0.962880790233612,0.9279301166534424,0.6340329051017761,0.664991021156311,0.9649999737739564,0.9494431614875792,0.0,0.0214681904762983,0.1295932084321975,0.1376822888851165,0.0,1,0.3350089788436889,0.0350000001490116,0.043377298861742,0.0318080000579357,189222,fgsm,0.01,1
paviau_198150_fgsm_0.01000,0.9985460042953492,0.5575932264328003,0.5881975293159485,0.6198175549507141,0.9649999737739564,0.959999978542328,0.4000000059604645,0.1830349266529083,0.3204562067985534,0.8822055459022522,0.4000000059604645,5,0.3801824152469635,0.0350000001490116,0.0399999991059303,0.0207040682435035,198150,fgsm,0.01,0
paviau_121846_fgsm_0.01000,0.9992121458053588,0.6464137434959412,0.6263321042060852,0.6575289964675903,0.9649999737739564,0.959999978542328,0.4000000059604645,0.1396667510271072,0.4297969937324524,0.5519238114356995,0.4000000059604645,0,0.3424709737300873,0.0350000001490116,0.0399999991059303,0.072001427412033,121846,fgsm,0.01,0
paviau_112210_fgsm_0.01000,0.6958920359611511,0.0202994607388973,0.1923061907291412,0.4510528743267059,0.3364690840244293,0.3962010443210602,1.0,0.3907636106014251,0.3779422640800476,0.7844740152359009,0.6000000238418579,0,0.3706234097480774,0.2881265878677368,0.251729816198349,0.0626304298639297,112210,fgsm,0.01,0
paviau_107663_fgsm_0.01000,0.9996091723442078,0.6383397579193115,0.5720897316932678,0.6034883260726929,0.9649999737739564,0.959999978542328,0.4000000059604645,0.1449123620986938,0.2987182736396789,0.7231085896492004,0.4000000059604645,1,0.3965116441249847,0.0350000001490116,0.0399999991059303,0.1442566663026809,107663,fgsm,0.01,0
paviau_167328_fgsm_0.01000,0.8977320790290833,0.3484138548374176,0.2668187320232391,0.6369694471359253,0.4104477167129516,0.959999978542328,0.800000011920929,0.2765575349330902,0.3008277714252472,0.6989863514900208,0.2000000029802322,5,0.3630305528640747,0.2517123520374298,0.0399999991059303,0.0489138327538967,167328,fgsm,0.01,0
paviau_52437_fgsm_0.01000,0.8051893711090088,0.4796042144298553,0.1894637495279312,0.6286851763725281,0.3334808349609375,0.3862020671367645,0.4000000059604645,0.1516734510660171,0.3473341763019562,0.9725682139396667,0.4000000059604645,1,0.3713148236274719,0.2896570265293121,0.2563120424747467,0.0832767337560653,52437,fgsm,0.01,1
paviau_116825_fgsm_0.01000,0.9970123767852784,0.7264078259468079,0.632872462272644,0.6638697981834412,0.9649999737739564,0.959999978542328,0.2000000029802322,0.1012926548719406,0.2671113014221191,0.5471755266189575,0.2000000029802322,1,0.3361302316188812,0.0350000001490116,0.0399999991059303,0.0262864027172327,116825,fgsm,0.01,0
paviau_148456_fgsm_0.01000,0.9721682071685792,0.9987733364105223,0.366638571023941,0.4750843644142151,0.9649999737739564,0.6566368937492371,0.0,0.0095879100263118,0.0043203844688832,0.0024465543683618,0.0,8,0.3795693516731262,0.0350000001490116,0.1445738226175308,0.0712892338633537,148456,fgsm,0.01,1
paviau_68772_fgsm_0.01000,0.9641651511192322,0.5954169631004333,0.6280218362808228,0.6591705679893494,0.9649999737739564,0.8008825778961182,0.4000000059604645,0.1166952848434448,0.3232118487358093,0.8033130764961243,0.4000000059604645,5,0.3408294320106506,0.0350000001490116,0.0927560552954673,0.0368533469736576,68772,fgsm,0.01,0
paviau_28983_fgsm_0.01000,0.8802200555801392,0.8442429900169373,0.4696363806724548,0.6169243454933167,0.6129337549209595,0.5880861878395081,0.0,0.0469529032707214,0.2390270084142685,0.2676686942577362,0.0,1,0.3426527380943298,0.1633498072624206,0.1708364486694336,0.0306500475853681,28983,fgsm,0.01,1
paviau_84716_fgsm_0.01000,0.610285222530365,0.1687168478965759,0.6198298931121826,0.6585524082183838,0.9649999737739564,0.7016638517379761,1.0,0.3469985127449035,0.2604440748691559,0.3620618879795074,0.0,2,0.3414475917816162,0.0350000001490116,0.1279313415288925,0.1407429277896881,84716,fgsm,0.01,0
paviau_71505_fgsm_0.01000,0.7110951542854309,0.3196905553340912,0.0610343143343925,0.3582632839679718,0.1738359928131103,0.2629384696483612,0.6000000238418579,0.2408639043569564,0.3646572232246399,0.6750264167785645,0.4000000059604645,1,0.3490145802497864,0.3803428411483764,0.3168092668056488,0.1151565313339233,71505,fgsm,0.01,1
paviau_186209_fgsm_0.01000,0.9951711297035216,0.2614984512329101,0.2042436301708221,0.3336148262023926,0.9649999737739564,0.959999978542328,0.800000011920929,0.3689835965633392,0.264109343290329,0.523670494556427,0.2000000029802322,5,0.4253789484500885,0.0350000001490116,0.0399999991059303,0.7510822415351868,186209,fgsm,0.01,0
paviau_205263_fgsm_0.01000,0.8993061184883118,0.9601062536239624,0.612760066986084,0.6442549228668213,0.7186481952667236,0.7034109830856323,0.0,0.0174738559871912,0.0882835462689399,0.0653440803289413,0.0,1,0.3557450473308563,0.1220809370279312,0.1272946149110794,0.0442757532000541,205263,fgsm,0.01,1
paviau_194144_fgsm_0.01000,0.7352461218833923,9.99999993922529e-09,0.0485731698572635,0.0914698764681816,0.4076326489448547,0.3450075387954712,1.0,0.434969961643219,0.2993566691875458,0.7354917526245117,0.4000000059604645,3,0.3338528573513031,0.2530498802661896,0.2756617665290832,0.1821707189083099,194144,fgsm,0.01,0
paviau_48626_fgsm_0.01000,0.9790315628051758,0.2274172306060791,0.6059426069259644,0.6375265717506409,0.7580364346504211,0.959999978542328,1.0,0.3814352452754974,0.3411213457584381,0.5121069550514221,0.0,5,0.3624734580516815,0.1073740646243095,0.0399999991059303,0.0845815613865852,48626,fgsm,0.01,0
paviau_82112_fgsm_0.01000,0.9939883947372437,0.9994183778762816,0.5905230045318604,0.622154712677002,0.9649999737739564,0.959999978542328,0.0,0.0019934782758355,0.0025236797519028,0.0008061546250246,0.0,4,0.3778453171253204,0.0350000001490116,0.0399999991059303,0.0969822853803634,82112,fgsm,0.01,1
paviau_198629_fgsm_0.01000,0.997860848903656,0.0201011896133422,0.2075225263833999,0.33745276927948,0.9649999737739564,0.959999978542328,1.0,0.6391764879226685,0.3801539838314056,0.8424964547157288,0.4000000059604645,6,0.4023315906524658,0.0350000001490116,0.0399999991059303,0.7616983652114868,198629,fgsm,0.01,0
paviau_35366_fgsm_0.01000,0.9922894835472108,0.5585958361625671,0.6292533874511719,0.6603655219078064,0.9649999737739564,0.959999978542328,0.4000000059604645,0.1689427345991134,0.3357482850551605,0.8720280528068542,0.6000000238418579,5,0.3396344482898712,0.0350000001490116,0.0399999991059303,0.0040613953024148,35366,fgsm,0.01,0
paviau_124455_fgsm_0.01000,0.5220640897750854,0.1803957521915435,0.2765334844589233,0.6323134303092957,0.6622151136398315,0.4241931140422821,0.800000011920929,0.453057587146759,0.2587504982948303,0.3777428269386291,0.2000000029802322,7,0.3676865696907043,0.1437659412622451,0.2391226440668106,0.0604431368410587,124455,fgsm,0.01,0
paviau_38168_fgsm_0.01000,0.9218838214874268,0.031182762235403,0.0394389033317565,0.0904950350522995,0.9649999737739564,0.959999978542328,1.0,0.5477890372276306,0.661423921585083,0.7821454405784607,0.6000000238418579,0,0.3813773095607757,0.0350000001490116,0.0399999991059303,0.8346477150917053,38168,fgsm,0.01,0
paviau_129186_fgsm_0.01000,0.9880942702293396,0.6174212694168091,0.6309821009635925,0.6620408296585083,0.9649999737739564,0.959999978542328,0.4000000059604645,0.1436028629541397,0.4223878681659698,0.6797652244567871,0.6000000238418579,6,0.3379591703414917,0.0350000001490116,0.0399999991059303,0.3046004176139831,129186,fgsm,0.01,0
paviau_184835_fgsm_0.01000,0.6169541478157043,0.9866777062416076,0.0970252156257629,0.6467962861061096,0.2739757895469665,0.2306052148342132,0.0,0.1303498744964599,0.0322062000632286,0.0266445539891719,0.0,1,0.3532037138938904,0.3212493658065796,0.3341504633426666,0.1727596223354339,184835,fgsm,0.01,1
paviau_27228_fgsm_0.01000,0.9890758991241456,0.552874743938446,0.5971466302871704,0.6574805378913879,0.6840574145317078,0.959999978542328,0.6000000238418579,0.1840473413467407,0.3130774199962616,0.8942201733589172,0.4000000059604645,5,0.3425194919109344,0.1352831572294235,0.0399999991059303,0.0735560357570648,27228,fgsm,0.01,0
paviau_198125_fgsm_0.01000,0.9985767602920532,0.3392411470413208,0.5718631148338318,0.6032567620277405,0.9649999737739564,0.959999978542328,0.6000000238418579,0.3099743723869324,0.2915255427360534,0.6784833669662476,0.4000000059604645,5,0.3967432379722595,0.0350000001490116,0.0399999991059303,0.034009039402008,198125,fgsm,0.01,0
paviau_38785_fgsm_0.01000,0.9567947387695312,0.3176801204681396,0.6036345958709717,0.6424494981765747,0.6889121532440186,0.7955765724182129,0.800000011920929,0.2689716815948486,0.4579949975013733,0.797223687171936,0.4000000059604645,3,0.3575504720211029,0.1334133893251419,0.0945890098810195,0.0230119600892066,38785,fgsm,0.01,0
paviau_100835_fgsm_0.01000,0.9987578392028807,0.8168371915817261,0.6180749535560608,0.6494721174240112,0.9649999737739564,0.959999978542328,0.2000000029802322,0.0664948150515556,0.2167088538408279,0.3663255870342254,0.2000000029802322,1,0.3505278825759887,0.0350000001490116,0.0399999991059303,0.0510567910969257,100835,fgsm,0.01,0
paviau_172753_fgsm_0.01000,0.9756577610969543,0.1026455909013748,0.5600591897964478,0.5911281108856201,0.6808043718338013,0.959999978542328,1.0,0.4911631047725677,0.1605331748723983,0.2086048871278762,0.0,5,0.4088718891143799,0.1365391612052917,0.0399999991059303,0.1241285726428031,172753,fgsm,0.01,0
paviau_108672_fgsm_0.01000,0.9978766441345216,0.6466878652572632,0.6337699890136719,0.6647371053695679,0.9649999737739564,0.8028447031974792,0.4000000059604645,0.1389063447713852,0.3201909363269806,0.6966736912727356,0.4000000059604645,1,0.3352629244327545,0.0350000001490116,0.0920795500278472,0.0687122270464897,108672,fgsm,0.01,0
paviau_155607_fgsm_0.01000,0.9959230422973632,0.0198954492807388,0.1789532005786895,0.3064281344413757,0.9649999737739564,0.959999978542328,1.0,0.6369717121124268,0.3652801215648651,0.833297848701477,0.4000000059604645,2,0.3753894567489624,0.0350000001490116,0.0399999991059303,0.7346746325492859,155607,fgsm,0.01,0
paviau_66332_fgsm_0.01000,0.8787536025047302,0.3249092996120453,0.6295249462127686,0.6606289744377136,0.9649999737739564,0.959999978542328,0.800000011920929,0.2705804109573364,0.4612331390380859,0.7575492858886719,0.2000000029802322,2,0.3393710255622864,0.0350000001490116,0.0399999991059303,0.0231588706374168,66332,fgsm,0.01,0
paviau_85840_fgsm_0.01000,0.8983262181282043,0.9961495995521544,0.2320297807455063,0.6225487589836121,0.3768549263477325,0.8062191009521484,0.0,0.0329624637961387,0.0138356611132621,0.0057677486911416,0.0,4,0.3774512708187103,0.2679117918014526,0.0909177437424659,0.0950095057487487,85840,fgsm,0.01,1
paviau_115101_fgsm_0.01000,0.913661241531372,0.6682217717170715,0.61444491147995,0.6715196967124939,0.9649999737739564,0.6977377533912659,0.2000000029802322,0.0491653606295585,0.2920976877212524,0.6626322865486145,0.2000000029802322,1,0.3284803330898285,0.0350000001490116,0.1293645650148391,0.0364286601543426,115101,fgsm,0.01,0
paviau_134612_fgsm_0.01000,0.9853024482727052,0.1977258324623108,0.2205612957477569,0.3489791750907898,0.9649999737739564,0.959999978542328,0.800000011920929,0.3970644474029541,0.4614194333553314,0.6082407832145691,0.4000000059604645,6,0.3473314344882965,0.0350000001490116,0.0399999991059303,0.728606104850769,134612,fgsm,0.01,0
paviau_62707_fgsm_0.01000,0.9943832159042358,0.9993523955345154,0.5973280668258667,0.6289653778076172,0.9649999737739564,0.959999978542328,0.0,0.0019302060827612,0.0026494029443711,0.0010706825414672,0.0,4,0.3710345923900604,0.0350000001490116,0.0399999991059303,0.0858459547162056,62707,fgsm,0.01,1
paviau_16105_fgsm_0.01000,0.8284884691238403,0.0090151401236653,0.1258958578109741,0.2398303896188736,0.8944746851921082,0.8884872198104858,1.0,0.5168504118919373,0.4428961277008056,0.6939281821250916,0.4000000059604645,6,0.3671258985996246,0.058819755911827,0.063205137848854,0.7333973050117493,16105,fgsm,0.01,0
paviau_169407_fgsm_0.01000,0.541423499584198,0.176921397447586,0.4460400938987732,0.612187385559082,0.9649999737739564,0.5693453550338745,0.800000011920929,0.1719836145639419,0.5357629060745239,0.9220737218856812,0.6000000238418579,2,0.3878125846385956,0.0350000001490116,0.1782280802726745,0.0899841040372848,169407,fgsm,0.01,0
paviau_174878_fgsm_0.01000,0.9204834699630736,0.0438488572835922,0.3563058376312256,0.4728019833564758,0.7234752774238586,0.959999978542328,1.0,0.4776601791381836,0.2526187896728515,0.2028848230838775,0.0,0,0.340276300907135,0.1202603429555893,0.0399999991059303,0.0652661770582199,174878,fgsm,0.01,0
paviau_54515_fgsm_0.01000,0.9618112444877625,0.9967867136001588,0.4014519155025482,0.6184160113334656,0.5296803712844849,0.959999978542328,0.0,0.0132667766883969,0.0114693827927112,0.0052591576240956,0.0,4,0.3815839886665344,0.1979887634515762,0.0399999991059303,0.10596364736557,54515,fgsm,0.01,1
paviau_205156_fgsm_0.01000,0.9060962200164796,0.4384047389030456,0.5313541889190674,0.6034901142120361,0.6339858770370483,0.959999978542328,0.6000000238418579,0.2331275641918182,0.3807960748672485,0.9160075783729552,0.4000000059604645,5,0.3965098857879638,0.1549060493707656,0.0399999991059303,0.0610023811459541,205156,fgsm,0.01,0
paviau_18812_fgsm_0.01000,0.9757104516029358,0.9974578022956848,0.6358282566070557,0.6667236685752869,0.9649999737739564,0.959999978542328,0.0,0.0074752802029252,0.0093500474467873,0.0037921934854239,0.0,3,0.3332763016223907,0.0350000001490116,0.0399999991059303,0.0,18812,fgsm,0.01,1
paviau_123263_fgsm_0.01000,0.9768242239952089,0.7158252596855164,0.1644632816314697,0.2891008555889129,0.6966403722763062,0.959999978542328,0.4000000059604645,0.0876664593815803,0.344988077878952,0.5294731855392456,0.4000000059604645,1,0.3690142333507538,0.1304484605789184,0.0399999991059303,0.7092797756195068,123263,fgsm,0.01,0
paviau_198906_fgsm_0.01000,0.9407156705856324,0.2885555028915405,0.315665990114212,0.4382988810539245,0.9649999737739564,0.959999978542328,0.800000011920929,0.2800410687923431,0.2734610736370086,0.5771110653877258,0.2000000029802322,5,0.3485018312931061,0.0350000001490116,0.0399999991059303,0.6956118941307068,198906,fgsm,0.01,0
paviau_114106_fgsm_0.02000,0.9991430044174194,0.8077051639556885,0.5251914858818054,0.5544639825820923,0.9649999737739564,0.959999978542328,0.2000000029802322,0.0715157687664032,0.2295500338077545,0.3817381262779236,0.2000000029802322,1,0.4455360472202301,0.0350000001490116,0.0399999991059303,0.1381183415651321,114106,fgsm,0.02,0
paviau_90977_fgsm_0.02000,0.5218059420585632,0.6008493900299072,0.0087514482438564,0.3995234668254852,0.0627386048436164,0.1705542653799057,0.4000000059604645,0.1922465860843658,0.484988272190094,0.6674004793167114,0.4000000059604645,1,0.4508894085884094,0.4593041241168976,0.368470549583435,0.2525256276130676,90977,fgsm,0.02,0
paviau_107024_fgsm_0.02000,0.7244778871536255,0.9892606139183044,0.2155784666538238,0.5584667325019836,0.4993783235549927,0.3654323816299438,0.0,0.0905118435621261,0.0270222648978233,0.0214786883443593,0.0,3,0.4415332674980163,0.211141288280487,0.2659701704978943,0.1602085679769516,107024,fgsm,0.02,1
paviau_32726_fgsm_0.02000,0.6084389686584473,0.5428319573402405,0.1569528132677078,0.3215630352497101,0.3197558224201202,0.3033696413040161,0.6000000238418579,0.2156037390232086,0.3257434964179992,0.9096468687057496,0.4000000059604645,5,0.4582899212837219,0.2967516481876373,0.2960664331912994,0.1110341623425483,32726,fgsm,0.02,0
paviau_109847_fgsm_0.02000,0.9874540567398072,0.2380213588476181,0.4049655795097351,0.5505796074867249,0.532616913318634,0.959999978542328,0.800000011920929,0.3852608501911163,0.2799929082393646,0.486651211977005,0.2000000029802322,7,0.4494203627109527,0.1967305690050125,0.0399999991059303,0.330608457326889,109847,fgsm,0.02,0
paviau_23257_fgsm_0.02000,0.8601807355880737,0.0078628696501255,0.0562656298279762,0.1513511836528778,0.5374183654785156,0.959999978542328,1.0,0.5217846632003784,0.3815942406654358,0.8777509331703186,0.4000000059604645,6,0.4574986100196838,0.1946793496608734,0.0399999991059303,0.7996018528938293,23257,fgsm,0.02,0
paviau_100381_fgsm_0.02000,0.902050256729126,0.0284964703023433,0.2733327150344848,0.3963291049003601,0.4165821075439453,0.959999978542328,1.0,0.5308911800384521,0.536586582660675,0.9569868445396424,0.4000000059604645,0,0.446982204914093,0.2488098591566085,0.0399999991059303,0.1783910989761352,100381,fgsm,0.02,0
paviau_191284_fgsm_0.02000,0.9996988773345948,0.3562251031398773,0.5138858556747437,0.542292058467865,0.9649999737739564,0.959999978542328,0.6000000238418579,0.3024199903011322,0.4920632839202881,0.9618619680404664,0.6000000238418579,5,0.4577079713344574,0.0350000001490116,0.0399999991059303,0.1415994316339492,191284,fgsm,0.02,0
paviau_117910_fgsm_0.02000,0.8552793264389038,0.2162810415029525,0.365992933511734,0.4785834848880768,0.4996142089366913,0.959999978542328,0.800000011920929,0.4036517739295959,0.5216792225837708,0.9884306192398072,0.800000011920929,6,0.4555183351039886,0.2110376805067062,0.0399999991059303,0.3663865625858307,117910,fgsm,0.02,0
paviau_177029_fgsm_0.02000,0.9991540908813475,0.3306066393852234,0.5135958790779114,0.5419779419898987,0.8027032017707825,0.959999978542328,0.6000000238418579,0.3195377886295318,0.5774579048156738,0.9895942807197572,0.6000000238418579,5,0.4580220580101013,0.0910888761281967,0.0399999991059303,0.1410611718893051,177029,fgsm,0.02,0
paviau_202494_fgsm_0.02000,0.9983365535736084,0.7157648801803589,0.5277551412582397,0.557204008102417,0.9649999737739564,0.959999978542328,0.2000000029802322,0.1068585142493248,0.2844233512878418,0.5627428889274597,0.2000000029802322,3,0.4427959620952606,0.0350000001490116,0.0399999991059303,0.1282653212547302,202494,fgsm,0.02,0
paviau_195393_fgsm_0.02000,0.9996322393417358,0.3613929450511932,0.2697681188583374,0.3845420479774475,0.9649999737739564,0.959999978542328,0.800000011920929,0.2987384498119354,0.3015142381191253,0.7238430976867676,0.800000011920929,5,0.4634296894073486,0.0350000001490116,0.0399999991059303,0.6802439093589783,195393,fgsm,0.02,0
paviau_189465_fgsm_0.02000,0.512913167476654,0.5404890775680542,0.1759647876024246,0.3930332660675049,0.9649999737739564,0.324249804019928,0.6000000238418579,0.2852235734462738,0.3983007371425628,0.8773513436317444,0.4000000059604645,2,0.4515814781188965,0.0350000001490116,0.2857207655906677,0.2921387553215027,189465,fgsm,0.02,0
paviau_27227_fgsm_0.02000,0.9914588928222656,0.2438605725765228,0.2779222726821899,0.5225928425788879,0.4208772480487823,0.959999978542328,0.800000011920929,0.3808591365814209,0.6027146577835083,0.7993068695068359,0.6000000238418579,5,0.4614897966384887,0.246787428855896,0.0399999991059303,0.1759890168905258,27227,fgsm,0.02,0
paviau_117780_fgsm_0.02000,0.9955480098724364,0.778526782989502,0.5234580039978027,0.5526069402694702,0.8772842884063721,0.959999978542328,0.2000000029802322,0.0776456147432327,0.2827061116695404,0.4146765768527984,0.2000000029802322,0,0.4473930299282074,0.0647498965263366,0.0399999991059303,0.248575821518898,117780,fgsm,0.02,0
paviau_111749_fgsm_0.02000,0.9988424181938172,0.706647515296936,0.5272465944290161,0.5566611289978027,0.9649999737739564,0.959999978542328,0.4000000059604645,0.1126600727438926,0.3268817961215973,0.5619494915008545,0.4000000059604645,1,0.4433389008045196,0.0350000001490116,0.0399999991059303,0.303836464881897,111749,fgsm,0.02,0
paviau_207112_fgsm_0.02000,0.9992768168449402,0.1700842529535293,0.5144153237342834,0.5428652763366699,0.9649999737739564,0.959999978542328,0.800000011920929,0.4491621553897857,0.4825104475021362,0.9645947217941284,0.6000000238418579,5,0.4571347236633301,0.0350000001490116,0.0399999991059303,0.1495222449302673,207112,fgsm,0.02,0
paviau_109898_fgsm_0.02000,0.9638817310333252,0.2140446007251739,0.5022926330566406,0.5540305376052856,0.6113357543945312,0.959999978542328,0.800000011920929,0.3823170661926269,0.5753233432769775,0.7565395832061768,0.800000011920929,2,0.4459694921970367,0.1639956384897232,0.0399999991059303,0.3510172367095947,109898,fgsm,0.02,0
paviau_181590_fgsm_0.02000,0.8541579246520996,0.4887447357177734,0.2782918214797973,0.3938649892807007,0.9649999737739564,0.959999978542328,0.6000000238418579,0.2023392617702484,0.5336247086524963,0.801242470741272,0.6000000238418579,2,0.4504209458827972,0.0350000001490116,0.0399999991059303,0.4718520641326904,181590,fgsm,0.02,0
paviau_103476_fgsm_0.02000,0.6273707747459412,0.6527774930000305,0.1396105885505676,0.5568616390228271,0.4104116857051849,0.2835385501384735,0.4000000059604645,0.0432418510317802,0.3844219446182251,0.6407138109207153,0.4000000059604645,3,0.4431383609771728,0.2517294287681579,0.3061180710792541,0.2507378160953522,103476,fgsm,0.02,1
paviau_192827_fgsm_0.02000,0.9927380681037904,0.5603222250938416,0.4263893365859985,0.4802433252334595,0.9649999737739564,0.959999978542328,0.4000000059604645,0.1704356670379638,0.3121456801891327,0.8793554902076721,0.4000000059604645,1,0.4854101538658142,0.0350000001490116,0.0399999991059303,0.2951610684394836,192827,fgsm,0.02,0
paviau_68768_fgsm_0.02000,0.9988675117492676,0.5096818804740906,0.5126924514770508,0.5409986972808838,0.8777843713760376,0.959999978542328,0.6000000238418579,0.2082486897706985,0.4927785694599151,0.738029956817627,0.6000000238418579,5,0.4590012729167938,0.0645766705274581,0.0399999991059303,0.1573205292224884,68768,fgsm,0.02,0
paviau_171565_fgsm_0.02000,0.6788508296012878,0.9388887286186218,0.1185059919953346,0.5463196039199829,0.3599564731121063,0.2581764161586761,0.0,0.0712906345725059,0.1162505000829696,0.1147388815879821,0.0,1,0.4536803960800171,0.2762668430805206,0.3193189203739166,0.2088027894496917,171565,fgsm,0.02,1
paviau_133266_fgsm_0.02000,0.969426691532135,0.197724848985672,0.0826171785593032,0.1947185844182968,0.9649999737739564,0.959999978542328,0.800000011920929,0.3764772415161133,0.5387730598449707,0.6965914964675903,0.800000011920929,6,0.4597353339195251,0.0350000001490116,0.0399999991059303,0.8450480699539185,133266,fgsm,0.02,0
paviau_90164_fgsm_0.02000,0.6004840731620789,0.6415137648582458,0.0820613279938697,0.552525520324707,0.2050987184047699,0.4116982221603393,0.4000000059604645,0.0834412425756454,0.4631754457950592,0.5168259143829346,0.4000000059604645,0,0.4474744796752929,0.3609478175640106,0.2447108924388885,0.1766615808010101,90164,fgsm,0.02,0
paviau_115100_fgsm_0.02000,0.9925439357757568,0.3153276145458221,0.5244137644767761,0.5536313056945801,0.9649999737739564,0.959999978542328,0.6000000238418579,0.3128713369369507,0.2962929010391235,0.6348414421081543,0.6000000238418579,1,0.4463686943054199,0.0350000001490116,0.0399999991059303,0.1978739351034164,115100,fgsm,0.02,0
paviau_76943_fgsm_0.02000,0.9993821382522584,0.6896207928657532,0.5245670676231384,0.5537954568862915,0.9649999737739564,0.959999978542328,0.2000000029802322,0.1206256747245788,0.347353994846344,0.5825532078742981,0.2000000029802322,5,0.4462045431137085,0.0350000001490116,0.0399999991059303,0.1457464396953582,76943,fgsm,0.02,0
paviau_196631_fgsm_0.02000,0.9893407225608826,0.028822811320424,0.151539608836174,0.2796933352947235,0.9649999737739564,0.959999978542328,1.0,0.6121835708618164,0.5216174721717834,0.6512764692306519,0.4000000059604645,6,0.4586236476898193,0.0350000001490116,0.0399999991059303,0.8271834254264832,196631,fgsm,0.02,0
paviau_132928_fgsm_0.02000,0.8896713256835938,0.0912154093384742,0.128836914896965,0.4969825744628906,0.2655850052833557,0.959999978542328,1.0,0.4548774063587188,0.561630368232727,0.8756253123283386,0.6000000238418579,7,0.4528317749500274,0.3258901536464691,0.0399999991059303,0.4535823762416839,132928,fgsm,0.02,0
paviau_203152_fgsm_0.02000,0.7837310433387756,0.9288829565048218,0.2567260563373565,0.553766667842865,0.5232238173484802,0.4056102633476257,0.0,0.026394385844469,0.1271963417530059,0.1361694931983947,0.0,1,0.446233332157135,0.2007651478052139,0.2474564164876938,0.1156793311238288,203152,fgsm,0.02,1
paviau_55473_fgsm_0.02000,0.9677900671958924,0.1585767120122909,0.5227411985397339,0.5518380999565125,0.9649999737739564,0.959999978542328,1.0,0.4215640127658844,0.5358359217643738,0.5608503818511963,0.2000000029802322,2,0.4481619000434875,0.0350000001490116,0.0399999991059303,0.2115056961774826,55473,fgsm,0.02,0
paviau_177897_fgsm_0.02000,0.8817416429519653,0.2200596630573272,0.5292007923126221,0.5587460398674011,0.9649999737739564,0.959999978542328,0.6000000238418579,0.3390103280544281,0.700127363204956,0.9198564291000366,0.6000000238418579,2,0.4412539601325989,0.0350000001490116,0.0399999991059303,0.3136011064052582,177897,fgsm,0.02,0
paviau_157226_fgsm_0.02000,0.9576479196548462,0.1461022496223449,0.5235850214958191,0.5527431964874268,0.9649999737739564,0.959999978542328,0.800000011920929,0.4306244552135467,0.5849983096122742,0.7376800775527954,0.800000011920929,2,0.4472568333148956,0.0350000001490116,0.0399999991059303,0.3543369770050049,157226,fgsm,0.02,0
paviau_107982_fgsm_0.02000,0.9986479878425598,0.5526964068412781,0.5287078619003296,0.5582205653190613,0.9649999737739564,0.959999978542328,0.4000000059604645,0.1849468350410461,0.3221913874149322,0.8915584087371826,0.4000000059604645,1,0.4417794346809387,0.0350000001490116,0.0399999991059303,0.1422260105609893,107982,fgsm,0.02,0
paviau_206924_fgsm_0.02000,0.9442481398582458,0.939048171043396,0.2496816962957382,0.5433515906333923,0.3940829038619995,0.8844277858734131,0.0,0.0321409069001674,0.1169009730219841,0.1118592619895935,0.0,1,0.4566484093666076,0.2595381140708923,0.0645461082458496,0.1734543591737747,206924,fgsm,0.02,1
paviau_194941_fgsm_0.02000,0.868683934211731,0.0093020936474204,0.110607199370861,0.3308343291282654,0.2431345134973526,0.8818052411079407,1.0,0.6086998581886292,0.4227239489555359,0.8508442640304565,0.4000000059604645,7,0.4528741836547851,0.3385598957538605,0.0654138401150703,0.4834172427654266,194941,fgsm,0.02,0
paviau_180304_fgsm_0.02000,0.8340988755226135,0.1463233977556228,0.5255335569381714,0.5556988716125488,0.6766692996025085,0.959999978542328,1.0,0.331943154335022,0.640057384967804,0.9282742738723756,0.6000000238418579,2,0.4433719217777252,0.1381394267082214,0.0399999991059303,0.4082508683204651,180304,fgsm,0.02,0
paviau_107661_fgsm_0.02000,0.996574878692627,0.7566609978675842,0.5269468426704407,0.5563408732414246,0.9501201510429382,0.959999978542328,0.2000000029802322,0.0894521474838256,0.267220139503479,0.480725884437561,0.2000000029802322,1,0.4436591267585754,0.0399598181247711,0.0399999991059303,0.1803267300128936,107661,fgsm,0.02,0
paviau_204614_fgsm_0.02000,0.9997369647026062,0.5972787737846375,0.514611005783081,0.5430770516395569,0.9649999737739564,0.959999978542328,0.4000000059604645,0.1648225486278534,0.4397320747375488,0.6040312051773071,0.4000000059604645,5,0.4569229781627655,0.0350000001490116,0.0399999991059303,0.1580387502908706,204614,fgsm,0.02,0
paviau_73125_fgsm_0.02000,0.5696946382522583,0.116294115781784,0.1003976315259933,0.5454874038696289,0.2299907803535461,0.538368821144104,1.0,0.3002192080020904,0.5177536606788635,0.8446274399757385,0.4000000059604645,2,0.4545125961303711,0.346158504486084,0.1906616985797882,0.2803635001182556,73125,fgsm,0.02,0
paviau_120294_fgsm_0.02000,0.9325698018074036,0.0643583908677101,0.1741344481706619,0.3022326529026031,0.6909008622169495,0.959999978542328,1.0,0.5498230457305908,0.4139510095119476,0.8617427945137024,0.4000000059604645,6,0.4664173722267151,0.1326490938663482,0.0399999991059303,0.7270078659057617,120294,fgsm,0.02,0
paviau_36113_fgsm_0.02000,0.3654629588127136,0.5174455642700195,0.0372525043785572,0.516391396522522,0.2813722193241119,0.1369209438562393,0.4000000059604645,0.3186501264572143,0.5690099000930786,0.745412290096283,0.4000000059604645,1,0.4480682909488678,0.3171990513801574,0.3891356587409973,0.2276434302330017,36113,fgsm,0.02,1
paviau_184835_fgsm_0.02000,0.9515988826751708,0.0435671061277389,0.0830218121409416,0.1954798698425293,0.9624459147453308,0.959999978542328,1.0,0.5615199208259583,0.0904828086495399,0.0900306329131126,0.0,5,0.4609329104423523,0.0358489081263542,0.0399999991059303,0.8661365509033203,184835,fgsm,0.02,0
paviau_47446_fgsm_0.02000,0.618353545665741,0.0304611735045909,0.0216911789029836,0.1181801557540893,0.0997665077447891,0.3237463533878326,1.0,0.4127759337425232,0.5233115553855896,0.6746978759765625,0.4000000059604645,5,0.5227711796760559,0.4308592677116394,0.285967469215393,0.1155043393373489,47446,fgsm,0.02,0
paviau_116167_fgsm_0.02000,0.9996938705444336,0.8361549973487854,0.5302957892417908,0.559912383556366,0.9649999737739564,0.959999978542328,0.2000000029802322,0.0601350888609886,0.2087657153606414,0.3255843818187713,0.2000000029802322,1,0.4400875866413116,0.0350000001490116,0.0399999991059303,0.2165035009384155,116167,fgsm,0.02,0
paviau_192006_fgsm_0.02000,0.9981929659843444,0.7445614337921143,0.5125284790992737,0.5408208966255188,0.938754677772522,0.959999978542328,0.2000000029802322,0.0974953100085258,0.2608942091464996,0.5101507306098938,0.2000000029802322,5,0.4591790735721588,0.0437714122235775,0.0399999991059303,0.1132707670331001,192006,fgsm,0.02,0
paviau_188805_fgsm_0.02000,0.9558366537094116,0.4980348646640777,0.2729952037334442,0.3768061995506286,0.5514307022094727,0.9173863530158995,0.4000000059604645,0.1754738390445709,0.3155277967453003,0.9960814118385316,0.4000000059604645,1,0.5027285218238831,0.188735544681549,0.0537338741123676,0.3141323626041412,188805,fgsm,0.02,0
paviau_118456_fgsm_0.02000,0.997028648853302,0.5550093054771423,0.5195060968399048,0.5483610033988953,0.9649999737739564,0.959999978542328,0.4000000059604645,0.1807683110237121,0.512769341468811,0.6542145013809204,0.4000000059604645,0,0.4516389966011047,0.0350000001490116,0.0399999991059303,0.2366552203893661,118456,fgsm,0.02,0
paviau_192357_fgsm_0.02000,0.999631643295288,0.5596494674682617,0.5145778656005859,0.5430412292480469,0.9649999737739564,0.959999978542328,0.6000000238418579,0.1829608827829361,0.4753724932670593,0.6785343289375305,0.6000000238418579,5,0.4569587409496307,0.0350000001490116,0.0399999991059303,0.2854353785514831,192357,fgsm,0.02,0
paviau_199403_fgsm_0.02000,0.938806176185608,0.7734683752059937,0.2129283398389816,0.5554689764976501,0.7235921025276184,0.3627617657184601,0.2000000029802322,0.0375304147601127,0.2723004519939422,0.43781778216362,0.2000000029802322,3,0.4445309937000274,0.1202163398265838,0.2672262191772461,0.1694684326648712,199403,fgsm,0.02,0
paviau_176541_fgsm_0.02000,0.8176054358482361,0.1558310538530349,0.5235040783882141,0.5526562929153442,0.6298306584358215,0.959999978542328,1.0,0.3040962517261505,0.535995364189148,0.6851910948753357,0.4000000059604645,2,0.4473437070846557,0.1565632671117782,0.0399999991059303,0.4577235579490661,176541,fgsm,0.02,0
paviau_176810_fgsm_0.02000,0.4718140661716461,0.2412614375352859,0.0083519387990236,0.5261390805244446,0.0612872019410133,0.1954271793365478,0.800000011920929,0.2665660381317138,0.6338263154029846,0.9727853536605836,0.6000000238418579,5,0.4613795578479767,0.4604745805263519,0.3538897335529327,0.2608411908149719,176810,fgsm,0.02,0
paviau_203235_fgsm_0.02000,0.9978458881378174,0.6487699747085571,0.5168735384941101,0.5455227494239807,0.6309008002281189,0.959999978542328,0.4000000059604645,0.1397153437137603,0.3003796339035034,0.7006112933158875,0.6000000238418579,5,0.4544772505760193,0.156136006116867,0.0399999991059303,0.2169189006090164,203235,fgsm,0.02,0
paviau_205641_fgsm_0.02000,0.9991255402565002,0.7379757165908813,0.5137268304824829,0.5421198010444641,0.9649999737739564,0.959999978542328,0.2000000029802322,0.1006831675767898,0.3057844042778015,0.4929010272026062,0.2000000029802322,5,0.4578801989555359,0.0350000001490116,0.0399999991059303,0.2863882184028625,205641,fgsm,0.02,0
paviau_205156_fgsm_0.02000,0.9634897112846376,0.407615453004837,0.3417336940765381,0.5394637584686279,0.4785529971122741,0.959999978542328,0.6000000238418579,0.2712941169738769,0.4933607876300812,0.9648464918136596,0.6000000238418579,5,0.4605362713336944,0.2203671634197235,0.0399999991059303,0.2430274039506912,205156,fgsm,0.02,0
paviau_56857_fgsm_0.02000,0.9803756475448608,0.342034637928009,0.3643657267093658,0.5402711033821106,0.4982146024703979,0.959999978542328,0.800000011920929,0.2995937168598175,0.5070034265518188,0.9888142943382264,0.6000000238418579,5,0.4597288966178894,0.2116527110338211,0.0399999991059303,0.175042912364006,56857,fgsm,0.02,0
paviau_183131_fgsm_0.02000,0.9974925518035888,0.2982099652290344,0.5179814696311951,0.546718180179596,0.719473123550415,0.959999978542328,0.800000011920929,0.3428697288036346,0.5817093849182129,0.9756577610969543,0.800000011920929,5,0.453281819820404,0.121769443154335,0.0399999991059303,0.0808615013957023,183131,fgsm,0.02,0
paviau_151891_fgsm_0.02000,0.6104342937469482,0.993427872657776,0.1409549713134765,0.5615622401237488,0.3668597340583801,0.2851057648658752,0.0,0.1513632535934448,0.0187334232032299,0.0127152008935809,0.0,3,0.4384377598762512,0.2728362679481506,0.3053153455257416,0.1195380240678787,151891,fgsm,0.02,1
paviau_38915_fgsm_0.02000,0.8533558249473572,0.0293392669409513,0.0682256668806076,0.1706502139568328,0.9018296599388124,0.9357420802116394,1.0,0.4842569231986999,0.4242898523807525,0.764551043510437,0.4000000059604645,6,0.450453519821167,0.0562978386878967,0.047784861177206,0.8311832547187805,38915,fgsm,0.02,0
paviau_169543_fgsm_0.02000,0.6057687401771545,0.8153976202011108,0.0254531055688858,0.5413216352462769,0.4374468326568603,0.1121319979429245,0.0,0.0316131003201007,0.2331185042858123,0.3623294830322265,0.0,1,0.4586783647537231,0.2390593290328979,0.4051700532436371,0.183628499507904,169543,fgsm,0.02,1
paviau_175526_fgsm_0.02000,0.9545283317565918,0.6325567960739136,0.5131253004074097,0.5513376593589783,0.619819700717926,0.959999978542328,0.4000000059604645,0.100360132753849,0.5027523636817932,0.5196966528892517,0.4000000059604645,0,0.4486623704433441,0.1605747938156128,0.0399999991059303,0.1845162212848663,175526,fgsm,0.02,0
paviau_115119_fgsm_0.02000,0.9455878734588624,0.4128027558326721,0.3896519839763641,0.555778980255127,0.5197639465332031,0.8410907983779907,0.6000000238418579,0.2322850823402404,0.4087032079696655,0.8716750144958496,0.6000000238418579,1,0.4442210495471954,0.2022586613893509,0.0790301412343978,0.1804431229829788,115119,fgsm,0.02,0
paviau_166302_fgsm_0.02000,0.9979314804077148,0.6476813554763794,0.5234200358390808,0.5525662302970886,0.9649999737739564,0.959999978542328,0.4000000059604645,0.1386920362710952,0.3128623068332672,0.6982813477516174,0.6000000238418579,5,0.4474337995052337,0.0350000001490116,0.0399999991059303,0.2687234282493591,166302,fgsm,0.02,0
paviau_109739_fgsm_0.02000,0.792525053024292,0.0007644392899237,0.0164738725870847,0.2624295651912689,0.0865083932876586,0.959999978542328,1.0,0.55681973695755,0.4792225956916809,0.7372046113014221,0.4000000059604645,5,0.459436297416687,0.4407504498958587,0.0399999991059303,0.508049488067627,109739,fgsm,0.02,0
paviau_84735_fgsm_0.02000,0.8544700145721436,0.1279475688934326,0.5212541222572327,0.550241231918335,0.6423770189285278,0.959999978542328,1.0,0.442717045545578,0.4961104989051819,0.5844481587409973,0.2000000029802322,2,0.449758768081665,0.1515732407569885,0.0399999991059303,0.2415448874235153,84735,fgsm,0.02,0
paviau_178633_fgsm_0.02000,0.9143007397651672,0.9054446220397948,0.216706246137619,0.5421079397201538,0.3615607619285583,0.7380297183990479,0.0,0.0518286116421222,0.1647379994392395,0.1689454168081283,0.0,1,0.4578920900821686,0.2754673957824707,0.1148108392953872,0.1866264045238495,178633,fgsm,0.02,1
paviau_140367_fgsm_0.02000,0.9873636364936828,0.0910894125699997,0.1848876327276229,0.347115695476532,0.3286390006542206,0.959999978542328,1.0,0.5197739005088806,0.5537696480751038,0.9307688474655152,0.4000000059604645,7,0.4504527449607849,0.2921474874019623,0.0399999991059303,0.5989530086517334,140367,fgsm,0.02,0
paviau_29322_fgsm_0.02000,0.4992760717868805,0.0359027497470378,0.0417915806174278,0.3397223353385925,0.2913685739040375,0.1455449759960174,1.0,0.2939025163650512,0.4793951213359833,0.7057836651802063,0.4000000059604645,3,0.4455960094928741,0.3117835521697998,0.3837241530418396,0.21601103246212,29322,fgsm,0.02,0
paviau_138781_fgsm_0.02000,0.9875593781471252,0.4184014201164245,0.3597703576087951,0.5489122271537781,0.4942521154880523,0.959999978542328,0.4000000059604645,0.2525473535060882,0.4150098264217376,0.8972777724266052,0.4000000059604645,7,0.4510877430438995,0.213397741317749,0.0399999991059303,0.4128201007843017,138781,fgsm,0.02,0
paviau_199065_fgsm_0.02000,0.9450475573539734,0.7048777937889099,0.1898351311683654,0.5585297346115112,0.9165048599243164,0.338995486497879,0.4000000059604645,0.0690145939588546,0.3697834610939026,0.4678746163845062,0.4000000059604645,3,0.4414702355861664,0.0512928180396556,0.2785528302192688,0.1629557758569717,199065,fgsm,0.02,0
paviau_72151_fgsm_0.02000,0.9291481971740724,0.1100575700402259,0.3687004446983337,0.4568599462509155,0.9649999737739564,0.959999978542328,1.0,0.487075001001358,0.4365764260292053,0.5108134746551514,0.800000011920929,2,0.4549592435359955,0.0350000001490116,0.0399999991059303,0.5370466113090515,72151,fgsm,0.02,0
paviau_201973_fgsm_0.02000,0.9984524250030518,0.1890201568603515,0.233148768544197,0.355888158082962,0.9649999737739564,0.959999978542328,0.800000011920929,0.4320074915885925,0.2422095090150833,0.3859485685825348,0.2000000029802322,5,0.4600534439086914,0.0350000001490116,0.0399999991059303,0.7570099234580994,201973,fgsm,0.02,0
paviau_163010_fgsm_0.02000,0.9752717614173888,0.1035076826810836,0.5205677151679993,0.5495033264160156,0.9649999737739564,0.959999978542328,1.0,0.5077421069145203,0.4525800049304962,0.725561797618866,0.4000000059604645,2,0.450496643781662,0.0350000001490116,0.0399999991059303,0.4168995916843414,163010,fgsm,0.02,0
paviau_71835_fgsm_0.02000,0.7445679306983948,0.7125231623649597,0.1332166939973831,0.5467348098754883,0.2708097100257873,0.4664485156536102,0.4000000059604645,0.0895578935742378,0.3299410343170166,0.5463531613349915,0.4000000059604645,5,0.4532652199268341,0.3229946196079254,0.2206653356552124,0.1684753000736236,71835,fgsm,0.02,0
paviau_206927_fgsm_0.02000,0.971769392490387,0.5230488777160645,0.3045272529125213,0.549540102481842,0.445363700389862,0.959999978542328,0.4000000059604645,0.1987096518278122,0.4864394068717956,0.8206220269203186,0.4000000059604645,1,0.4504598975181579,0.2354072630405426,0.0399999991059303,0.2272470444440841,206927,fgsm,0.02,1
paviau_180411_fgsm_0.02000,0.997919738292694,0.6425977349281311,0.2737291157245636,0.3888941407203674,0.753201425075531,0.959999978542328,0.4000000059604645,0.1436845511198043,0.4000504910945892,0.6025713086128235,0.4000000059604645,5,0.4573569893836975,0.1091613993048667,0.0399999991059303,0.6530870199203491,180411,fgsm,0.02,0
paviau_187434_fgsm_0.02000,0.9641324877738952,0.1709027290344238,0.526656448841095,0.5560306906700134,0.9649999737739564,0.959999978542328,1.0,0.4307534694671631,0.5157943964004517,0.9915770292282104,0.4000000059604645,2,0.4439692795276642,0.0350000001490116,0.0399999991059303,0.385114312171936,187434,fgsm,0.02,0
paviau_65311_fgsm_0.02000,0.9467400312423706,0.1754957288503646,0.5246778130531311,0.5539140105247498,0.8725273013114929,0.959999978542328,1.0,0.4083760678768158,0.5113977193832397,0.5644265413284302,0.2000000029802322,2,0.4460859894752502,0.0663999021053314,0.0399999991059303,0.1857397258281707,65311,fgsm,0.02,0
paviau_174143_fgsm_0.02000,0.962084710597992,0.4595534205436706,0.5190191864967346,0.5499847531318665,0.9649999737739564,0.959999978542328,0.4000000059604645,0.2033909857273101,0.5441756248474121,0.8897194862365723,0.4000000059604645,0,0.4477551877498626,0.0350000001490116,0.0399999991059303,0.1302209496498108,174143,fgsm,0.02,0
paviau_190522_fgsm_0.02000,0.9872903227806092,0.0109633654356002,0.0490723215043544,0.1419164389371872,0.8531902432441711,0.959999978542328,1.0,0.6343652009963989,0.597315788269043,0.9965856075286864,0.4000000059604645,3,0.4753742218017578,0.0731480717658996,0.0399999991059303,0.9133968949317932,190522,fgsm,0.02,0
paviau_109255_pgd_0.00500,0.9832313060760498,0.0451278388500213,0.2238429635763168,0.5460419058799744,0.3687251508235931,0.959999978542328,1.0,0.5677885413169861,0.3918094933032989,0.9524248242378236,0.4000000059604645,7,0.183498129248619,0.2719134390354156,0.0399999991059303,0.1761271059513092,109255,pgd,0.005,0
paviau_206304_pgd_0.00500,0.96053946018219,0.2983723878860473,0.3252533972263336,0.6347846388816833,0.9649999737739564,0.4681906700134277,0.800000011920929,0.2745514810085296,0.277387410402298,0.596744954586029,0.2000000029802322,5,0.3652153611183166,0.0350000001490116,0.2199182957410812,0.0121940616518259,206304,pgd,0.005,0
paviau_79705_pgd_0.00500,0.9956166744232178,0.9998852610588074,0.7156359553337097,0.741204559803009,0.9649999737739564,0.959999978542328,0.0,0.0015255707548931,0.0005265342188067,0.0002294520527357,0.0,4,0.2587954103946686,0.0350000001490116,0.0399999991059303,0.0,79705,pgd,0.005,1
paviau_200141_pgd_0.00500,0.9860773086547852,0.3457778096199035,0.5458239316940308,0.6939817070960999,0.9649999737739564,0.6468201279640198,0.6000000238418579,0.2818467319011688,0.2934591174125671,0.6915556788444519,0.4000000059604645,5,0.3060183227062225,0.0350000001490116,0.1482638269662857,0.0089715747162699,200141,pgd,0.005,0
paviau_130502_pgd_0.00500,0.9925933480262756,0.9382396340370178,0.6785305738449097,0.7071717977523804,0.9649999737739564,0.959999978542328,0.0,0.0230403058230876,0.1055066436529159,0.1235172972083091,0.0,3,0.292828232049942,0.0350000001490116,0.0399999991059303,0.0,130502,pgd,0.005,1
paviau_175997_pgd_0.00500,0.9919667840003968,0.9824698567390442,0.7132861614227295,0.7390783429145813,0.9649999737739564,0.959999978542328,0.0,0.0045624924823641,0.0450536012649536,0.0297793820500373,0.0,1,0.2609216868877411,0.0350000001490116,0.0399999991059303,0.0,175997,pgd,0.005,1
paviau_191104_pgd_0.00500,0.9839473962783812,0.03230432420969,0.2866453826427459,0.4115008115768432,0.9649999737739564,0.959999978542328,1.0,0.584972083568573,0.4782236516475677,0.694690465927124,0.4000000059604645,6,0.291837990283966,0.0350000001490116,0.0399999991059303,0.6347954869270325,191104,pgd,0.005,0
paviau_1196_pgd_0.00500,0.9968538880348206,0.9639997482299804,0.662002444267273,0.6916855573654175,0.9649999737739564,0.959999978542328,0.0,0.0126959476619958,0.070552296936512,0.0720005109906196,0.0,3,0.3083144724369049,0.0350000001490116,0.0399999991059303,0.0,1196,pgd,0.005,1
paviau_181726_pgd_0.00500,0.9911569356918336,0.9511270523071288,0.729423463344574,0.7536044120788574,0.9649999737739564,0.959999978542328,0.0,0.0142955388873815,0.0925674140453338,0.0961286500096321,0.0,3,0.2463955581188202,0.0350000001490116,0.0399999991059303,0.0,181726,pgd,0.005,1
paviau_80274_pgd_0.00500,0.6090259552001953,0.5658608675003052,0.270550012588501,0.6860671639442444,0.8315407037734985,0.4186260998249054,0.4000000059604645,0.0029257836285978,0.3841287195682525,0.8279653787612915,0.4000000059604645,0,0.3139328360557556,0.0807830914855003,0.2416047751903534,0.0075419703498482,80274,pgd,0.005,1
paviau_170111_pgd_0.00500,0.7092268466949463,0.3674590289592743,0.3716367185115814,0.4871657490730285,0.9649999737739564,0.6799088716506958,0.6000000238418579,0.0776585638523101,0.3795129060745239,0.7744671106338501,0.4000000059604645,0,0.3202338218688965,0.0350000001490116,0.135915458202362,0.0149621665477752,170111,pgd,0.005,0
paviau_9258_pgd_0.00500,0.7960785031318665,0.3272250294685364,0.2676173448562622,0.3937184512615204,0.5209922194480896,0.959999978542328,0.6000000238418579,0.1320691108703613,0.431181937456131,0.7389727830886841,0.4000000059604645,7,0.3049842715263366,0.2017280012369156,0.0399999991059303,0.3550982773303985,9258,pgd,0.005,0
paviau_202670_pgd_0.00500,0.5700141191482544,0.0119018880650401,0.1944874823093414,0.3770610988140106,0.6722898483276367,0.3438585102558136,1.0,0.245136871933937,0.0363572835922241,0.0259515829384326,0.0,5,0.325552225112915,0.1398387849330902,0.2762129306793213,0.0138914743438363,202670,pgd,0.005,0
paviau_206566_pgd_0.00500,0.999076247215271,0.9904648065567015,0.6521487832069397,0.682352602481842,0.9649999737739564,0.959999978542328,0.0,0.0030190323013812,0.0272869803011417,0.0158476270735263,0.0,1,0.3176474273204803,0.0350000001490116,0.0399999991059303,0.0,206566,pgd,0.005,1
paviau_206512_pgd_0.00500,0.7271337509155273,0.8822658658027649,0.15669646859169,0.6959317326545715,0.6399953961372375,0.3030823469161987,0.0,0.0266541298478841,0.180177554488182,0.2257681488990783,0.0,1,0.2977841794490814,0.1525173336267471,0.2962104380130768,0.0469882749021053,206512,pgd,0.005,1
paviau_204778_pgd_0.00500,0.9919345378875732,0.3433642387390136,0.6516391634941101,0.6818677186965942,0.9649999737739564,0.959999978542328,0.800000011920929,0.2921775281429291,0.2930967211723327,0.6867972612380981,0.2000000029802322,5,0.3181322813034057,0.0350000001490116,0.0399999991059303,0.0,204778,pgd,0.005,0
paviau_147347_pgd_0.00500,0.7884839773178101,0.1163249239325523,0.6909746527671814,0.7186959981918335,0.9649999737739564,0.7908059358596802,1.0,0.2918382585048675,0.6389676332473755,0.7028217315673828,0.4000000059604645,2,0.2813040018081665,0.0350000001490116,0.0962414443492889,0.0080927414819598,147347,pgd,0.005,0
paviau_178633_pgd_0.00500,0.99843829870224,0.9836223125457764,0.6591987013816833,0.6890377998352051,0.9649999737739564,0.959999978542328,0.0,0.0054865102283656,0.0411479510366916,0.0303547978401184,0.0,1,0.3109622001647949,0.0350000001490116,0.0399999991059303,3.578995165298693e-05,178633,pgd,0.005,1
paviau_5254_pgd_0.00500,0.9980990290641784,0.9960610866546632,0.687578022480011,0.7155616879463196,0.9649999737739564,0.959999978542328,0.0,0.0005358339403755,0.0140201784670352,0.0056739202700555,0.0,3,0.284438282251358,0.0350000001490116,0.0399999991059303,0.0,5254,pgd,0.005,1
paviau_176007_pgd_0.00500,0.7930169105529785,0.1060048937797546,0.4508038461208343,0.6906353831291199,0.9649999737739564,0.5731519460678101,1.0,0.2805473804473877,0.15386763215065,0.2120098173618316,0.0,5,0.3093646168708801,0.0350000001490116,0.176718920469284,0.00071608874714,176007,pgd,0.005,0
paviau_206582_pgd_0.00500,0.9977200627326964,0.9921674728393556,0.6637856364250183,0.6933663487434387,0.9649999737739564,0.959999978542328,0.0,0.002928577363491,0.0232290867716074,0.0125762410461902,0.0,1,0.3066336214542389,0.0350000001490116,0.0399999991059303,0.0024128258228302,206582,pgd,0.005,1
paviau_90527_pgd_0.00500,0.9249758720397948,0.2263655662536621,0.2755865454673767,0.6936979293823242,0.9649999737739564,0.4233147203922272,1.0,0.311854749917984,0.5931096076965332,0.764301061630249,0.2000000029802322,2,0.3063020706176758,0.0350000001490116,0.2395134717226028,0.0009869654895737,90527,pgd,0.005,0
paviau_102197_pgd_0.00500,0.6428908109664917,0.4894580543041229,0.0297159925103187,0.7857609391212463,0.2018386125564575,0.1215599402785301,0.2000000029802322,0.0183875914663076,0.319920539855957,0.9802266955375672,0.2000000029802322,1,0.2142390757799148,0.3629258275032043,0.3989841341972351,0.4749107360839844,102197,pgd,0.005,0
paviau_203695_pgd_0.00500,0.9825180172920228,0.194878876209259,0.2846230566501617,0.4927431941032409,0.9649999737739564,0.4316588342189789,0.800000011920929,0.3899843990802765,0.2389387935400009,0.3944223523139953,0.2000000029802322,5,0.3124513626098633,0.0350000001490116,0.2358129322528839,0.0553263947367668,203695,pgd,0.005,0
paviau_72915_pgd_0.00500,0.9798216819763184,0.9977682828903198,0.3647447526454925,0.4811751842498779,0.9649999737739564,0.959999978542328,0.0,0.0066932439804077,0.0077451672405004,0.0039826817810535,0.0,8,0.3244276940822601,0.0350000001490116,0.0399999991059303,0.1449393332004547,72915,pgd,0.005,1
paviau_195075_pgd_0.00500,0.9955804944038392,0.3420833647251129,0.319635659456253,0.4370152652263641,0.9649999737739564,0.959999978542328,0.6000000238418579,0.300702154636383,0.2923751473426819,0.6841670870780945,0.4000000059604645,5,0.3902112543582916,0.0350000001490116,0.0399999991059303,0.6108744740486145,195075,pgd,0.005,0
paviau_131988_pgd_0.00500,0.9873839616775512,0.4371748566627502,0.6765042543411255,0.7052842974662781,0.9649999737739564,0.959999978542328,0.4000000059604645,0.226935476064682,0.5241293907165527,0.9266303181648254,0.4000000059604645,7,0.2947157025337219,0.0350000001490116,0.0399999991059303,0.0025588325224816,131988,pgd,0.005,0
paviau_204465_pgd_0.00500,0.983919322490692,0.3553915023803711,0.6680735945701599,0.6973981857299805,0.9649999737739564,0.959999978542328,0.6000000238418579,0.292437881231308,0.3070081174373626,0.7142459154129028,0.4000000059604645,5,0.3026018142700195,0.0350000001490116,0.0399999991059303,0.0,204465,pgd,0.005,0
paviau_126279_pgd_0.00500,0.9976990818977356,0.2747282981872558,0.4873681962490082,0.5750306844711304,0.9649999737739564,0.959999978542328,0.6000000238418579,0.3555347621440887,0.5566677451133728,0.9869574904441832,0.800000011920929,7,0.3183100819587707,0.0350000001490116,0.0399999991059303,0.1842831373214721,126279,pgd,0.005,0
paviau_206915_pgd_0.00500,0.9700756669044496,0.8667269945144653,0.5945547819137573,0.6462249159812927,0.9649999737739564,0.959999978542328,0.0,0.0423298589885234,0.1786890476942062,0.2665411233901977,0.0,1,0.3193963468074798,0.0350000001490116,0.0399999991059303,0.0099827954545617,206915,pgd,0.005,1
paviau_34413_pgd_0.00500,0.8683651685714722,0.927704691886902,0.4306569099426269,0.6890465617179871,0.5830827951431274,0.5569700002670288,0.0,0.0216723140329122,0.1203444004058837,0.143818125128746,0.0,1,0.3109534382820129,0.1755326390266418,0.1831623762845993,0.0215083509683609,34413,pgd,0.005,1
paviau_116488_pgd_0.00500,0.9720236659049988,0.3421947956085205,0.696707010269165,0.7239665389060974,0.9649999737739564,0.959999978542328,0.800000011920929,0.2656463086605072,0.2924413979053497,0.6843953728675842,0.800000011920929,1,0.2760334312915802,0.0350000001490116,0.0399999991059303,0.0,116488,pgd,0.005,0
paviau_146636_pgd_0.00500,0.9888463616371156,0.999786615371704,0.3770360648632049,0.6572457551956177,0.9649999737739564,0.5127518773078918,0.0,0.0037670822348445,0.000920679885894,0.0004260380810592,0.0,8,0.1364100575447082,0.0350000001490116,0.2011587172746658,0.0,146636,pgd,0.005,1
paviau_179381_pgd_0.00500,0.7726665139198303,0.9732285737991332,0.2370471060276031,0.6940684914588928,0.7210121750831604,0.3866816759109497,0.0,0.0517080426216125,0.0561387687921524,0.0535415560007095,0.0,1,0.3059315085411072,0.121188685297966,0.2560912668704986,0.036372747272253,179381,pgd,0.005,1
paviau_114431_pgd_0.00500,0.9049386978149414,0.3261845409870147,0.6539461612701416,0.6840606331825256,0.9649999737739564,0.959999978542328,0.6000000238418579,0.1972797363996505,0.2879921793937683,0.6524971723556519,0.4000000059604645,5,0.3159393966197967,0.0350000001490116,0.0399999991059303,3.13587122491299e-07,114431,pgd,0.005,1
paviau_148258_pgd_0.00500,0.9900988936424256,0.9989270567893982,0.4255265593528747,0.5879290699958801,0.9649999737739564,0.5528137683868408,0.0,0.003535239957273,0.0038418364711105,0.0021408146712929,0.0,8,0.2895722091197967,0.0350000001490116,0.1848293095827102,0.0,148258,pgd,0.005,1
paviau_200843_pgd_0.00500,0.8868301510810852,0.0343334823846817,0.1506723463535308,0.4899982511997223,0.9649999737739564,0.296281486749649,1.0,0.4407154321670532,0.0682490542531013,0.0687045007944107,0.0,5,0.3162814974784851,0.0350000001490116,0.299633115530014,0.0846272930502891,200843,pgd,0.005,0
paviau_201439_pgd_0.00500,0.9962620139122008,0.9061068892478944,0.6586318016052246,0.6885015368461609,0.9649999737739564,0.959999978542328,0.0,0.0331048294901847,0.1487299352884292,0.1841662973165512,0.0,1,0.3114984333515167,0.0350000001490116,0.0399999991059303,0.004307706374675,201439,pgd,0.005,1
paviau_197739_pgd_0.00500,0.9859895706176758,0.0381072014570236,0.4224640130996704,0.7099385857582092,0.9649999737739564,0.5503256320953369,1.0,0.5812442898750305,0.0738289579749107,0.0762415826320648,0.0,5,0.2900614142417907,0.0350000001490116,0.185829609632492,0.0172289591282606,197739,pgd,0.005,0
paviau_31350_pgd_0.00500,0.970544695854187,0.8985106348991394,0.5929268002510071,0.6245653033256531,0.9649999737739564,0.959999978542328,0.0,0.0379610881209373,0.1495820730924606,0.2029475569725036,0.0,1,0.3754346966743469,0.0350000001490116,0.0399999991059303,0.035327386111021,31350,pgd,0.005,1
paviau_128132_pgd_0.00500,0.9072014689445496,0.1969271600246429,0.4944076836109161,0.5818361639976501,0.9649999737739564,0.959999978542328,0.800000011920929,0.2965570092201233,0.3082065880298614,0.429848313331604,0.2000000029802322,6,0.3094478845596313,0.0350000001490116,0.0399999991059303,0.1088601946830749,128132,pgd,0.005,0
paviau_20789_pgd_0.00500,0.8409013152122498,0.167238712310791,0.2155207246541977,0.6794160008430481,0.9649999737739564,0.365374356508255,1.0,0.2683783769607544,0.4880670607089996,0.5465885996818542,0.2000000029802322,5,0.3205839991569519,0.0350000001490116,0.265997439622879,0.0342670381069183,20789,pgd,0.005,0
paviau_184158_pgd_0.00500,0.753520131111145,0.7659744024276733,0.0510402806103229,0.7203722596168518,0.8037939667701721,0.1620054841041565,0.2000000029802322,0.0018683429807424,0.2476299256086349,0.4680510759353637,0.2000000029802322,1,0.2796277403831482,0.0906961634755134,0.3736141324043274,0.0692520961165428,184158,pgd,0.005,1
paviau_29379_pgd_0.00500,0.7329395413398743,0.1918413937091827,0.1530549824237823,0.2598024606704712,0.9649999737739564,0.8538024425506592,0.800000011920929,0.3781161606311798,0.5230851173400879,0.6430622935295105,0.2000000029802322,0,0.2970475852489471,0.0350000001490116,0.0747492313385009,0.7381559014320374,29379,pgd,0.005,1
paviau_57251_pgd_0.00500,0.9974876642227172,0.9975000023841858,0.6539106369018555,0.6840269565582275,0.9649999737739564,0.959999978542328,0.0,0.0017118253745138,0.0079540451988577,0.0049999998882412,0.0,4,0.3159730732440948,0.0350000001490116,0.0399999991059303,0.0,57251,pgd,0.005,1
paviau_35722_pgd_0.00500,0.9243124723434448,0.0536178275942802,0.6747298240661621,0.7036288976669312,0.9649999737739564,0.8576006293296814,1.0,0.4561681151390075,0.0951394811272621,0.1072362214326858,0.0,5,0.2963710725307464,0.0350000001490116,0.0734754055738449,0.0337300263345241,35722,pgd,0.005,0
paviau_196868_pgd_0.00500,0.9441890716552734,0.8040904998779297,0.672305166721344,0.7013631463050842,0.9453796148300172,0.8637933731079102,0.2000000029802322,0.0372808910906314,0.2251391857862472,0.3918189108371734,0.2000000029802322,1,0.2986368536949157,0.0415471568703651,0.0714036747813224,0.0030013029463589,196868,pgd,0.005,1
paviau_105075_pgd_0.00500,0.87824547290802,0.3005847334861755,0.5884547829627991,0.6961361765861511,0.9649999737739564,0.6786514520645142,1.0,0.2796401381492615,0.340862363576889,0.6275891661643982,0.0,7,0.3038638532161712,0.0350000001490116,0.1363801211118698,0.0,105075,pgd,0.005,0
paviau_194350_pgd_0.00500,0.990265429019928,0.0166866779327392,0.6575403809547424,0.6874687075614929,0.9649999737739564,0.9437568187713624,1.0,0.6266765594482422,0.0386216714978218,0.03337412327528,0.0,5,0.3125312924385071,0.0350000001490116,0.0452032014727592,0.0002303952205693,194350,pgd,0.005,0
paviau_106838_pgd_0.00500,0.9756441712379456,0.3514152467250824,0.5242021679878235,0.6026149988174438,0.9649999737739564,0.959999978542328,0.6000000238418579,0.2606303989887237,0.5518634915351868,0.889163076877594,0.4000000059604645,7,0.3095011711120605,0.0350000001490116,0.0399999991059303,0.0049165072850883,106838,pgd,0.005,0
paviau_205592_pgd_0.00500,0.8873880505561829,0.7642128467559814,0.076443925499916,0.6659160256385803,0.5413513779640198,0.2019468992948532,0.2000000029802322,0.0142866298556327,0.2514776587486267,0.47058966755867,0.2000000029802322,3,0.334084004163742,0.1930047273635864,0.3501568734645843,0.1217642128467559,205592,pgd,0.005,0
paviau_187342_pgd_0.00500,0.994449257850647,0.96305650472641,0.6797049045562744,0.7082641124725342,0.9649999737739564,0.959999978542328,0.0,0.0112487692385911,0.0719575583934784,0.0738869607448577,0.0,3,0.2917358577251434,0.0350000001490116,0.0399999991059303,0.0002610013179946,187342,pgd,0.005,1
paviau_204254_pgd_0.00500,0.9169392585754396,0.030178090557456,0.161452516913414,0.6784580945968628,0.9649999737739564,0.3083872497081756,1.0,0.4922023713588714,0.0616092905402183,0.0603566952049732,0.0,5,0.3215418756008148,0.0350000001490116,0.2935586869716644,0.0937315747141838,204254,pgd,0.005,0
paviau_83762_pgd_0.00500,0.5794128179550171,0.1961514949798584,0.1674524545669555,0.6953513622283936,0.9048470258712769,0.3150028884410858,1.0,0.0811219438910484,0.2337932139635086,0.3950577080249786,0.0,5,0.3046486377716064,0.0552658326923847,0.290273368358612,0.0143054323270916,83762,pgd,0.005,0
paviau_139481_pgd_0.00500,0.9807836413383484,0.453572928905487,0.4303286075592041,0.6894742250442505,0.9649999737739564,0.5567045211791992,0.6000000238418579,0.2051722407341003,0.5242156386375427,0.8587793111801147,0.4000000059604645,0,0.3105258047580719,0.0350000001490116,0.1832687258720398,0.0026293816044926,139481,pgd,0.005,0
paviau_187557_pgd_0.00500,0.9929887652397156,0.2490345239639282,0.6576078534126282,0.6875326633453369,0.9649999737739564,0.9310392737388612,0.800000011920929,0.3650959134101867,0.2554492652416229,0.4980694651603699,0.2000000029802322,5,0.3124673068523407,0.0350000001490116,0.049304187297821,1.3355818282434484e-06,187557,pgd,0.005,0
paviau_193930_pgd_0.00500,0.9231027960777284,0.0230765417218208,0.134741261601448,0.2367362976074218,0.9649999737739564,0.8757554888725281,1.0,0.502929151058197,0.11467906832695,0.0715998783707618,0.0,6,0.3062558472156524,0.0350000001490116,0.0674197748303413,0.7873855233192444,193930,pgd,0.005,0
paviau_188878_pgd_0.00500,0.9990605711936952,0.9626243114471436,0.6552048325538635,0.6852553486824036,0.9649999737739564,0.959999978542328,0.0,0.012797431088984,0.0811879187822341,0.0671527460217475,0.0,1,0.3147446513175964,0.0350000001490116,0.0399999991059303,0.0,188878,pgd,0.005,1
paviau_205100_pgd_0.00500,0.9913604855537416,0.0811020731925964,0.6655048131942749,0.6949845552444458,0.9649999737739564,0.959999978542328,1.0,0.5281394124031067,0.1348329931497573,0.1640747785568237,0.0,5,0.3050154447555542,0.0350000001490116,0.0399999991059303,8.418616630478937e-07,205100,pgd,0.005,0
paviau_205757_pgd_0.00500,0.937541365623474,0.0931027010083198,0.4284426867961883,0.6944958567619324,0.9649999737739564,0.5551780462265015,1.0,0.4232643246650696,0.1409472078084945,0.1862077116966247,0.0,5,0.3055041432380676,0.0350000001490116,0.183880478143692,0.0004632261698134,205757,pgd,0.005,0
paviau_151800_pgd_0.00500,0.9734265208244324,0.4637812674045563,0.5809922814369202,0.6125437021255493,0.9649999737739564,0.959999978542328,0.4000000059604645,0.1947274953126907,0.5665810704231262,0.8012209534645081,0.6000000238418579,7,0.3874562680721283,0.0350000001490116,0.0399999991059303,0.0508429333567619,151800,pgd,0.005,0
paviau_61387_pgd_0.00500,0.8361461758613586,0.0529347285628318,0.1934292763471603,0.3139283359050751,0.9649999737739564,0.959999978542328,1.0,0.3652682602405548,0.1574473828077316,0.1325571238994598,0.0,6,0.3090945780277252,0.0350000001490116,0.0399999991059303,0.7020969986915588,61387,pgd,0.005,0
paviau_50792_pgd_0.00500,0.9947394728660583,0.9984107613563538,0.6841190457344055,0.7123612761497498,0.9649999737739564,0.959999978542328,0.0,0.0015540218446403,0.0061041521839797,0.0023615953978151,0.0,4,0.2876386940479278,0.0350000001490116,0.0399999991059303,0.0,50792,pgd,0.005,1
paviau_148569_pgd_0.00500,0.7645961046218872,0.1512908488512039,0.2303478121757507,0.3511128723621368,0.9649999737739564,0.8266543745994568,1.0,0.2354570031166076,0.4884839057922363,0.6368309259414673,0.800000011920929,6,0.2801837921142578,0.0350000001490116,0.0839255154132843,0.6014949679374695,148569,pgd,0.005,0
paviau_152667_pgd_0.00500,0.9793060421943665,0.2684387862682342,0.4970055818557739,0.5886679887771606,0.9649999737739564,0.959999978542328,0.800000011920929,0.3282199203968048,0.4908051490783691,0.7379679083824158,0.2000000029802322,7,0.2814196348190307,0.0350000001490116,0.0399999991059303,0.1608718037605285,152667,pgd,0.005,0
paviau_137669_pgd_0.00500,0.8923460841178894,0.1418219804763794,0.2411426454782486,0.3660224974155426,0.9649999737739564,0.959999978542328,0.800000011920929,0.3273226320743561,0.3283213376998901,0.3725291788578033,0.2000000029802322,6,0.3005917370319366,0.0350000001490116,0.0399999991059303,0.6398003101348877,137669,pgd,0.005,0
paviau_188575_pgd_0.00500,0.9899836778640748,0.3778808116912842,0.6553931832313538,0.6854339838027954,0.9649999737739564,0.7895883917808533,0.6000000238418579,0.2657669186592102,0.3017527163028717,0.7557616233825684,0.4000000059604645,5,0.314566045999527,0.0350000001490116,0.0966638401150703,0.004466313868761,188575,pgd,0.005,0
paviau_30063_pgd_0.00500,0.8193506002426147,0.980566680431366,0.3643364608287811,0.68342524766922,0.4981893897056579,0.9360150694847108,0.0,0.0546140037477016,0.0513091087341308,0.031757865101099,0.0,0,0.31657475233078,0.2116637974977493,0.0476967692375183,0.0094744767993688,30063,pgd,0.005,1
paviau_96456_pgd_0.00500,0.4428570568561554,0.0135984476655721,0.1223723664879798,0.3237176537513733,0.5160085558891296,0.2629373073577881,1.0,0.2733904123306274,0.5765354633331299,0.9388620257377625,0.4000000059604645,6,0.3084941208362579,0.2038843035697937,0.3168098628520965,0.1147827506065368,96456,pgd,0.005,0
paviau_198737_pgd_0.00500,0.9982730150222778,0.7806707620620728,0.707907497882843,0.7341969609260559,0.9649999737739564,0.959999978542328,0.0,0.0791006162762641,0.2496598660945892,0.4340136349201202,0.0,1,0.2658030688762665,0.0350000001490116,0.0399999991059303,0.0,198737,pgd,0.005,1
paviau_91202_pgd_0.00500,0.9067520499229432,0.548815906047821,0.322394460439682,0.6803410053253174,0.4614445865154266,0.959999978542328,0.4000000059604645,0.0955537259578704,0.4952458143234253,0.7765790820121765,0.4000000059604645,5,0.3177617788314819,0.2280666679143905,0.0399999991059303,0.0446818657219409,91202,pgd,0.005,0
paviau_193980_pgd_0.00500,0.9987261891365052,0.995267391204834,0.6718189716339111,0.700908362865448,0.9649999737739564,0.959999978542328,0.0,0.0013946437975391,0.0148330852389335,0.0083913374692201,0.0,1,0.2990916669368744,0.0350000001490116,0.0399999991059303,0.0,193980,pgd,0.005,1
paviau_198906_pgd_0.00500,0.5041272640228271,0.0307745933532714,0.1276983469724655,0.4358663260936737,0.8303829431533813,0.2694074213504791,1.0,0.1745926290750503,0.0663605853915214,0.0626231804490089,0.0,5,0.3192934989929199,0.0811938121914863,0.3134234249591827,0.2230196744203567,198906,pgd,0.005,0
paviau_85153_pgd_0.00500,0.9926154613494872,0.999789834022522,0.7538076639175415,0.7752253413200378,0.9649999737739564,0.959999978542328,0.0,0.0025786033365875,0.0009061491582542,0.0004203262215014,0.0,4,0.2247746735811233,0.0350000001490116,0.0399999991059303,0.0,85153,pgd,0.005,1
paviau_117506_pgd_0.00500,0.9974494576454164,0.5587136149406433,0.6441080570220947,0.6805239319801331,0.9649999737739564,0.959999978542328,0.4000000059604645,0.1782655566930771,0.3123230040073395,0.8825723528862,0.4000000059604645,1,0.3090183436870575,0.0350000001490116,0.0399999991059303,0.0014941788977012,117506,pgd,0.005,0
paviau_182801_pgd_0.00500,0.9901071786880492,0.1132824644446373,0.6481894850730896,0.6785807609558105,0.9649999737739564,0.7833588719367981,1.0,0.486608475446701,0.1608053892850875,0.2265649884939193,0.0,5,0.3214192390441894,0.0350000001490116,0.0988293513655662,0.0,182801,pgd,0.005,0
paviau_99830_pgd_0.00500,0.9856690168380736,0.5321148037910461,0.7167187929153442,0.7421831488609314,0.9649999737739564,0.959999978542328,0.4000000059604645,0.1770455837249755,0.3409983813762665,0.9267348647117616,0.6000000238418579,1,0.2578168511390686,0.0350000001490116,0.0399999991059303,0.022434951737523,99830,pgd,0.005,0
paviau_187067_pgd_0.00500,0.544589102268219,0.0228542033582925,0.1315086334943771,0.4837865233421325,0.268779307603836,0.3595703840255737,1.0,0.212099939584732,0.3878851532936096,0.6776144504547119,0.2000000029802322,0,0.3249490261077881,0.3241175711154938,0.2687315046787262,0.0293515734374523,187067,pgd,0.005,0
paviau_84435_pgd_0.00500,0.7917185425758362,0.4736223518848419,0.2745337188243866,0.7022947072982788,0.8093096613883972,0.4223368465900421,0.6000000238418579,0.0623908676207065,0.3963918089866638,0.99198317527771,0.4000000059604645,1,0.2977052927017212,0.0887138694524765,0.2399489283561706,0.0316553190350532,84435,pgd,0.005,1
paviau_109009_pgd_0.00500,0.9998540878295898,0.2023590356111526,0.4506847262382507,0.864752471446991,0.9649999737739564,0.5730569362640381,1.0,0.420350968837738,0.2335284352302551,0.4058881103992462,0.0,1,0.1352475136518478,0.0350000001490116,0.1767565608024597,0.0220746044069528,109009,pgd,0.005,0
paviau_64739_pgd_0.01000,0.9961690306663512,0.9933440685272216,0.6141303777694702,0.6456024050712585,0.9649999737739564,0.959999978542328,0.0,0.0024828799068927,0.0224968437105417,0.0091379405930638,0.0,4,0.3543975949287414,0.0350000001490116,0.0399999991059303,0.0785940438508987,64739,pgd,0.01,1
paviau_207219_pgd_0.01000,0.9874430298805236,0.4462058544158935,0.2885158956050873,0.4146844148635864,0.5208481550216675,0.959999978542328,0.6000000238418579,0.2447996586561203,0.3271174728870392,0.8980339169502258,0.4000000059604645,5,0.3424733281135559,0.2017902284860611,0.0399999991059303,0.4758168458938598,207219,pgd,0.01,0
paviau_62031_pgd_0.01000,0.9938904047012328,0.9990894198417664,0.5927561521530151,0.6243943572044373,0.9649999737739564,0.959999978542328,0.0,0.0021403299178928,0.0037554404698312,0.001333633903414,0.0,4,0.3756056427955627,0.0350000001490116,0.0399999991059303,0.103091187775135,62031,pgd,0.01,1
paviau_180048_pgd_0.01000,0.9538676738739014,0.5263764262199402,0.5286787748336792,0.6651582717895508,0.6908379793167114,0.633820652961731,0.4000000059604645,0.2028510719537735,0.3270882964134216,0.942434549331665,0.4000000059604645,1,0.3313964009284973,0.1326732486486435,0.1531856060028076,0.0198204405605793,180048,pgd,0.01,1
paviau_123575_pgd_0.01000,0.9993552565574646,0.0016009930986911,0.310124933719635,0.4345209300518036,0.9476264119148254,0.959999978542328,1.0,0.6858149170875549,0.3252583742141723,0.7832819819450378,0.2000000029802322,7,0.3190577328205108,0.0407943911850452,0.0399999991059303,0.5142462253570557,123575,pgd,0.01,0
paviau_118456_pgd_0.01000,0.9987169504165648,0.4225863516330719,0.6078391671180725,0.6588014364242554,0.9649999737739564,0.6929084658622742,0.6000000238418579,0.2582735419273376,0.3423868715763092,0.8581141233444214,0.6000000238418579,0,0.3411985337734222,0.0350000001490116,0.1311320811510086,0.032496403902769,118456,pgd,0.01,0
paviau_205144_pgd_0.01000,0.996614634990692,0.3677542209625244,0.6273454427719116,0.6585137248039246,0.9649999737739564,0.959999978542328,0.6000000238418579,0.2947810888290405,0.2993572950363159,0.7355087399482727,0.4000000059604645,5,0.3414862751960754,0.0350000001490116,0.0399999991059303,0.0272761322557926,205144,pgd,0.01,0
paviau_18390_pgd_0.01000,0.989064395427704,0.1833515912294387,0.1828711926937103,0.3087894320487976,0.9649999737739564,0.959999978542328,0.800000011920929,0.4234068691730499,0.4494253993034363,0.6467590928077698,0.4000000059604645,7,0.3556443750858307,0.0350000001490116,0.0399999991059303,0.7199852466583252,18390,pgd,0.01,0
paviau_80274_pgd_0.01000,0.9955964684486388,0.4154128730297088,0.2598041892051697,0.3876340091228485,0.9649999737739564,0.959999978542328,0.6000000238418579,0.2580588757991791,0.4017201066017151,0.8812054395675659,0.4000000059604645,7,0.3324309885501861,0.0350000001490116,0.0399999991059303,0.5884493589401245,80274,pgd,0.01,0
paviau_196523_pgd_0.01000,0.9899368286132812,0.4826179444789886,0.3536904752254486,0.4703181684017181,0.9649999737739564,0.959999978542328,0.6000000238418579,0.2171385586261749,0.3183040916919708,0.9661647081375122,0.4000000059604645,5,0.3437420725822449,0.0350000001490116,0.0399999991059303,0.599861741065979,196523,pgd,0.01,0
paviau_72188_pgd_0.01000,0.9972457885742188,0.4544846415519714,0.6026695370674133,0.6342817544937134,0.9649999737739564,0.959999978542328,0.6000000238418579,0.2350218445062637,0.5171404480934143,0.8348816633224487,0.6000000238418579,5,0.3657182455062866,0.0350000001490116,0.0399999991059303,0.0896798744797706,72188,pgd,0.01,0
paviau_186209_pgd_0.01000,0.998741090297699,0.1975872814655304,0.229283794760704,0.3587541282176971,0.7405569553375244,0.959999978542328,0.800000011920929,0.424433559179306,0.2311253398656845,0.3964915573596954,0.2000000029802322,5,0.3885580003261566,0.1138591095805168,0.0399999991059303,0.6742445230484009,186209,pgd,0.01,0
paviau_196077_pgd_0.01000,0.998793601989746,0.2240301966667175,0.6283002495765686,0.6594408750534058,0.9649999737739564,0.959999978542328,1.0,0.4010566771030426,0.2514782547950744,0.4507113993167877,0.0,5,0.3405591547489166,0.0350000001490116,0.0399999991059303,0.012567214667797,196077,pgd,0.01,0
paviau_193979_pgd_0.01000,0.8228031396865845,0.5907108187675476,0.3216996192932129,0.6136027574539185,0.6118918061256409,0.465054988861084,0.4000000059604645,0.1926616877317428,0.3159087002277374,0.8156218528747559,0.4000000059604645,1,0.3863972723484039,0.1637708395719528,0.2212636768817901,0.0296811368316411,193979,pgd,0.01,1
paviau_68768_pgd_0.01000,0.9988677501678468,0.5528108477592468,0.6311355233192444,0.6621893644332886,0.9649999737739564,0.959999978542328,0.4000000059604645,0.1854110658168792,0.3349574208259582,0.8856038451194763,0.4000000059604645,5,0.337810605764389,0.0350000001490116,0.0399999991059303,0.0011763980146497,68768,pgd,0.01,0
paviau_155607_pgd_0.01000,0.9977333545684814,0.0227579772472381,0.1995773464441299,0.3252674639225006,0.9649999737739564,0.959999978542328,1.0,0.6335089802742004,0.3643103241920471,0.7430844306945801,0.4000000059604645,2,0.3363474309444427,0.0350000001490116,0.0399999991059303,0.7017084956169128,155607,pgd,0.01,0
paviau_191281_pgd_0.01000,0.999669075012207,0.0933756530284881,0.3569844961166382,0.4734449088573456,0.9649999737739564,0.959999978542328,1.0,0.5333395004272461,0.1412169486284256,0.1867516487836837,0.0,5,0.3393791913986206,0.0350000001490116,0.0399999991059303,0.5818871259689331,191281,pgd,0.01,0
paviau_95738_pgd_0.01000,0.8209921717643738,0.756518542766571,0.1110001429915428,0.5480680465698242,0.4766737222671509,0.2487693578004837,0.2000000029802322,0.0907805263996124,0.2634364068508148,0.4831103980541229,0.2000000029802322,1,0.3600263893604278,0.2212074995040893,0.324320524930954,0.0941906422376632,95738,pgd,0.01,0
paviau_140145_pgd_0.01000,0.999298095703125,0.3497008085250854,0.638415515422821,0.669215738773346,0.7227784395217896,0.959999978542328,0.800000011920929,0.30570188164711,0.4159102737903595,0.7712528109550476,0.800000011920929,7,0.3307842910289764,0.1205228343605995,0.0399999991059303,0.0411352291703224,140145,pgd,0.01,0
paviau_177021_pgd_0.01000,0.9978523254394532,0.0893121138215065,0.6341026425361633,0.6650583744049072,0.8799643516540527,0.959999978542328,1.0,0.538276195526123,0.1369685679674148,0.1786246299743652,0.0,5,0.3349416255950928,0.0638220161199569,0.0399999991059303,0.0134496269747614,177021,pgd,0.01,0
paviau_156617_pgd_0.01000,0.9972262978553772,0.1305289566516876,0.6299123764038086,0.6610044240951538,0.9649999737739564,0.959999978542328,1.0,0.4843674600124359,0.5335423946380615,0.9091578125953674,0.4000000059604645,2,0.3389955461025238,0.0350000001490116,0.0399999991059303,0.2204062193632125,156617,pgd,0.01,0
paviau_27227_pgd_0.01000,0.998978853225708,0.1756092458963394,0.6043168306350708,0.6359160542488098,0.94033944606781,0.959999978542328,1.0,0.4449547529220581,0.2217676937580108,0.3543053567409515,0.0,5,0.3640839457511902,0.0432387217879295,0.0399999991059303,0.0277741942554712,27227,pgd,0.01,0
paviau_199653_pgd_0.01000,0.7065237164497375,0.6065251231193542,0.6268773674964905,0.6580590009689331,0.8037376403808594,0.7287060022354126,0.4000000059604645,0.0758085399866104,0.4808246791362762,0.631744384765625,0.4000000059604645,0,0.3419409990310669,0.0907164439558982,0.118148572742939,0.0579574890434742,199653,pgd,0.01,1
paviau_13456_pgd_0.01000,0.7194280624389648,0.0963494628667831,0.1127178445458412,0.4191771447658539,0.6213979721069336,0.2509421408176422,1.0,0.2318761944770813,0.1444450467824936,0.1927327364683151,0.0,1,0.4164140224456787,0.159940555691719,0.3231600224971771,0.0639986097812652,13456,pgd,0.01,0
paviau_32331_pgd_0.01000,0.9994831085205078,0.1746560484170913,0.5606625080108643,0.5917513370513916,0.9649999737739564,0.959999978542328,1.0,0.4453449547290802,0.2145886719226837,0.350382536649704,0.0,5,0.408248633146286,0.0350000001490116,0.0399999991059303,0.0231396313756704,32331,pgd,0.01,0
paviau_165289_pgd_0.01000,0.99827778339386,0.1672950536012649,0.6125749945640564,0.6440727710723877,0.9649999737739564,0.959999978542328,0.800000011920929,0.448431134223938,0.2161899656057357,0.3376532196998596,0.2000000029802322,5,0.3559271991252899,0.0350000001490116,0.0399999991059303,0.0168940182775259,165289,pgd,0.01,0
paviau_75237_pgd_0.01000,0.9989342093467712,0.5910822749137878,0.6336655020713806,0.6646361947059631,0.9649999737739564,0.959999978542328,0.4000000059604645,0.1652191430330276,0.357681393623352,0.7939771413803101,0.4000000059604645,5,0.3353638052940368,0.0350000001490116,0.0399999991059303,0.0020649854559451,75237,pgd,0.01,0
paviau_110339_pgd_0.01000,0.9972692131996156,0.6595297455787659,0.6452570557594299,0.6757792234420776,0.9649999737739564,0.959999978542328,0.4000000059604645,0.1291578561067581,0.2936313450336456,0.680431067943573,0.4000000059604645,1,0.3242207765579223,0.0350000001490116,0.0399999991059303,0.0080755269154906,110339,pgd,0.01,0
paviau_56184_pgd_0.01000,0.9964937567710876,0.4852018058300018,0.6319608688354492,0.6629881262779236,0.9297997951507568,0.959999978542328,0.6000000238418579,0.223962128162384,0.3289734125137329,0.9757113456726074,0.4000000059604645,5,0.337011843919754,0.0467889904975891,0.0399999991059303,0.0079565281048417,56184,pgd,0.01,0
paviau_100381_pgd_0.01000,0.9874356985092164,0.2669365704059601,0.3486588895320892,0.4655114710330963,0.9649999737739564,0.959999978542328,0.800000011920929,0.3487437963485718,0.6261668801307678,0.8712531924247742,0.4000000059604645,0,0.3504485785961151,0.0350000001490116,0.0399999991059303,0.2519339323043823,100381,pgd,0.01,0
paviau_185739_pgd_0.01000,0.8906561732292175,0.2465910911560058,0.3524576425552368,0.4691439270973205,0.7915523052215576,0.8894602060317993,0.800000011920929,0.2710298001766205,0.570537269115448,0.7739194631576538,0.4000000059604645,0,0.345380574464798,0.095116913318634,0.0628841072320938,0.1186660826206207,185739,pgd,0.01,0
paviau_109590_pgd_0.01000,0.9943530559539796,0.6557804942131042,0.5486095547676086,0.579229474067688,0.9649999737739564,0.959999978542328,0.2000000029802322,0.1265299618244171,0.5043120980262756,0.4865557849407196,0.2000000029802322,0,0.420770525932312,0.0350000001490116,0.0399999991059303,0.0729761123657226,109590,pgd,0.01,0
paviau_189916_pgd_0.01000,0.9993187189102172,0.1426528841257095,0.6277729272842407,0.6589289307594299,0.9611436128616332,0.959999978542328,1.0,0.4778878390789032,0.1865360885858535,0.2853146195411682,0.0,5,0.34107106924057,0.0362821593880653,0.0399999991059303,0.0133452787995338,189916,pgd,0.01,0
paviau_187891_pgd_0.01000,0.998608648777008,0.1419242173433303,0.6261310577392578,0.657333493232727,0.767146646976471,0.959999978542328,1.0,0.4787105917930603,0.1952560991048813,0.2869518995285034,0.0,5,0.3426664769649505,0.1040196046233177,0.0399999991059303,0.0369810983538627,187891,pgd,0.01,0
paviau_121250_pgd_0.01000,0.9998821020126344,0.8271338939666748,0.6166715621948242,0.6480967998504639,0.9649999737739564,0.959999978542328,0.2000000029802322,0.0639061778783798,0.2097705453634262,0.345679223537445,0.2000000029802322,1,0.3519031703472137,0.0350000001490116,0.0399999991059303,0.013394814915955,121250,pgd,0.01,0
paviau_177714_pgd_0.01000,0.9995400905609132,0.2308374196290969,0.6295676827430725,0.6606703400611877,0.8437986373901367,0.959999978542328,1.0,0.3953598737716675,0.2840312719345093,0.4761717617511749,0.0,5,0.3393296897411346,0.0764496251940727,0.0399999991059303,0.0112577890977263,177714,pgd,0.01,0
paviau_189591_pgd_0.01000,0.9988376498222352,0.4751162230968475,0.6168379783630371,0.6482599973678589,0.7744288444519043,0.959999978542328,0.6000000238418579,0.2297469973564148,0.3150765597820282,0.9502684473991394,0.4000000059604645,5,0.3517400026321411,0.1013505458831787,0.0399999991059303,0.0159339495003223,189591,pgd,0.01,0
paviau_108074_pgd_0.01000,0.99576735496521,0.6357244253158569,0.6063567399978638,0.6379364728927612,0.9649999737739564,0.959999978542328,0.4000000059604645,0.1377878487110138,0.3080156147480011,0.7247905135154724,0.6000000238418579,1,0.3620634973049164,0.0350000001490116,0.0399999991059303,0.0572562105953693,108074,pgd,0.01,0
paviau_40621_pgd_0.01000,0.9959985017776488,0.0130955809727311,0.2825730443000793,0.409235268831253,0.9649999737739564,0.959999978542328,1.0,0.6514491438865662,0.4345135688781738,0.969769299030304,0.4000000059604645,6,0.3270563185214996,0.0350000001490116,0.0399999991059303,0.6648911833763123,40621,pgd,0.01,0
paviau_201833_pgd_0.01000,0.9955763816833496,0.0858522728085517,0.6246008276939392,0.655844509601593,0.9649999737739564,0.959999978542328,1.0,0.5395370125770569,0.137178748846054,0.1726835370063781,0.0,5,0.3441554605960846,0.0350000001490116,0.0399999991059303,0.0056196795776486,201833,pgd,0.01,0
paviau_110306_pgd_0.01000,0.5510572791099548,1.2841539387409284e-07,0.0179700031876564,0.0543809048831462,0.2991304993629455,0.3649598360061645,1.0,0.3363416492938995,0.0045843431726098,0.0025420857127755,0.0,6,0.4436095356941223,0.3076234757900238,0.2661921977996826,0.5469985604286194,110306,pgd,0.01,0
paviau_33002_pgd_0.01000,0.999575674533844,0.1742785274982452,0.628380537033081,0.659518837928772,0.9649999737739564,0.959999978542328,1.0,0.4461166858673095,0.2150450944900512,0.3498864471912384,0.0,5,0.340481162071228,0.0350000001490116,0.0399999991059303,0.0327166244387626,33002,pgd,0.01,0
paviau_193719_pgd_0.01000,0.9988195300102234,0.4926390647888183,0.3416881263256073,0.458789050579071,0.8809167146682739,0.959999978542328,0.4000000059604645,0.2198635041713714,0.3216881155967712,0.9871246218681335,0.4000000059604645,5,0.3598292469978332,0.0634926036000251,0.0399999991059303,0.5661584734916687,193719,pgd,0.01,0
paviau_196345_pgd_0.01000,0.9923726320266724,0.5925662517547607,0.5706817507743835,0.6020490527153015,0.8709269762039185,0.959999978542328,0.4000000059604645,0.1647636592388153,0.3601648509502411,0.781561017036438,0.4000000059604645,1,0.3979509174823761,0.0669558644294738,0.0399999991059303,0.0570089966058731,196345,pgd,0.01,1
paviau_14073_pgd_0.01000,0.9814669489860536,0.1218202635645866,0.5340949296951294,0.5819249153137207,0.9649999737739564,0.959999978542328,1.0,0.4591300785541534,0.1912997514009475,0.2525506317615509,0.0,1,0.3950452506542206,0.0350000001490116,0.0399999991059303,0.100420668721199,14073,pgd,0.01,0
paviau_142210_pgd_0.01000,0.9969984292984008,0.1255697458982467,0.5137904286384583,0.6638439893722534,0.9649999737739564,0.6224339008331299,1.0,0.4883081018924713,0.484001487493515,0.8882486820220947,0.6000000238418579,0,0.3361559808254242,0.0350000001490116,0.1575306504964828,0.0816704034805297,142210,pgd,0.01,0
paviau_100823_pgd_0.01000,0.999789535999298,0.6986410617828369,0.6244204044342041,0.6556688547134399,0.9649999737739564,0.959999978542328,0.4000000059604645,0.1174350380897522,0.3735053539276123,0.4578392505645752,0.4000000059604645,1,0.34433114528656,0.0350000001490116,0.0399999991059303,0.0127060199156403,100823,pgd,0.01,0
paviau_6907_pgd_0.01000,0.959251344203949,0.0063319969922304,0.1061581671237945,0.2073625922203064,0.9649999737739564,0.959999978542328,1.0,0.6182759404182434,0.5933462977409363,0.5565952062606812,0.4000000059604645,6,0.3516019284725189,0.0350000001490116,0.0399999991059303,0.8305065035820007,6907,pgd,0.01,0
paviau_142943_pgd_0.01000,0.985790491104126,0.5673643946647644,0.6372008323669434,0.6680464148521423,0.9649999737739564,0.959999978542328,0.6000000238418579,0.1645978391170501,0.5011840462684631,0.6740126609802246,0.6000000238418579,7,0.33195361495018,0.0350000001490116,0.0399999991059303,0.0474396608769893,142943,pgd,0.01,0
paviau_169694_pgd_0.01000,0.9973243474960328,0.3847897052764892,0.6318248510360718,0.6628565192222595,0.9649999737739564,0.959999978542328,0.6000000238418579,0.2796520292758941,0.303545206785202,0.7696371674537659,0.4000000059604645,5,0.3371434509754181,0.0350000001490116,0.0399999991059303,0.0193479154258966,169694,pgd,0.01,0
paviau_171902_pgd_0.01000,0.8593366146087646,0.7012279629707336,0.3950816988945007,0.6482025980949402,0.6889498233795166,0.5278324484825134,0.2000000029802322,0.0808514282107353,0.3592965304851532,0.5114560127258301,0.2000000029802322,1,0.3517974019050598,0.1333989202976226,0.1949549168348312,0.0406081601977348,171902,pgd,0.01,1
paviau_57260_pgd_0.01000,0.9892174005508424,0.9996223449707032,0.6377703547477722,0.6685947775840759,0.9649999737739564,0.959999978542328,0.0,0.0037342673167586,0.0016326353652402,0.0006406286847777,0.0,4,0.3314052224159241,0.0350000001490116,0.0399999991059303,0.0498186498880386,57260,pgd,0.01,1
paviau_196067_pgd_0.01000,0.9990574717521667,0.2914771437644958,0.3566997051239013,0.4731751978397369,0.9498559832572936,0.959999978542328,0.800000011920929,0.3482597470283508,0.2746542692184448,0.5829547643661499,0.2000000029802322,5,0.3397555351257324,0.04004817456007,0.0399999991059303,0.573790431022644,196067,pgd,0.01,0
paviau_199940_pgd_0.01000,0.9987308382987976,0.1306084245443344,0.6009363532066345,0.6325595378875732,0.9649999737739564,0.959999978542328,1.0,0.486942321062088,0.3897386491298675,0.406345933675766,0.2000000029802322,5,0.3674404621124267,0.0350000001490116,0.0399999991059303,0.0169783663004636,199940,pgd,0.01,0
paviau_105253_pgd_0.01000,0.9994150400161744,0.7573068141937256,0.6386653780937195,0.6694560647010803,0.9649999737739564,0.959999978542328,0.2000000029802322,0.0914045274257659,0.2523409128189087,0.4853602945804596,0.2000000029802322,1,0.3305439054965973,0.0350000001490116,0.0399999991059303,0.0079395743086934,105253,pgd,0.01,0
paviau_121846_pgd_0.01000,0.9991236329078674,0.4969504177570343,0.6294429898262024,0.6605494022369385,0.9649999737739564,0.959999978542328,0.6000000238418579,0.2147427946329116,0.5001630187034607,0.7865726947784424,0.6000000238418579,0,0.3394505679607391,0.0350000001490116,0.0399999991059303,0.0616801902651786,121846,pgd,0.01,0
paviau_110169_pgd_0.01000,0.998384952545166,0.1452841460704803,0.5657187104225159,0.5969605445861816,0.9649999737739564,0.959999978542328,1.0,0.4724016487598419,0.2346232086420059,0.3082633912563324,0.0,7,0.4030394554138183,0.0350000001490116,0.0399999991059303,0.0697181597352027,110169,pgd,0.01,0
paviau_151638_pgd_0.01000,0.9674423933029176,0.0034009993541985,0.1136521100997924,0.2190044969320297,0.9649999737739564,0.5226818323135376,1.0,0.6194073557853699,0.6585755944252014,0.984945833683014,0.6000000238418579,6,0.352771520614624,0.0350000001490116,0.1970658600330352,0.70166015625,151638,pgd,0.01,0
paviau_135624_pgd_0.01000,0.9955517649650574,0.2572239935398102,0.6437464356422424,0.6743332147598267,0.901409149169922,0.959999978542328,1.0,0.3716897070407867,0.3058676719665527,0.5329812169075012,0.0,6,0.3256667852401733,0.056441780179739,0.0399999991059303,0.0204515382647514,135624,pgd,0.01,0
paviau_115087_pgd_0.01000,0.6763797402381897,0.7272694110870361,0.0195967350155115,0.3937200903892517,0.1852448582649231,0.0979751870036125,0.2000000029802322,0.0062190117314457,0.2907885611057281,0.5338161587715149,0.2000000029802322,1,0.4010045826435089,0.3731514811515808,0.414676159620285,0.0713675692677497,115087,pgd,0.01,0
paviau_85491_pgd_0.01000,0.9867536425590516,0.994759738445282,0.5902754664421082,0.6219061613082886,0.9649999737739564,0.959999978542328,0.0,0.0051653678528964,0.0165153406560421,0.0088770277798175,0.0,4,0.3780938684940338,0.0350000001490116,0.0399999991059303,0.0973825976252555,85491,pgd,0.01,1
paviau_43550_pgd_0.01000,0.9997310042381288,0.3414164185523987,0.6296593546867371,0.6607592105865479,0.9649999737739564,0.959999978542328,0.800000011920929,0.3124782741069793,0.3048638999462127,0.6874706745147705,0.2000000029802322,5,0.3392407596111297,0.0350000001490116,0.0399999991059303,0.0528853759169578,43550,pgd,0.01,0
paviau_116819_pgd_0.01000,0.9347439408302308,0.7074730396270752,0.105962298810482,0.6708062291145325,0.9345645308494568,0.2423244565725326,0.2000000029802322,0.0515954904258251,0.3121313452720642,0.5647982954978943,0.2000000029802322,1,0.3291937708854675,0.0451817847788333,0.3277818262577057,0.0946534946560859,116819,pgd,0.01,0
paviau_31026_pgd_0.01000,0.9560543298721312,0.3905449211597442,0.2445017695426941,0.372977465391159,0.4741846024990082,0.4443650543689728,0.6000000238418579,0.2567712664604187,0.3063391149044037,0.7815873622894287,0.4000000059604645,5,0.3416558802127838,0.2223225831985473,0.230228915810585,0.0800874978303909,31026,pgd,0.01,0
paviau_11960_pgd_0.01000,0.986863613128662,0.4518475830554962,0.3595919013023376,0.4722015559673309,0.9649999737739564,0.959999978542328,0.4000000059604645,0.2289979159832,0.4987147152423858,0.9638779163360596,0.4000000059604645,7,0.3650810420513153,0.0350000001490116,0.0399999991059303,0.3550218045711517,11960,pgd,0.01,0
paviau_204254_pgd_0.01000,0.9966615438461304,0.2256084829568863,0.5912714600563049,0.6229058504104614,0.8318170309066772,0.959999978542328,0.800000011920929,0.400484949350357,0.2430763393640518,0.4512315690517425,0.2000000029802322,5,0.3770941495895386,0.0806850790977478,0.0399999991059303,0.0292397569864988,204254,pgd,0.01,0
paviau_204919_pgd_0.01000,0.9971668124198914,0.8119125366210938,0.2823272347450256,0.6702826619148254,0.9649999737739564,0.4295469522476196,0.2000000029802322,0.0642905756831169,0.228899136185646,0.3721372187137604,0.2000000029802322,3,0.3297173678874969,0.0350000001490116,0.2367469817399978,0.0380747318267822,204919,pgd,0.01,0
paviau_145111_pgd_0.01000,0.9948464632034302,0.0720101371407508,0.5555372834205627,0.6173255443572998,0.6525758504867554,0.959999978542328,1.0,0.5487009286880493,0.6365436911582947,0.9856317639350892,0.6000000238418579,7,0.3826744854450226,0.1475470066070556,0.0399999991059303,0.182608500123024,145111,pgd,0.01,0
paviau_28727_pgd_0.01000,0.7063167095184326,0.9882709980010986,0.2335359305143356,0.6685538291931152,0.5386534929275513,0.3832512497901916,0.0,0.0945801883935928,0.0308499205857515,0.0222080443054437,0.0,3,0.3314461410045624,0.1941529214382171,0.257672518491745,0.0297838989645242,28727,pgd,0.01,1
paviau_88437_pgd_0.01000,0.9689476490020752,0.6662502884864807,0.3888830840587616,0.4894400537014007,0.933956742286682,0.959999978542328,0.4000000059604645,0.0919689461588859,0.2966319918632507,0.6649506092071533,0.4000000059604645,1,0.3887342810630798,0.0453866086900234,0.0399999991059303,0.3284203708171844,88437,pgd,0.01,0
paviau_181095_pgd_0.01000,0.999097466468811,0.2107046842575073,0.5843992829322815,0.6159892678260803,0.6873980164527893,0.959999978542328,1.0,0.4132215082645416,0.2351439595222473,0.4215852916240692,0.0,5,0.3840107321739197,0.1339959502220153,0.0399999991059303,0.0395682454109191,181095,pgd,0.01,0
paviau_57520_pgd_0.01000,0.9938551783561708,0.1807298958301544,0.6315528750419617,0.6625933051109314,0.9649999737739564,0.959999978542328,0.800000011920929,0.4309177100658417,0.411251813173294,0.4857231378555298,0.2000000029802322,2,0.3374066948890686,0.0350000001490116,0.0399999991059303,0.0464637950062751,57520,pgd,0.01,0
paviau_196395_pgd_0.01000,0.9984251260757446,0.1267644315958023,0.6316908597946167,0.6627268195152283,0.7105711102485657,0.959999978542328,1.0,0.4949732720851898,0.1730363517999649,0.2535294592380523,0.0,5,0.3372731804847717,0.1251390427350998,0.0399999991059303,0.0141823552548885,196395,pgd,0.01,0
paviau_100162_pgd_0.01000,0.9931175708770752,0.7731120586395264,0.6314465403556824,0.6624903678894043,0.8029199242591858,0.959999978542328,0.2000000029802322,0.0762277469038963,0.2437315434217453,0.4537723064422607,0.2000000029802322,1,0.3375096321105957,0.0910108238458633,0.0399999991059303,0.0506996102631092,100162,pgd,0.01,0
paviau_20789_pgd_0.01000,0.9996209144592284,0.2414921671152115,0.6294536590576172,0.6605597138404846,0.9649999737739564,0.959999978542328,0.800000011920929,0.3858912885189056,0.5795270204544067,0.7395886182785034,0.4000000059604645,5,0.339440256357193,0.0350000001490116,0.0399999991059303,0.0191869735717773,20789,pgd,0.01,0
paviau_176569_pgd_0.01000,0.9857574701309204,0.2415601015090942,0.633825421333313,0.664790689945221,0.9649999737739564,0.959999978542328,0.800000011920929,0.3643812835216522,0.6424335241317749,0.8311313986778259,0.4000000059604645,2,0.3352093398571014,0.0350000001490116,0.0399999991059303,0.0650346502661705,176569,pgd,0.01,0
paviau_75927_pgd_0.01000,0.9992008805274964,0.2943074405193329,0.6371222138404846,0.6679706573486328,0.9649999737739564,0.959999978542328,0.800000011920929,0.3436970114707947,0.6322389841079712,0.9932594895362854,0.800000011920929,5,0.3320293128490448,0.0350000001490116,0.0399999991059303,0.0019375679548829,75927,pgd,0.01,0
paviau_204341_pgd_0.01000,0.98034405708313,0.2001836746931076,0.6304030418395996,0.6614799499511719,0.9649999737739564,0.959999978542328,0.800000011920929,0.4196619987487793,0.2350410223007202,0.4024318754673004,0.2000000029802322,5,0.3385200202465057,0.0350000001490116,0.0399999991059303,0.0238198190927505,204341,pgd,0.01,0
paviau_103902_pgd_0.01000,0.9998546838760376,0.8185568451881409,0.6369935870170593,0.6678467988967896,0.9649999737739564,0.959999978542328,0.2000000029802322,0.0672701820731163,0.2172103077173233,0.3623464703559875,0.2000000029802322,1,0.332153171300888,0.0350000001490116,0.0399999991059303,0.0175678115338087,103902,pgd,0.01,0
paviau_147141_pgd_0.01000,0.9976022839546204,0.2355498373508453,0.3649544715881347,0.5128656029701233,0.498721182346344,0.959999978542328,0.6000000238418579,0.3899870216846466,0.4930330812931061,0.6513376235961914,0.4000000059604645,7,0.3263905644416809,0.2114300280809402,0.0399999991059303,0.0769174918532371,147141,pgd,0.01,0
paviau_104222_pgd_0.02000,0.9995875954627992,0.2769738733768463,0.1238514706492424,0.243963211774826,0.9649999737739564,0.959999978542328,0.800000011920929,0.3584636747837066,0.4316636621952057,0.6531253457069397,0.2000000029802322,1,0.406486839056015,0.0350000001490116,0.0399999991059303,0.7680290937423706,104222,pgd,0.02,0
paviau_38476_pgd_0.02000,0.998239517211914,0.7161511182785034,0.3808723092079162,0.5462465286254883,0.5123292207717896,0.959999978542328,0.2000000029802322,0.1104460582137107,0.2769356369972229,0.5660625100135803,0.2000000029802322,5,0.4537535011768341,0.2054816335439682,0.0399999991059303,0.1171057447791099,38476,pgd,0.02,0
paviau_75927_pgd_0.02000,0.9995627999305724,0.45601886510849,0.5347309112548828,0.5646235942840576,0.7993890643119812,0.959999978542328,0.6000000238418579,0.2393605411052703,0.4921401441097259,0.9712873101234436,0.6000000238418579,5,0.4353764355182647,0.0922834873199462,0.0399999991059303,0.1131548583507537,75927,pgd,0.02,0
paviau_155280_pgd_0.02000,0.792405903339386,0.9589785933494568,0.3860782086849212,0.5706403851509094,0.6678659915924072,0.5203350186347961,0.0,0.0360715724527835,0.0779064819216728,0.0820428133010864,0.0,3,0.4293596148490906,0.1415601372718811,0.1980303972959518,0.06192547082901,155280,pgd,0.02,1
paviau_38111_pgd_0.02000,0.9993521571159364,0.4172748923301697,0.5313829779624939,0.5610693097114563,0.6963887214660645,0.959999978542328,0.800000011920929,0.2635632753372192,0.342397928237915,0.8483831286430359,0.800000011920929,5,0.4389307200908661,0.1305447965860366,0.0399999991059303,0.1134509295225143,38111,pgd,0.02,0
paviau_94412_pgd_0.02000,0.993137776851654,0.0192911978811025,0.3051739037036896,0.4175445139408111,0.9624152183532716,0.959999978542328,1.0,0.6304724812507629,0.3951198160648346,0.8497904539108276,0.4000000059604645,2,0.4354026019573211,0.0358591228723526,0.0399999991059303,0.5911891460418701,94412,pgd,0.02,0
paviau_151800_pgd_0.02000,0.996466875076294,0.217928260564804,0.4841539263725281,0.5419349074363708,0.5970154404640198,0.959999978542328,0.800000011920929,0.403567761182785,0.5903019309043884,0.8243088722229004,0.4000000059604645,7,0.4580650925636291,0.1698150038719177,0.0399999991059303,0.4448318183422088,151800,pgd,0.02,0
paviau_129505_pgd_0.02000,0.998615026473999,0.0051774950698018,0.2163238227367401,0.3426091372966766,0.9176680445671082,0.959999978542328,1.0,0.6726215481758118,0.593504786491394,0.860105037689209,0.4000000059604645,5,0.4514079988002777,0.0508976280689239,0.0399999991059303,0.7748507261276245,129505,pgd,0.02,0
paviau_173275_pgd_0.02000,0.9994757771492004,0.7427235841751099,0.5333330631256104,0.5631410479545593,0.9649999737739564,0.959999978542328,0.2000000029802322,0.0973411574959755,0.274058997631073,0.5075960159301758,0.2000000029802322,3,0.4368589520454407,0.0350000001490116,0.0399999991059303,0.0871476083993911,173275,pgd,0.02,0
paviau_168843_pgd_0.02000,0.9992653727531432,0.0036846213042736,0.0590393878519535,0.1487527340650558,0.9649999737739564,0.959999978542328,1.0,0.6800485849380493,0.2921173870563507,0.6020906567573547,0.2000000029802322,3,0.4264371395111084,0.0350000001490116,0.0399999991059303,0.8934474587440491,168843,pgd,0.02,0
paviau_133266_pgd_0.02000,0.9949073195457458,0.0812250971794128,0.1032102182507515,0.2158868759870529,0.9649999737739564,0.959999978542328,1.0,0.5376322269439697,0.471152126789093,0.6133610010147095,0.4000000059604645,6,0.4066211879253387,0.0350000001490116,0.0399999991059303,0.8214632868766785,133266,pgd,0.02,0
paviau_146469_pgd_0.02000,0.9964042901992798,0.3909388780593872,0.2647068500518799,0.3852545022964477,0.5030534863471985,0.959999978542328,0.6000000238418579,0.2789278030395508,0.3891453444957733,0.8233981132507324,0.4000000059604645,7,0.4389610290527344,0.2095292657613754,0.0399999991059303,0.4974713921546936,146469,pgd,0.02,0
paviau_110648_pgd_0.02000,0.807283878326416,0.0004258864501025,0.0120182875543832,0.0507616028189659,0.3127825260162353,0.7680054903030396,1.0,0.6735995411872864,0.0026181095745414,0.001043087686412,0.0,6,0.4901321530342102,0.3003984093666076,0.1041977852582931,0.7607383728027344,110648,pgd,0.02,0
paviau_196702_pgd_0.02000,0.9948896169662476,0.0209202338010072,0.2416480928659439,0.3670074343681335,0.6217849850654602,0.959999978542328,1.0,0.6334289908409119,0.4364844858646393,0.7617819309234619,0.4000000059604645,3,0.4317909479141235,0.1597851514816284,0.0399999991059303,0.5929203629493713,196702,pgd,0.02,0
paviau_108927_pgd_0.02000,0.995653748512268,9.99999993922529e-09,0.0756654292345047,0.176744058728218,0.6223471164703369,0.4756388962268829,1.0,0.6915329694747925,0.2982211112976074,0.6385927796363831,0.6000000238418579,4,0.4215062856674194,0.1595594733953476,0.2167363315820694,0.6801767945289612,108927,pgd,0.02,0
paviau_50791_pgd_0.02000,0.9914594888687134,0.9978806376457214,0.5303886532783508,0.5600113272666931,0.9649999737739564,0.959999978542328,0.0,0.0023701195605099,0.0079270405694842,0.0029858828056603,0.0,4,0.4399886727333069,0.0350000001490116,0.0399999991059303,0.3772972822189331,50791,pgd,0.02,1
paviau_103548_pgd_0.02000,0.9997442364692688,0.7613210678100586,0.5219235420227051,0.5509604215621948,0.9649999737739564,0.959999978542328,0.2000000029802322,0.0908243358135223,0.2501148283481598,0.4773574471473694,0.2000000029802322,1,0.4490395784378052,0.0350000001490116,0.0399999991059303,0.099134087562561,103548,pgd,0.02,0
paviau_60640_pgd_0.02000,0.9836980104446412,0.999144971370697,0.5249190926551819,0.5541722774505615,0.9438970685005188,0.959999978542328,0.0,0.0055668824352324,0.0033625329378992,0.0014855094486847,0.0,4,0.4458277225494385,0.0420443043112754,0.0399999991059303,0.3755115866661072,60640,pgd,0.02,1
paviau_192289_pgd_0.02000,0.9981707334518432,0.3796211183071136,0.3942520320415497,0.5687546133995056,0.5236399173736572,0.959999978542328,0.6000000238418579,0.2874842882156372,0.3053873181343078,0.7601937651634216,0.4000000059604645,5,0.4312454164028168,0.2005858123302459,0.0399999991059303,0.1007989197969436,192289,pgd,0.02,0
paviau_148284_pgd_0.02000,0.9762564897537231,0.0192773472517728,0.0137949092313647,0.0617318898439407,0.7925601601600647,0.959999978542328,1.0,0.6266763806343079,0.1006341204047203,0.0584368519484996,0.0,6,0.5020700693130493,0.0947518348693847,0.0399999991059303,0.8931747078895569,148284,pgd,0.02,0
paviau_201288_pgd_0.02000,0.9989946484565736,0.1957603693008422,0.5173600912094116,0.5460479259490967,0.6390648484230042,0.959999978542328,0.800000011920929,0.4256505668163299,0.2418506741523742,0.3966202735900879,0.2000000029802322,5,0.4539521038532257,0.1528865993022918,0.0399999991059303,0.1887332648038864,201288,pgd,0.02,0
paviau_143625_pgd_0.02000,0.9978774785995485,0.1796119958162307,0.3810479938983917,0.5416614413261414,0.5124784708023071,0.959999978542328,1.0,0.4393550157546997,0.5594428181648254,0.9674455523490906,0.4000000059604645,7,0.4427601099014282,0.205416738986969,0.0399999991059303,0.5083168148994446,143625,pgd,0.02,0
paviau_151799_pgd_0.02000,0.9917379021644592,0.7212066054344177,0.5221827030181885,0.5512386560440063,0.7539832592010498,0.959999978542328,0.0,0.1029096692800521,0.3892788589000702,0.4445023834705353,0.0,7,0.4487613439559936,0.1088720485568046,0.0399999991059303,0.4215462803840637,151799,pgd,0.02,0
paviau_177027_pgd_0.02000,0.9986324906349182,0.3062407374382019,0.4112574756145477,0.5850842595100403,0.5378569960594177,0.959999978542328,0.800000011920929,0.3375779986381531,0.2807590961456299,0.6125580072402954,0.800000011920929,5,0.4149157404899597,0.1944923400878906,0.0399999991059303,0.1153155043721199,177027,pgd,0.02,0
paviau_18391_pgd_0.02000,0.9963678121566772,0.4174911081790924,0.2169178426265716,0.3434115648269653,0.6883740425109863,0.959999978542328,0.6000000238418579,0.26112100481987,0.382098525762558,0.8690855503082275,0.4000000059604645,7,0.4489714503288269,0.1336203813552856,0.0399999991059303,0.6758084893226624,18391,pgd,0.02,0
paviau_112092_pgd_0.02000,0.9997844099998474,0.448251873254776,0.541837215423584,0.5721276998519897,0.9649999737739564,0.959999978542328,0.6000000238418579,0.2447204440832138,0.4781227111816406,0.9008761644363404,0.6000000238418579,1,0.4278722703456878,0.0350000001490116,0.0399999991059303,0.1548931002616882,112092,pgd,0.02,0
paviau_205297_pgd_0.02000,0.9992840886116028,0.3323550224304199,0.5203588604927063,0.5492786765098572,0.6670869588851929,0.959999978542328,0.6000000238418579,0.3187150955200195,0.4520003795623779,0.7753745317459106,0.6000000238418579,5,0.4507212936878204,0.1418637633323669,0.0399999991059303,0.1244627386331558,205297,pgd,0.02,0
paviau_91201_pgd_0.02000,0.9979006052017212,0.5836662650108337,0.3570520877838135,0.449820876121521,0.9399919509887696,0.959999978542328,0.4000000059604645,0.168779581785202,0.543027400970459,0.6064173579216003,0.4000000059604645,5,0.4528110027313232,0.0433554798364639,0.0399999991059303,0.5559362769126892,91201,pgd,0.02,0
paviau_112711_pgd_0.02000,0.9966944456100464,0.0691746100783348,0.0725399106740951,0.1749966740608215,0.5174087285995483,0.8646135330200195,1.0,0.5588644742965698,0.4414235055446625,0.932064414024353,0.4000000059604645,1,0.4368886053562164,0.2032776325941085,0.0711297765374183,0.7194696068763733,112711,pgd,0.02,0
paviau_37896_pgd_0.02000,0.9971936345100404,0.1501137614250183,0.058572269976139,0.1533434689044952,0.9649999737739564,0.959999978542328,0.800000011920929,0.4659611880779266,0.6182271838188171,0.788730263710022,0.800000011920929,6,0.4479087889194488,0.0350000001490116,0.0399999991059303,0.8656355738639832,37896,pgd,0.02,0
paviau_26534_pgd_0.02000,0.9988590478897096,0.3696224689483642,0.1649865061044693,0.2940366566181183,0.6549638509750366,0.959999978542328,0.800000011920929,0.2938036620616913,0.3437966108322143,0.7614172697067261,0.2000000029802322,5,0.4380191564559936,0.1466081142425537,0.0399999991059303,0.7325469255447388,26534,pgd,0.02,0
paviau_189772_pgd_0.02000,0.9922448992729188,0.2736282646656036,0.5467060804367065,0.5772383213043213,0.9649999737739564,0.959999978542328,1.0,0.3591147363185882,0.2977195680141449,0.5583457350730896,0.0,2,0.4227616786956787,0.0350000001490116,0.0399999991059303,0.1006472110748291,189772,pgd,0.02,0
paviau_193980_pgd_0.02000,0.9855067729949952,0.0127683440223336,0.2563628256320953,0.3804819285869598,0.4957208931446075,0.8245939016342163,1.0,0.6369268894195557,0.3140093088150024,0.6518701314926147,0.4000000059604645,3,0.424361914396286,0.2127502560615539,0.0846271887421608,0.3249198198318481,193980,pgd,0.02,0
paviau_199598_pgd_0.02000,0.9989644289016724,0.2296916395425796,0.5356478095054626,0.5688038468360901,0.6373030543327332,0.959999978542328,0.800000011920929,0.3971427381038666,0.2452745139598846,0.4593845307826996,0.2000000029802322,5,0.4311961829662323,0.1535863429307937,0.0399999991059303,0.1531523317098617,199598,pgd,0.02,0
paviau_181080_pgd_0.02000,0.9987955093383788,0.6141107678413391,0.2896932959556579,0.4060952365398407,0.6157452464103699,0.959999978542328,0.4000000059604645,0.1572071611881256,0.3068731129169464,0.770704448223114,0.4000000059604645,5,0.4333555102348327,0.1622152179479599,0.0399999991059303,0.5127584338188171,181080,pgd,0.02,0
paviau_136647_pgd_0.02000,0.9912588000297546,0.0285672098398208,0.3148048222064972,0.4286649227142334,0.8515418767929077,0.959999978542328,1.0,0.613332211971283,0.380281925201416,0.84221351146698,0.4000000059604645,2,0.4168291091918945,0.073726400732994,0.0399999991059303,0.5814415812492371,136647,pgd,0.02,0
paviau_195702_pgd_0.02000,0.9989206790924072,0.1433732956647873,0.4512622356414795,0.5556586980819702,0.5706585049629211,0.959999978542328,1.0,0.4773048162460327,0.1885715723037719,0.2871177196502685,0.0,5,0.4443412721157074,0.1806791126728058,0.0399999991059303,0.1187470778822898,195702,pgd,0.02,0
paviau_194015_pgd_0.02000,0.9982888102531432,0.1642898619174957,0.4159458875656128,0.560088038444519,0.5417467951774597,0.959999978542328,1.0,0.456281453371048,0.4128077030181885,0.5626969933509827,0.2000000029802322,5,0.4399119317531585,0.1928366273641586,0.0399999991059303,0.0918451473116874,194015,pgd,0.02,0
paviau_164568_pgd_0.02000,0.9977803826332092,0.1925039440393448,0.4761345982551574,0.5798386335372925,0.5906367897987366,0.959999978542328,1.0,0.4275541603565216,0.2443769723176956,0.3923353552818298,0.0,5,0.4201613664627075,0.1724257171154022,0.0399999991059303,0.0909464433789253,164568,pgd,0.02,0
paviau_121250_pgd_0.02000,0.999843955039978,0.5742310881614685,0.5237110257148743,0.5528781414031982,0.9649999737739564,0.959999978542328,0.4000000059604645,0.1765753328800201,0.5000727772712708,0.6235445141792297,0.4000000059604645,1,0.4471218585968017,0.0350000001490116,0.0399999991059303,0.1530617922544479,121250,pgd,0.02,0
paviau_197033_pgd_0.02000,0.9982393980026244,0.7846751809120178,0.1135480552911758,0.565601110458374,0.9649999737739564,0.2519879341125488,0.2000000029802322,0.0772748887538909,0.2455063313245773,0.4269987940788269,0.2000000029802322,3,0.4343989193439483,0.0350000001490116,0.3226025700569153,0.1901926845312118,197033,pgd,0.02,0
paviau_120905_pgd_0.02000,0.9998337030410768,0.7668300271034241,0.5613953471183777,0.5925079584121704,0.9649999737739564,0.959999978542328,0.2000000029802322,0.0884944051504135,0.2535742819309234,0.4637928009033203,0.2000000029802322,1,0.407492071390152,0.0350000001490116,0.0399999991059303,0.1556739509105682,120905,pgd,0.02,0
paviau_198911_pgd_0.02000,0.9986146688461304,0.2184936851263046,0.3896474540233612,0.4703738391399383,0.6168662905693054,0.959999978542328,1.0,0.4065625667572021,0.4412743747234344,0.6368759274482727,0.2000000029802322,5,0.4550642371177673,0.1617634147405624,0.0399999991059303,0.3088619410991668,198911,pgd,0.02,0
paviau_197428_pgd_0.02000,0.9986658096313475,0.6167380213737488,0.5016666650772095,0.5485453009605408,0.6108440160751343,0.959999978542328,0.6000000238418579,0.1560251265764236,0.309143602848053,0.7643211483955383,0.4000000059604645,5,0.4514546692371368,0.1641945242881775,0.0399999991059303,0.132941722869873,197428,pgd,0.02,0
paviau_207235_pgd_0.02000,0.9996719360351562,0.5845836400985718,0.5573455095291138,0.5883200764656067,0.9649999737739564,0.959999978542328,0.4000000059604645,0.1707522273063659,0.4350832402706146,0.6701501607894897,0.4000000059604645,3,0.4116799235343933,0.0350000001490116,0.0399999991059303,0.0678187608718872,207235,pgd,0.02,0
paviau_103902_pgd_0.02000,0.9998194575309752,0.8290292024612427,0.5367084741592407,0.566717267036438,0.9649999737739564,0.959999978542328,0.2000000029802322,0.0632288381457328,0.2127104252576828,0.3401512205600738,0.2000000029802322,1,0.433282732963562,0.0350000001490116,0.0399999991059303,0.1057513877749443,103902,pgd,0.02,0
paviau_95070_pgd_0.02000,0.999640703201294,0.7815312743186951,0.4902284741401672,0.5341260433197021,0.9649999737739564,0.959999978542328,0.2000000029802322,0.0818205252289772,0.2932762503623962,0.4095480740070343,0.2000000029802322,1,0.4471174776554107,0.0350000001490116,0.0399999991059303,0.1880082637071609,95070,pgd,0.02,0
paviau_198985_pgd_0.02000,0.99607253074646,0.0077934605069458,0.1945505142211914,0.3243361115455627,0.9649999737739564,0.959999978542328,1.0,0.6621065139770508,0.3434811234474182,0.8205048441886902,0.4000000059604645,6,0.4213855862617492,0.0350000001490116,0.0399999991059303,0.7806131839752197,198985,pgd,0.02,0
paviau_205509_pgd_0.02000,0.9987175464630128,0.6753290295600891,0.4408347904682159,0.554311215877533,0.5621911287307739,0.959999978542328,0.0,0.1284827440977096,0.3804909288883209,0.5745443105697632,0.0,5,0.445688784122467,0.1842129826545715,0.0399999991059303,0.0918859392404556,205509,pgd,0.02,0
paviau_197247_pgd_0.02000,0.9958298802375792,0.2323185354471206,0.1666521430015564,0.2956804931163788,0.9649999737739564,0.959999978542328,0.800000011920929,0.3895110785961151,0.4850268065929413,0.6790946125984192,0.4000000059604645,6,0.4462420642375946,0.0350000001490116,0.0399999991059303,0.8222270607948303,197247,pgd,0.02,0
paviau_122891_pgd_0.02000,0.987324833869934,0.4623187184333801,0.5321111679077148,0.5618433356285095,0.9649999737739564,0.8598974347114563,0.6000000238418579,0.2191327363252639,0.4891122877597809,0.943371593952179,0.6000000238418579,0,0.4381566345691681,0.0350000001490116,0.0727062821388244,0.1564908921718597,122891,pgd,0.02,0
paviau_81005_pgd_0.02000,0.9964932799339294,0.198979377746582,0.5295593738555908,0.5591282248497009,0.9649999737739564,0.959999978542328,0.800000011920929,0.4200217127799988,0.5994762778282166,0.7691828608512878,0.4000000059604645,0,0.4408717453479767,0.0350000001490116,0.0399999991059303,0.1815339773893356,81005,pgd,0.02,0
paviau_149076_pgd_0.02000,0.9970831274986268,0.0037351672071963,0.1418763399124145,0.2686591148376465,0.7349203824996948,0.959999978542328,1.0,0.6715793013572693,0.494566947221756,0.6510764360427856,0.4000000059604645,5,0.4356346726417541,0.1159643158316612,0.0399999991059303,0.7940366268157959,149076,pgd,0.02,0
paviau_24854_pgd_0.02000,0.9983685612678528,0.329085499048233,0.3740914762020111,0.5651196241378784,0.506553053855896,0.959999978542328,0.6000000238418579,0.3206866383552551,0.2931204736232757,0.6594684720039368,0.6000000238418579,5,0.4348803460597992,0.2079986780881881,0.0399999991059303,0.1370709538459777,24854,pgd,0.02,0
paviau_200764_pgd_0.02000,0.9989394545555116,0.1593938916921615,0.5376508235931396,0.5677134394645691,0.9649999737739564,0.959999978542328,0.800000011920929,0.4588696360588074,0.637029230594635,0.7671383619308472,0.6000000238418579,3,0.4322865307331085,0.0350000001490116,0.0399999991059303,0.1114481016993522,200764,pgd,0.02,0
paviau_54073_pgd_0.02000,0.9966914653778076,0.1361456662416458,0.0631593018770217,0.1603689938783645,0.9649999737739564,0.959999978542328,0.800000011920929,0.4784030020236969,0.546088695526123,0.5132743120193481,0.4000000059604645,0,0.4428871572017669,0.0350000001490116,0.0399999991059303,0.7781546711921692,54073,pgd,0.02,0
paviau_36778_pgd_0.02000,0.9983735084533693,0.3211975693702698,0.1916951388120651,0.3210203647613525,0.6122488379478455,0.959999978542328,0.6000000238418579,0.3235926330089569,0.4006106257438659,0.6994325518608093,0.4000000059604645,5,0.4363148808479309,0.1636265218257904,0.0399999991059303,0.6680589318275452,36778,pgd,0.02,0
paviau_20452_pgd_0.02000,0.9991623163223268,0.7907372117042542,0.5313649773597717,0.5610501766204834,0.6584227681159973,0.959999978542328,0.0,0.0788165256381034,0.2404991239309311,0.4156607091426849,0.0,5,0.4389498233795166,0.1452507227659225,0.0399999991059303,0.0595070719718933,20452,pgd,0.02,0
paviau_103958_pgd_0.02000,0.9871765971183776,0.0048558404669165,0.0274266861379146,0.0900367349386215,0.9054304361343384,0.959999978542328,1.0,0.670830249786377,0.1150756031274795,0.113391488790512,0.0,5,0.462133914232254,0.0550664700567722,0.0399999991059303,0.8880449533462524,103958,pgd,0.02,0
paviau_66708_pgd_0.02000,0.9956544637680054,0.1070011630654335,0.5768744349479675,0.6083646416664124,0.9649999737739564,0.959999978542328,1.0,0.512024462223053,0.3893658816814422,0.5118978023529053,0.2000000029802322,2,0.3916353583335876,0.0350000001490116,0.0399999991059303,0.1827117204666137,66708,pgd,0.02,0
paviau_178276_pgd_0.02000,0.5653208494186401,0.0100160334259271,0.0105380481109023,0.0427647829055786,0.2868610322475433,0.5502198934555054,1.0,0.6362218260765076,0.3044371604919433,0.518097996711731,0.800000011920929,7,0.4852647483348846,0.3142172992229461,0.1858721524477005,0.777350127696991,178276,pgd,0.02,0
paviau_201423_pgd_0.02000,0.9984039664268494,0.6499381065368652,0.5085861682891846,0.5487368702888489,0.6162708401679993,0.959999978542328,0.4000000059604645,0.1396115571260452,0.3030845820903778,0.6974776983261108,0.4000000059604645,5,0.4512631595134735,0.1620033532381057,0.0399999991059303,0.0910299345850944,201423,pgd,0.02,0
paviau_196095_pgd_0.02000,0.999134600162506,0.237316682934761,0.5120411515235901,0.5402922034263611,0.6384502649307251,0.959999978542328,1.0,0.3907088041305542,0.2662747800350189,0.4797745645046234,0.0,5,0.4597077965736389,0.1531305909156799,0.0399999991059303,0.1157631799578666,196095,pgd,0.02,0
paviau_165037_pgd_0.02000,0.9779692888259888,0.153023824095726,0.5280024409294128,0.5574679970741272,0.9649999737739564,0.959999978542328,0.800000011920929,0.4416639506816864,0.5331531167030334,0.9951545596122742,0.6000000238418579,2,0.4425319731235504,0.0350000001490116,0.0399999991059303,0.1834781318902969,165037,pgd,0.02,0
paviau_161357_pgd_0.02000,0.9810371994972228,0.0289180465042591,0.185725063085556,0.3153541386127472,0.5400115847587585,0.959999978542328,1.0,0.6127544045448303,0.3873642981052398,0.8816089630126953,0.4000000059604645,2,0.4304613173007965,0.1935746371746063,0.0399999991059303,0.5819810628890991,161357,pgd,0.02,0
paviau_125155_pgd_0.02000,0.9517967104911804,0.0114569934085011,0.281503289937973,0.3973371088504791,0.5297393202781677,0.7443515062332153,1.0,0.5942599177360535,0.2977214455604553,0.5471541285514832,0.2000000029802322,0,0.4455761313438415,0.197963461279869,0.1125577613711357,0.1930878609418869,125155,pgd,0.02,0
paviau_98355_pgd_0.02000,0.9887458682060242,0.0630233660340309,0.4391367733478546,0.510127604007721,0.9649999737739564,0.959999978542328,1.0,0.5611621141433716,0.5096352100372314,0.6555234789848328,0.4000000059604645,2,0.4314388036727905,0.0350000001490116,0.0399999991059303,0.2863833606243133,98355,pgd,0.02,0
paviau_145791_pgd_0.02000,0.9967945218086244,0.4108840227127075,0.2876697182655334,0.4042411744594574,0.4693099856376648,0.959999978542328,0.6000000238418579,0.2665550708770752,0.4388072192668915,0.9004822373390198,0.4000000059604645,7,0.4348090291023254,0.2245130836963653,0.0399999991059303,0.4462549984455108,145791,pgd,0.02,0
paviau_186775_pgd_0.02000,0.9936931133270264,0.5379930138587952,0.3660393953323364,0.4428992867469787,0.908618152141571,0.959999978542328,0.4000000059604645,0.1831645518541336,0.5097459554672241,0.7950573563575745,0.4000000059604645,5,0.4888326227664947,0.0539781637489795,0.0399999991059303,0.5845978856086731,186775,pgd,0.02,0
paviau_206110_pgd_0.02000,0.9985091090202332,0.2600403428077698,0.4712482094764709,0.569853663444519,0.5867354273796082,0.959999978542328,0.800000011920929,0.3724497258663177,0.2675418555736542,0.5220326781272888,0.2000000029802322,5,0.4301463365554809,0.1740282624959945,0.0399999991059303,0.1228935718536377,206110,pgd,0.02,0
paviau_173615_pgd_0.02000,0.9995574355125428,0.7550269365310669,0.5355068445205688,0.5654455423355103,0.9649999737739564,0.959999978542328,0.2000000029802322,0.0923569500446319,0.260312557220459,0.4871651530265808,0.2000000029802322,3,0.4345544576644897,0.0350000001490116,0.0399999991059303,0.0802644714713096,173615,pgd,0.02,0
paviau_76295_pgd_0.02000,0.9389723539352416,9.99999993922529e-09,0.0391099043190479,0.1236997619271278,0.427692711353302,0.2310375571250915,1.0,0.6094843745231628,0.0133667001500725,0.0066940626129508,0.0,4,0.4829573035240173,0.2435946017503738,0.3339137434959411,0.4433627128601074,76295,pgd,0.02,0
paviau_125503_pgd_0.02000,0.9989768266677856,0.3177720904350281,0.5219351649284363,0.5509728789329529,0.7182221412658691,0.959999978542328,0.6000000238418579,0.3277855813503265,0.4052585065364837,0.7019723653793335,0.4000000059604645,7,0.4490271210670471,0.1222418844699859,0.0399999991059303,0.2413618564605713,125503,pgd,0.02,0
paviau_142048_pgd_0.02000,0.7184587717056274,0.1415905505418777,0.1083973124623298,0.3773050606250763,0.5066564679145813,0.2454533129930496,1.0,0.187216654419899,0.1856938600540161,0.2831950783729553,0.0,1,0.488731324672699,0.2079534977674484,0.3260978758335113,0.1178860738873481,142048,pgd,0.02,0
paviau_38110_pgd_0.02000,0.9992490410804749,0.7191064357757568,0.5471103191375732,0.577661395072937,0.7409652471542358,0.959999978542328,0.4000000059604645,0.1082731336355209,0.2939136922359466,0.5518614649772644,0.4000000059604645,5,0.422338604927063,0.113706886768341,0.0399999991059303,0.1147302463650703,38110,pgd,0.02,0
paviau_31767_pgd_0.02000,0.9970404505729676,9.99999993922529e-09,0.0372957587242126,0.1002089828252792,0.9649999737739564,0.4469885528087616,1.0,0.6881132125854492,0.5235565900802612,0.8084083199501038,0.2000000029802322,4,0.4192193150520324,0.0350000001490116,0.2290834933519363,0.8268349766731262,31767,pgd,0.02,0
paviau_129584_pgd_0.02000,0.99853777885437,0.7213929891586304,0.412653237581253,0.5542060136795044,0.5390163660049438,0.959999978542328,0.0,0.1067982614040374,0.2868483364582062,0.5504741072654724,0.0,7,0.445794016122818,0.1939983516931533,0.0399999991059303,0.2483077496290207,129584,pgd,0.02,0
paviau_27228_pgd_0.02000,0.998609185218811,0.2928371727466583,0.4344558119773865,0.5574180483818054,0.5569832921028137,0.959999978542328,0.800000011920929,0.346323013305664,0.5222107768058777,0.798830509185791,0.4000000059604645,5,0.4425819814205169,0.1863973587751388,0.0399999991059303,0.0727184116840362,27228,pgd,0.02,0
paviau_136055_pgd_0.02000,0.9986820816993712,0.203942134976387,0.2857130169868469,0.4018559753894806,0.5056843757629395,0.959999978542328,0.6000000238418579,0.4176140129566192,0.543407678604126,0.9855345487594604,0.6000000238418579,7,0.4392707347869873,0.2083781957626342,0.0399999991059303,0.4869826436042785,136055,pgd,0.02,0
paviau_126975_pgd_0.02000,0.9840919971466064,9.220319157066116e-07,0.0153008261695504,0.0440453477203846,0.5233278274536133,0.6702463030815125,1.0,0.6901828646659851,0.0002186038327636,8.496527880197391e-05,0.0,6,0.442176878452301,0.2007203251123428,0.1394953727722168,0.8617141842842102,126975,pgd,0.02,0
paviau_92209_reference_0.00000,0.8950636386871338,0.893496036529541,1.0,0.975000023841858,0.9649999737739564,0.959999978542328,0.0,0.0037300919648259,0.2060694098472595,0.1496943533420562,0.0,7,0.025000000372529,0.0350000001490116,0.0399999991059303,0.0,92209,reference,0.0,1
paviau_168988_reference_0.00000,0.9048019647598268,0.8451834321022034,0.5652555227279663,0.9677535891532898,0.8191608786582947,0.6614133715629578,0.0,0.0094565181061625,0.2387949824333191,0.2862306833267212,0.0,1,0.0322464182972908,0.0851879715919494,0.1427865624427795,0.0112281665205955,168988,reference,0.0,1
paviau_180048_reference_0.00000,0.9995641112327576,0.9172557592391968,1.0,0.975000023841858,0.9649999737739564,0.959999978542328,0.0,0.0293134041130542,0.1381307691335678,0.1607835739850998,0.0,1,0.025000000372529,0.0350000001490116,0.0399999991059303,0.0,180048,reference,0.0,1
paviau_207169_reference_0.00000,0.5592057108879089,0.7742575407028198,0.0659816786646843,0.975000023841858,0.308008074760437,0.1862483769655227,0.0,0.0364738553762435,0.2789958417415619,0.4310570061206817,0.0,1,0.025000000372529,0.3029121458530426,0.3592063188552856,0.6093116402626038,207169,reference,0.0,1
paviau_27591_reference_0.00000,0.9954922199249268,0.9921221137046814,1.0,0.975000023841858,0.9649999737739564,0.959999978542328,0.0,0.0012375121004879,0.020938454195857,0.0157556664198637,0.0,3,0.025000000372529,0.0350000001490116,0.0399999991059303,0.0,27591,reference,0.0,1
paviau_53768_reference_0.00000,0.8928435444831848,0.677291750907898,1.0,0.975000023841858,0.9649999737739564,0.959999978542328,0.2000000029802322,0.0779553800821304,0.3942291736602783,0.5738198161125183,0.2000000029802322,7,0.025000000372529,0.0350000001490116,0.0399999991059303,0.0,53768,reference,0.0,1
paviau_118252_reference_0.00000,0.9922162294387816,0.9826582670211792,1.0,0.975000023841858,0.9649999737739564,0.959999978542328,0.0,0.0021188086830079,0.0413186736404895,0.0340293869376182,0.0,0,0.025000000372529,0.0350000001490116,0.0399999991059303,0.0,118252,reference,0.0,1
paviau_206522_reference_0.00000,0.9960015416145324,0.9856141805648804,0.9222537279129028,0.9151438474655152,0.9649999737739564,0.959999978542328,0.0,0.0027648990508168,0.0342708937823772,0.028771674260497,0.0,1,0.0848561599850654,0.0350000001490116,0.0399999991059303,0.0069463746622204,206522,reference,0.0,1
paviau_72279_reference_0.00000,0.997082769870758,0.963611662387848,0.9457390904426576,0.9335057735443116,0.9649999737739564,0.959999978542328,0.0,0.0098662823438644,0.0858758017420768,0.059424489736557,0.0,0,0.0664942190051078,0.0350000001490116,0.0399999991059303,0.1395204067230224,72279,reference,0.0,1
paviau_207211_reference_0.00000,0.979423761367798,0.8680777549743652,0.909479796886444,0.9050493240356444,0.9649999737739564,0.959999978542328,0.0,0.0298060346394777,0.1775189191102981,0.2638426423072815,0.0,1,0.0949506685137748,0.0350000001490116,0.0399999991059303,1.6036557326515322e-06,207211,reference,0.0,1
paviau_206285_reference_0.00000,0.9996745586395264,0.905130922794342,1.0,0.975000023841858,0.9649999737739564,0.959999978542328,0.0,0.0337338857352733,0.1483820676803589,0.1870109438896179,0.0,1,0.025000000372529,0.0350000001490116,0.0399999991059303,0.0,206285,reference,0.0,1
paviau_4869_reference_0.00000,0.8629561066627502,0.7393787503242493,1.0,0.975000023841858,0.9649999737739564,0.959999978542328,0.2000000029802322,0.0172418877482414,0.3106049001216888,0.4983284771442413,0.800000011920929,0,0.025000000372529,0.0350000001490116,0.0399999991059303,0.0,4869,reference,0.0,1
paviau_189459_reference_0.00000,0.8842698931694031,0.5674127340316772,0.5421855449676514,0.975000023841858,0.9649999737739564,0.6440714001655579,0.2000000029802322,0.1618652939796447,0.3665221631526947,0.8393958210945129,0.2000000029802322,7,0.025000000372529,0.0350000001490116,0.149301141500473,3.1160759306203545e-08,189459,reference,0.0,1
paviau_199749_reference_0.00000,0.999430239200592,0.9923444986343384,1.0,0.975000023841858,0.9649999737739564,0.959999978542328,0.0,0.0024937551934272,0.0225150063633918,0.0131633337587118,0.0,1,0.025000000372529,0.0350000001490116,0.0399999991059303,0.0,199749,reference,0.0,1
paviau_115138_reference_0.00000,0.8825884461402893,0.6543325781822205,0.6390328407287598,0.6987500190734863,0.9649999737739564,0.959999978542328,0.2000000029802322,0.0413457117974758,0.2934784889221191,0.691325843334198,0.800000011920929,5,0.025000000372529,0.0350000001490116,0.0399999991059303,0.0641674324870109,115138,reference,0.0,1
paviau_168525_reference_0.00000,0.9995102882385254,0.9767489433288574,1.0,0.975000023841858,0.9649999737739564,0.959999978542328,0.0,0.0078020840883255,0.0512982197105884,0.046037595719099,0.0,1,0.025000000372529,0.0350000001490116,0.0399999991059303,0.0,168525,reference,0.0,1
paviau_34348_reference_0.00000,0.9992249011993408,0.9254021644592284,1.0,0.975000023841858,0.9649999737739564,0.959999978542328,0.0,0.0250178724527359,0.1231985390186309,0.1482361108064651,0.0,1,0.025000000372529,0.0350000001490116,0.0399999991059303,0.0,34348,reference,0.0,1
paviau_154261_reference_0.00000,0.998798131942749,0.996730625629425,1.0,0.975000023841858,0.9649999737739564,0.959999978542328,0.0,0.0010627285810187,0.0100018410012125,0.0065386909991502,0.0,3,0.025000000372529,0.0350000001490116,0.0399999991059303,0.0,154261,reference,0.0,1
paviau_7568_reference_0.00000,0.7865634560585022,0.4100040197372436,0.566929042339325,0.961616277694702,0.9649999737739564,0.662663459777832,0.6000000238418579,0.0860659927129745,0.5243881344795227,0.9884491562843324,0.4000000059604645,0,0.025000000372529,0.0350000001490116,0.1423196792602539,0.0006130835390649,7568,reference,0.0,1
paviau_34757_reference_0.00000,0.9996033310890198,0.9795187711715698,1.0,0.975000023841858,0.9649999737739564,0.959999978542328,0.0,0.0069645447656512,0.0454723238945007,0.0409619696438312,0.0,1,0.025000000372529,0.0350000001490116,0.0399999991059303,0.0,34757,reference,0.0,1
paviau_205100_reference_0.00000,0.997147262096405,0.9597010016441344,1.0,0.975000023841858,0.9649999737739564,0.959999978542328,0.0,0.0101975556463003,0.078949473798275,0.0796455666422844,0.0,1,0.025000000372529,0.0350000001490116,0.0399999991059303,0.0,205100,reference,0.0,1
paviau_205641_reference_0.00000,0.9993047714233398,0.9192631244659424,1.0,0.975000023841858,0.9649999737739564,0.959999978542328,0.0,0.0274042058736085,0.1276919096708297,0.1614735871553421,0.0,1,0.025000000372529,0.0350000001490116,0.0399999991059303,0.0,205641,reference,0.0,1
paviau_187593_reference_0.00000,0.915510356426239,0.7703342437744141,0.4664540886878967,0.975000023841858,0.9649999737739564,0.5855752229690552,0.0,0.021651891991496,0.2453000098466873,0.4593223035335541,0.0,1,0.025000000372529,0.0350000001490116,0.1718212813138961,0.0038967768196016,187593,reference,0.0,1
paviau_124285_reference_0.00000,0.9239774346351624,0.2935911118984222,1.0,0.975000023841858,0.9649999737739564,0.959999978542328,0.800000011920929,0.2369840741157531,0.2998614609241485,0.5956735014915466,0.2000000029802322,5,0.025000000372529,0.0350000001490116,0.0399999991059303,0.0,124285,reference,0.0,1
paviau_201740_reference_0.00000,0.9854646325111388,0.9314067363739014,1.0,0.975000023841858,0.9649999737739564,0.959999978542328,0.0,0.0125607503578066,0.1162957102060318,0.1361111849546432,0.0,1,0.025000000372529,0.0350000001490116,0.0399999991059303,0.0,201740,reference,0.0,1
paviau_206070_reference_0.00000,0.967040717601776,0.901460349559784,0.929792582988739,0.975000023841858,0.9649999737739564,0.9145858883857728,0.0,0.0105031067505478,0.1521133929491043,0.1946194469928741,0.0,1,0.025000000372529,0.0350000001490116,0.0546460002660751,0.0002021603868342,206070,reference,0.0,1
paviau_22909_reference_0.00000,0.9851609468460084,0.1597952246665954,0.2333137989044189,0.2490900307893753,0.9649999737739564,0.959999978542328,0.800000011920929,0.4419864416122436,0.4856021702289581,0.5004299283027649,0.2000000029802322,0,0.025000000372529,0.0350000001490116,0.0399999991059303,0.8194748163223267,22909,reference,0.0,1
paviau_205062_reference_0.00000,0.9996901750564576,0.9795957207679749,1.0,0.975000023841858,0.9649999737739564,0.959999978542328,0.0,0.0066588385961949,0.045363824814558,0.0408018641173839,0.0,1,0.025000000372529,0.0350000001490116,0.0399999991059303,0.0,205062,reference,0.0,1
paviau_196345_reference_0.00000,0.9995136260986328,0.968458890914917,1.0,0.975000023841858,0.9649999737739564,0.959999978542328,0.0,0.0107623729854822,0.0700592249631881,0.0580308996140956,0.0,1,0.025000000372529,0.0350000001490116,0.0399999991059303,0.0007851883419789,196345,reference,0.0,1
paviau_111019_reference_0.00000,0.9897159934043884,0.4219562113285064,1.0,0.975000023841858,0.9649999737739564,0.959999978542328,0.6000000238418579,0.2379020601511001,0.3098994791507721,0.8439126014709473,0.4000000059604645,5,0.025000000372529,0.0350000001490116,0.0399999991059303,0.0,111019,reference,0.0,1
paviau_60607_reference_0.00000,0.9994117021560668,0.9743857383728028,1.0,0.975000023841858,0.9649999737739564,0.959999978542328,0.0,0.0082566943019628,0.0568488165736198,0.049960546195507,0.0,1,0.025000000372529,0.0350000001490116,0.0399999991059303,0.0,60607,reference,0.0,1
paviau_200177_reference_0.00000,0.9853602051734924,0.9797362089157104,1.0,0.975000023841858,0.9649999737739564,0.959999978542328,0.0,0.0005633045802824,0.0450873188674449,0.0405274182558059,0.0,1,0.025000000372529,0.0350000001490116,0.0399999991059303,5.94139528402593e-05,200177,reference,0.0,1
paviau_60524_reference_0.00000,0.9681978821754456,0.6633310317993164,0.5979213714599609,0.6623146533966064,0.9649999737739564,0.959999978542328,0.0,0.0955957993865013,0.5235969424247742,0.4473488926887512,0.0,0,0.025000000372529,0.0350000001490116,0.0399999991059303,0.022000515833497,60524,reference,0.0,1
paviau_170374_reference_0.00000,0.9992756247520448,0.9039799571037292,1.0,0.975000023841858,0.9649999737739564,0.959999978542328,0.0,0.0335801132023334,0.1439344584941864,0.1920396536588668,0.0,1,0.025000000372529,0.0350000001490116,0.0399999991059303,0.0,170374,reference,0.0,1
paviau_122264_reference_0.00000,0.7571863532066345,0.6255725026130676,0.968639314174652,0.975000023841858,0.9623227715492249,0.9398189783096312,0.4000000059604645,0.0114957150071859,0.3105695247650146,0.7455646991729736,0.6000000238418579,5,0.025000000372529,0.0358898602426052,0.0464704446494579,1.5374896975117736e-05,122264,reference,0.0,1
paviau_7927_reference_0.00000,0.9707922339439392,0.9876148700714112,1.0,0.975000023841858,0.9649999737739564,0.959999978542328,0.0,0.0058924984186887,0.0364854410290718,0.0178427062928676,0.0,0,0.025000000372529,0.0350000001490116,0.0399999991059303,0.0001868336112238,7927,reference,0.0,1
paviau_69037_reference_0.00000,0.99337899684906,0.6118472814559937,1.0,0.975000023841858,0.9649999737739564,0.959999978542328,0.2000000029802322,0.1452112942934036,0.4956580400466919,0.5542829632759094,0.2000000029802322,0,0.025000000372529,0.0350000001490116,0.0399999991059303,0.0,69037,reference,0.0,1
paviau_198405_reference_0.00000,0.9997841715812684,0.9959832429885864,1.0,0.975000023841858,0.9649999737739564,0.959999978542328,0.0,0.0012893910752609,0.0128523772582411,0.0071870903484523,0.0,1,0.025000000372529,0.0350000001490116,0.0399999991059303,0.0,198405,reference,0.0,1
paviau_191167_reference_0.00000,0.971601128578186,0.9318088889122008,0.931412398815155,0.9363566040992736,0.9649999737739564,0.9156434535980223,0.0,0.017092315480113,0.1209912151098251,0.1326321512460708,0.0,3,0.0395497493445873,0.0350000001490116,0.0543014071881771,0.0,191167,reference,0.0,1
paviau_178398_reference_0.00000,0.998497724533081,0.9040384888648988,0.9646756649017334,0.9481309652328492,0.9649999737739564,0.959999978542328,0.0,0.0314947627484798,0.1439453512430191,0.1919074207544326,0.0,1,0.0518690347671508,0.0350000001490116,0.0399999991059303,0.0,178398,reference,0.0,1
paviau_49642_reference_0.00000,0.989972710609436,0.9900058507919312,1.0,0.975000023841858,0.9649999737739564,0.959999978542328,0.0,0.0028744093142449,0.0276557486504316,0.0181372016668319,0.0,1,0.025000000372529,0.0350000001490116,0.0399999991059303,0.0,49642,reference,0.0,1
paviau_141078_reference_0.00000,0.9977694749832152,0.7586470246315002,0.639032244682312,0.6987494230270386,0.9649999737739564,0.959999978542328,0.0,0.0876038074493408,0.4021457731723785,0.3181763589382171,0.0,0,0.025000000372529,0.0350000001490116,0.0399999991059303,0.0227024164050817,141078,reference,0.0,1
paviau_198079_reference_0.00000,0.9983306527137756,0.986607015132904,1.0,0.975000023841858,0.9649999737739564,0.959999978542328,0.0,0.0030962107703089,0.0323447436094284,0.0267859883606433,0.0,1,0.025000000372529,0.0350000001490116,0.0399999991059303,8.701721526449546e-06,198079,reference,0.0,1
paviau_150081_reference_0.00000,0.8992300629615784,0.6788263916969299,1.0,0.975000023841858,0.9649999737739564,0.959999978542328,0.0,0.0904033705592155,0.445450097322464,0.4705029726028442,0.0,7,0.025000000372529,0.0350000001490116,0.0399999991059303,0.0217594746500253,150081,reference,0.0,1
paviau_194481_reference_0.00000,0.9991094470024108,0.9914096593856812,0.87808758020401,0.8799086213111877,0.9649999737739564,0.959999978542328,0.0,0.0024370434693992,0.025130933150649,0.0137005476281046,0.0,1,0.1200913935899734,0.0350000001490116,0.0399999991059303,0.122156523168087,194481,reference,0.0,1
paviau_196423_reference_0.00000,0.9986733198165894,0.8515615463256836,1.0,0.975000023841858,0.9649999737739564,0.959999978542328,0.2000000029802322,0.0513505078852176,0.1933574825525283,0.2960996031761169,0.2000000029802322,1,0.025000000372529,0.0350000001490116,0.0399999991059303,0.0,196423,reference,0.0,1
paviau_180266_reference_0.00000,0.9809703230857848,0.6088599562644958,1.0,0.975000023841858,0.9649999737739564,0.959999978542328,0.0,0.1321873962879181,0.3391518592834472,0.7645243406295776,0.0,7,0.025000000372529,0.0350000001490116,0.0399999991059303,0.0,180266,reference,0.0,1
paviau_116110_reference_0.00000,0.9977879524230956,0.8684762716293335,1.0,0.975000023841858,0.9649999737739564,0.959999978542328,0.0,0.0434330515563488,0.1803856045007705,0.2618045806884765,0.0,5,0.025000000372529,0.0350000001490116,0.0399999991059303,0.0,116110,reference,0.0,1
paviau_46408_reference_0.00000,0.998903751373291,0.960107922554016,1.0,0.975000023841858,0.9649999737739564,0.959999978542328,0.0,0.0126241939142346,0.0940461680293083,0.0594176389276981,0.0,0,0.025000000372529,0.0350000001490116,0.0399999991059303,0.0,46408,reference,0.0,1
paviau_34404_reference_0.00000,0.9998730421066284,0.9917272925376892,1.0,0.975000023841858,0.9649999737739564,0.959999978542328,0.0,0.0028509336989372,0.0218125563114881,0.0165432151407003,0.0,1,0.025000000372529,0.0350000001490116,0.0399999991059303,0.0,34404,reference,0.0,1
paviau_148284_reference_0.00000,0.963830590248108,0.967703938484192,0.3292124271392822,0.3802369832992553,0.9140596389770508,0.959999978542328,0.0,0.0139628313481807,0.0703231021761894,0.0617525167763233,0.0,8,0.025000000372529,0.0521243028342723,0.0399999991059303,0.6650369167327881,148284,reference,0.0,1
paviau_136055_reference_0.00000,0.9754446148872375,0.3276794254779815,0.3930070996284485,0.975000023841858,0.9649999737739564,0.526109516620636,0.6000000238418579,0.2771245837211609,0.4280830323696136,0.7551308870315552,0.4000000059604645,2,0.025000000372529,0.0350000001490116,0.1956601440906524,0.0,136055,reference,0.0,1
paviau_111263_reference_0.00000,0.6689737439155579,0.9408666491508484,0.4261798858642578,0.975000023841858,0.8501561880111694,0.5533438920974731,0.0,0.0715555995702743,0.1320106536149978,0.082035981118679,0.0,0,0.025000000372529,0.0742129236459732,0.1846164166927337,0.0065351682715117,111263,reference,0.0,1
paviau_85153_reference_0.00000,0.9944785833358764,1.0,0.7944367527961731,0.8104190826416016,0.9649999737739564,0.959999978542328,0.0,0.0019170012092217,6.706890758323425e-07,9.99999993922529e-09,0.0,4,0.1895809322595596,0.0350000001490116,0.0399999991059303,0.0,85153,reference,0.0,1
paviau_133005_reference_0.00000,0.8392810225486755,0.4590851366519928,0.8815078139305115,0.975000023841858,0.9649999737739564,0.8828378915786743,0.6000000238418579,0.1257470250129699,0.3828797042369842,0.951950192451477,0.4000000059604645,2,0.025000000372529,0.0350000001490116,0.0650720298290252,0.0,133005,reference,0.0,1
paviau_200141_reference_0.00000,0.998092234134674,0.9585330486297609,1.0,0.975000023841858,0.9649999737739564,0.959999978542328,0.0,0.0118234418332576,0.078544482588768,0.0829339176416397,0.0,1,0.025000000372529,0.0350000001490116,0.0399999991059303,6.067811045795679e-05,200141,reference,0.0,1
paviau_207317_reference_0.00000,0.9979290962219238,0.9893586039543152,1.0,0.975000023841858,0.9649999737739564,0.959999978542328,0.0,0.0021654814481735,0.0284041073173284,0.0202090162783861,0.0,1,0.025000000372529,0.0350000001490116,0.0399999991059303,0.0,207317,reference,0.0,1
paviau_119140_reference_0.00000,0.9909796714782716,0.7756404876708984,1.0,0.975000023841858,0.9649999737739564,0.959999978542328,0.0,0.0699648037552833,0.262427806854248,0.4395990967750549,0.0,6,0.025000000372529,0.0350000001490116,0.0399999991059303,0.0017712076660245,119140,reference,0.0,1
paviau_11623_reference_0.00000,0.906450629234314,0.964660346508026,0.8791265487670898,0.888434112071991,0.9649999737739564,0.959999978542328,0.0,0.0209458079189062,0.0838472321629524,0.0615763589739799,0.0,0,0.0579880475997924,0.0350000001490116,0.0399999991059303,0.0,11623,reference,0.0,1
paviau_112092_reference_0.00000,0.9932003617286682,0.4754024446010589,1.0,0.975000023841858,0.9649999737739564,0.959999978542328,0.6000000238418579,0.2169737517833709,0.3149196207523346,0.9508056640625,0.6000000238418579,5,0.025000000372529,0.0350000001490116,0.0399999991059303,0.0,112092,reference,0.0,1
paviau_154864_reference_0.00000,0.4396173655986786,0.6333792805671692,0.1973982900381088,0.975000023841858,0.9649999737739564,0.3468811213970184,0.0,0.0391559638082981,0.4855206608772278,0.5508842468261719,0.0,7,0.025000000372529,0.0350000001490116,0.2747644186019897,0.0050487252883613,154864,reference,0.0,0
paviau_98101_reference_0.00000,0.962563931941986,0.931147277355194,0.5089809894561768,0.6867595314979553,0.9649999737739564,0.6187353134155273,0.0,0.0171473901718854,0.1561869233846664,0.0981753543019294,0.0,5,0.1643147617578506,0.0350000001490116,0.1589488983154297,0.0068805622868239,98101,reference,0.0,1
paviau_87416_reference_0.00000,0.9967291355133056,0.3548995852470398,1.0,0.975000023841858,0.9649999737739564,0.959999978542328,0.6000000238418579,0.2979597449302673,0.3060197830200195,0.7130032777786255,0.4000000059604645,3,0.025000000372529,0.0350000001490116,0.0399999991059303,0.00936468411237,87416,reference,0.0,1
paviau_71835_reference_0.00000,0.9951272010803224,0.5956600904464722,0.5576698780059814,0.8602318167686462,0.6542044281959534,0.959999978542328,0.4000000059604645,0.1592151373624801,0.3187437057495117,0.8046068549156189,0.6000000238418579,1,0.025000000372529,0.1469065248966217,0.0399999991059303,0.0074523240327835,71835,reference,0.0,1
paviau_203017_reference_0.00000,0.9958068132400512,0.9487615823745728,1.0,0.975000023841858,0.9649999737739564,0.959999978542328,0.0,0.0141308456659317,0.0922155156731605,0.1024180948734283,0.0,1,0.025000000372529,0.0350000001490116,0.0399999991059303,0.0,203017,reference,0.0,1
paviau_6614_reference_0.00000,0.9995089769363404,0.9969202280044556,1.0,0.975000023841858,0.9649999737739564,0.959999978542328,0.0,0.0009207550901919,0.0095058493316173,0.0061595989391207,0.0,3,0.025000000372529,0.0350000001490116,0.0399999991059303,0.0,6614,reference,0.0,1
paviau_200731_reference_0.00000,0.9668552279472352,0.9420881271362304,0.6999223828315735,0.975000023841858,0.9649999737739564,0.7589974403381348,0.0,0.0029032994061708,0.1031035184860229,0.1147488802671432,0.0,1,0.025000000372529,0.0350000001490116,0.1073685735464096,0.004150750581175,200731,reference,0.0,1
paviau_62409_reference_0.00000,0.9982169270515442,0.9770628213882446,1.0,0.975000023841858,0.9649999737739564,0.959999978542328,0.0,0.0058268173597753,0.0636322945356369,0.0322361774742603,0.0,0,0.025000000372529,0.0350000001490116,0.0399999991059303,0.0,62409,reference,0.0,1
paviau_13719_reference_0.00000,0.9782794117927552,0.1655495017766952,0.3998425304889679,0.5127712488174438,0.9649999737739564,0.959999978542328,0.800000011920929,0.4411792457103729,0.5297502279281616,0.5743453502655029,0.4000000059604645,0,0.2845047116279602,0.0350000001490116,0.0399999991059303,0.0876703858375549,13719,reference,0.0,1
paviau_123617_reference_0.00000,0.6164616942405701,0.5974375009536743,0.2995551526546478,0.975000023841858,0.8622281551361084,0.4452646374702453,0.4000000059604645,0.0034792211372405,0.3381696939468384,0.7925070524215698,0.6000000238418579,5,0.025000000372529,0.069985806941986,0.2298358678817749,0.0073349634185433,123617,reference,0.0,1
paviau_166700_reference_0.00000,0.9654722809791564,0.6170243620872498,1.0,0.975000023841858,0.9649999737739564,0.959999978542328,0.0,0.1067933663725853,0.4514947831630707,0.5844665765762329,0.0,7,0.025000000372529,0.0350000001490116,0.0399999991059303,0.0,166700,reference,0.0,1
paviau_181380_reference_0.00000,0.7650480270385742,0.9250881671905518,0.3168038129806518,0.6987500190734863,0.6709449887275696,0.4607174694538116,0.0,0.0706991925835609,0.1792283654212951,0.095022514462471,0.0,0,0.025000000372529,0.1403615623712539,0.2231304198503494,0.0147868264466524,181380,reference,0.0,1
paviau_172264_reference_0.00000,0.9969370365142822,0.5979227423667908,0.5317569971084595,0.622694730758667,0.9649999737739564,0.959999978542328,0.4000000059604645,0.1575521379709243,0.3106375932693481,0.8028646111488342,0.6000000238418579,1,0.1576881557703018,0.0350000001490116,0.0399999991059303,0.1227950304746627,172264,reference,0.0,1
paviau_182725_reference_0.00000,0.999352753162384,0.9985738396644592,1.0,0.975000023841858,0.9649999737739564,0.959999978542328,0.0,0.0002762844378594,0.0049025053158402,0.0028523735236376,0.0,3,0.025000000372529,0.0350000001490116,0.0399999991059303,0.0,182725,reference,0.0,1
paviau_198229_reference_0.00000,0.9996615648269652,0.9963464140892028,1.0,0.975000023841858,0.9649999737739564,0.959999978542328,0.0,0.0010683854343369,0.0119993882253766,0.0062333159148693,0.0,1,0.025000000372529,0.0350000001490116,0.0399999991059303,0.0024338602088391,198229,reference,0.0,1
paviau_191327_reference_0.00000,0.9994100332260132,0.998417854309082,1.0,0.975000023841858,0.9649999737739564,0.959999978542328,0.0,0.0002004725538427,0.0053636762313544,0.0031642329413443,0.0,1,0.025000000372529,0.0350000001490116,0.0399999991059303,0.0039763916283845,191327,reference,0.0,1
paviau_123441_reference_0.00000,0.9593460559844972,0.6119489669799805,1.0,0.975000023841858,0.9649999737739564,0.959999978542328,0.4000000059604645,0.1217687427997589,0.3220945596694946,0.7692000865936279,0.4000000059604645,2,0.025000000372529,0.0350000001490116,0.0399999991059303,0.0,123441,reference,0.0,1
paviau_50362_reference_0.00000,0.8785446882247925,0.5694500803947449,0.6390328407287598,0.6987500190734863,0.9649999737739564,0.8121669292449951,0.0,0.0856563821434974,0.5239112377166748,0.6959320902824402,0.0,7,0.025000000372529,0.0350000001490116,0.0888749286532402,0.0214214567095041,50362,reference,0.0,1
paviau_22477_reference_0.00000,0.9832778573036194,0.9058549404144288,0.8538422584533691,0.975000023841858,0.9649999737739564,0.8644432425498962,0.0,0.0166049432009458,0.1444398909807205,0.1873523741960525,0.0,1,0.025000000372529,0.0350000001490116,0.0711866244673729,0.0103253535926342,22477,reference,0.0,1
paviau_63770_reference_0.00000,0.9948800802230836,0.980377197265625,1.0,0.975000023841858,0.9649999737739564,0.959999978542328,0.0,0.0044558364897966,0.0523050464689731,0.032837763428688,0.0,0,0.025000000372529,0.0350000001490116,0.0399999991059303,0.0,63770,reference,0.0,1
paviau_113721_shared_batch_0.00500,0.9983500242233276,0.8606685996055603,0.6519815921783447,0.6821934580802917,0.9649999737739564,0.959999978542328,0.0,0.0474689081311225,0.2551795542240143,0.1992054283618927,0.0,5,0.3178065121173858,0.0350000001490116,0.0399999991059303,0.0,113721,shared_batch,0.005,1
paviau_103712_shared_batch_0.00500,0.92291259765625,0.4050511717796325,0.6653688549995422,0.6948566436767578,0.9649999737739564,0.9509541988372804,0.6000000238418579,0.2342621982097625,0.344858855009079,0.8247784972190857,0.4000000059604645,2,0.3051433563232422,0.0350000001490116,0.0428928919136524,0.0,103712,shared_batch,0.005,1
paviau_165805_shared_batch_0.00500,0.9961095452308656,0.864472508430481,0.705775797367096,0.7322567701339722,0.9649999737739564,0.959999978542328,0.0,0.0439231432974338,0.180581659078598,0.2710537612438202,0.0,1,0.2677432298660278,0.0350000001490116,0.0399999991059303,0.0,165805,shared_batch,0.005,1
paviau_186361_shared_batch_0.00500,0.9835620522499084,0.6107629537582397,0.6542718410491943,0.6843698620796204,0.9649999737739564,0.959999978542328,0.4000000059604645,0.1442959755659103,0.3190530836582184,0.7731884717941284,0.4000000059604645,7,0.315630167722702,0.0350000001490116,0.0399999991059303,0.0,186361,shared_batch,0.005,1
paviau_205137_shared_batch_0.00500,0.9998157620429992,0.9317914247512816,0.6979577541351318,0.7251133918762207,0.9649999737739564,0.959999978542328,0.0,0.0240613035857677,0.1157576665282249,0.1354387998580932,0.0,1,0.2748865783214569,0.0350000001490116,0.0399999991059303,0.0,205137,shared_batch,0.005,1
paviau_99685_shared_batch_0.00500,0.9938183426856996,0.7703337669372559,0.6661561727523804,0.6955971121788025,0.9649999737739564,0.959999978542328,0.0,0.0774290263652801,0.3421821594238281,0.3701372444629669,0.0,0,0.3044028878211975,0.0350000001490116,0.0399999991059303,0.0033760836813598,99685,shared_batch,0.005,1
paviau_101415_shared_batch_0.00500,0.606878399848938,0.867357075214386,0.4295694828033447,0.7255820631980896,0.9649999737739564,0.5560903549194336,0.0,0.0670373812317848,0.2223621159791946,0.2360033392906189,0.0,7,0.274417906999588,0.0350000001490116,0.1835147738456726,0.0046967482194304,101415,shared_batch,0.005,1
paviau_119554_shared_batch_0.00500,0.9515901803970336,0.5693092346191406,0.5468315482139587,0.6933069825172424,0.9649999737739564,0.6475804448127747,0.2000000029802322,0.1133801192045211,0.3116526901721954,0.8612440228462219,0.2000000029802322,1,0.3066930174827575,0.0350000001490116,0.1479772180318832,0.0004651612835004,119554,shared_batch,0.005,0
paviau_206073_shared_batch_0.00500,0.8833432197570801,0.913657546043396,0.5544759631156921,0.7169004678726196,0.9649999737739564,0.6533358097076416,0.0,0.0016324874013662,0.1339419782161712,0.1726527661085128,0.0,1,0.283099502325058,0.0350000001490116,0.1458121240139007,0.0085118301212787,206073,shared_batch,0.005,1
paviau_144959_shared_batch_0.00500,0.99634450674057,0.9900919795036316,0.679168164730072,0.7077649235725403,0.9649999737739564,0.959999978542328,0.0,0.0019304634770378,0.0252953991293907,0.0198160130530595,0.0,3,0.2922350466251373,0.0350000001490116,0.0399999991059303,0.0,144959,shared_batch,0.005,1
paviau_203125_shared_batch_0.00500,0.9970090985298156,0.910724401473999,0.6826450824737549,0.7109947204589844,0.9649999737739564,0.959999978542328,0.0,0.0302627384662628,0.1406273245811462,0.1771519631147384,0.0,1,0.2890052497386932,0.0350000001490116,0.0399999991059303,0.0002506376476958,203125,shared_batch,0.005,1
paviau_77566_shared_batch_0.00500,0.9511512517929076,0.2912539839744568,0.3856627643108368,0.5000263452529907,0.9649999737739564,0.959999978542328,1.0,0.318634420633316,0.2955316305160522,0.5899897813796997,0.0,2,0.3022888302803039,0.0350000001490116,0.0399999991059303,0.2603648900985718,77566,shared_batch,0.005,0
paviau_84360_shared_batch_0.00500,0.996547520160675,0.6911224126815796,0.6709370613098145,0.7000828385353088,0.9649999737739564,0.959999978542328,0.2000000029802322,0.1152659058570861,0.377697229385376,0.5336015820503235,0.2000000029802322,0,0.2999171912670135,0.0350000001490116,0.0399999991059303,0.0010674464283511,84360,shared_batch,0.005,1
paviau_129222_shared_batch_0.00500,0.9877141714096068,0.70611971616745,0.6599766612052917,0.6897730231285095,0.9649999737739564,0.959999978542328,0.2000000029802322,0.1053367629647255,0.2896037399768829,0.5830172300338745,0.2000000029802322,2,0.3102270066738128,0.0350000001490116,0.0399999991059303,0.0,129222,shared_batch,0.005,1
paviau_187067_shared_batch_0.00500,0.5274871587753296,0.2672123908996582,0.2089421302080154,0.6941409111022949,0.9649999737739564,0.3587237000465393,1.0,0.0895087122917175,0.2892820835113525,0.5428208708763123,0.0,2,0.3058590590953827,0.0350000001490116,0.2691316604614258,0.0037005264312028,187067,shared_batch,0.005,0
paviau_115277_shared_batch_0.00500,0.9095513820648192,0.7152113318443298,0.651370644569397,0.6816122531890869,0.9649999737739564,0.959999978542328,0.0,0.086244024336338,0.3370406627655029,0.5355426669120789,0.0,2,0.3183877170085907,0.0350000001490116,0.0399999991059303,0.0064038792625069,115277,shared_batch,0.005,1
paviau_71491_shared_batch_0.00500,0.9983097314834596,0.8061864972114563,0.606761634349823,0.6581276059150696,0.9649999737739564,0.959999978542328,0.2000000029802322,0.0689800605177879,0.2544984221458435,0.3730340003967285,0.800000011920929,1,0.3060296177864074,0.0350000001490116,0.0399999991059303,0.0160881504416465,71491,shared_batch,0.005,1
paviau_182131_shared_batch_0.00500,0.9935823082923888,0.9577593803405762,0.666700005531311,0.6961082816123962,0.9649999737739564,0.9565001726150512,0.0,0.0079413736239075,0.0796522200107574,0.0844802483916282,0.0,1,0.3038917481899261,0.0350000001490116,0.0411178469657897,0.0141224162653088,182131,shared_batch,0.005,1
paviau_198629_shared_batch_0.00500,0.9110735058784484,0.8511443734169006,0.4767111241817474,0.7059414982795715,0.5910963416099548,0.7255181670188904,0.0,0.0194047335535287,0.2216608673334121,0.282692015171051,0.0,0,0.2940585315227508,0.1722372323274612,0.1192938536405563,0.0041541773825883,198629,shared_batch,0.005,1
paviau_154923_shared_batch_0.00500,0.8509894609451294,0.0420544184744358,0.3941445350646972,0.6434369087219238,0.523549497127533,0.959999978542328,1.0,0.5021613240242004,0.4123927652835846,0.8806234002113342,0.4000000059604645,2,0.3141863644123077,0.2006247788667678,0.0399999991059303,0.037839401513338,154923,shared_batch,0.005,0
paviau_128208_shared_batch_0.00500,0.8628091812133789,0.3313679099082947,0.6522517800331116,0.6837367415428162,0.9649999737739564,0.959999978542328,0.6000000238418579,0.1954458802938461,0.4884559214115143,0.7896917462348938,0.6000000238418579,2,0.3140074610710144,0.0350000001490116,0.0399999991059303,0.0002397767675574,128208,shared_batch,0.005,1
paviau_62707_shared_batch_0.00500,0.9963642954826356,0.9996916651725768,0.8001217842102051,0.8152647018432617,0.9649999737739564,0.959999978542328,0.0,0.0013292005751281,0.0012754166964441,0.0006166996899992,0.0,4,0.1847353279590606,0.0350000001490116,0.0399999991059303,0.0,62707,shared_batch,0.005,1
paviau_109953_shared_batch_0.00500,0.9646521210670472,0.7478204369544983,0.700158417224884,0.7271285057067871,0.9649999737739564,0.959999978542328,0.2000000029802322,0.0920039713382721,0.3031322658061981,0.4781225025653839,0.800000011920929,6,0.2728714942932129,0.0350000001490116,0.0399999991059303,0.0,109953,shared_batch,0.005,1
paviau_60189_shared_batch_0.00500,0.8810622096061707,0.2445867359638214,0.3873958587646484,0.6847389340400696,0.51785808801651,0.7865749597549438,0.800000011920929,0.280101865530014,0.5687214136123657,0.7757635712623596,0.4000000059604645,0,0.315261036157608,0.2030830681324005,0.0977104753255844,0.014725754968822,60189,shared_batch,0.005,1
paviau_81434_shared_batch_0.00500,0.9942077398300172,0.9995900988578796,0.7929325103759766,0.8091338276863098,0.9649999737739564,0.959999978542328,0.0,0.002102131024003,0.0016420776955783,0.0008197622955776,0.0,4,0.1908661425113678,0.0350000001490116,0.0399999991059303,0.0,81434,shared_batch,0.005,1
paviau_60524_shared_batch_0.00500,0.8686705231666565,0.346485435962677,0.3399410545825958,0.4610643982887268,0.9649999737739564,0.7246285080909729,0.4000000059604645,0.2066201120615005,0.638813316822052,0.9390909671783448,0.4000000059604645,0,0.3099768757820129,0.0350000001490116,0.1196138560771942,0.0184407159686088,60524,shared_batch,0.005,1
paviau_131646_shared_batch_0.00500,0.9955790638923644,0.4401361644268036,0.6801502108573914,0.7086781859397888,0.9649999737739564,0.959999978542328,0.4000000059604645,0.2401875108480453,0.4966981112957001,0.9765803217887878,0.4000000059604645,2,0.2913218438625335,0.0350000001490116,0.0399999991059303,0.0,131646,shared_batch,0.005,1
paviau_175995_shared_batch_0.00500,0.99904066324234,0.9688896536827089,0.6845600605010986,0.7127698063850403,0.9649999737739564,0.959999978542328,0.0,0.0102684339508414,0.0694904401898384,0.0569838881492614,0.0,1,0.2872301936149597,0.0350000001490116,0.0399999991059303,0.0,175995,shared_batch,0.005,1
paviau_202845_shared_batch_0.00500,0.9996531009674072,0.9311246275901794,0.5946080684661865,0.6262482404708862,0.9649999737739564,0.959999978542328,0.0,0.02417260594666,0.126822292804718,0.128092423081398,0.0,1,0.3737517893314361,0.0350000001490116,0.0399999991059303,0.0,202845,shared_batch,0.005,1
paviau_98016_shared_batch_0.00500,0.9641112685203552,0.8634051084518433,0.668773889541626,0.6980553865432739,0.9649999737739564,0.959999978542328,0.0,0.0303121265023946,0.2393502444028854,0.2151812314987182,0.0,7,0.3019446134567261,0.0350000001490116,0.0399999991059303,0.0,98016,shared_batch,0.005,1
paviau_70131_shared_batch_0.00500,0.9619333148002625,0.4309543371200561,0.4494766294956207,0.5540875792503357,0.8432588577270508,0.959999978542328,0.6000000238418579,0.1934332400560379,0.3535899519920349,0.879680335521698,0.4000000059604645,1,0.266027420759201,0.0766398683190345,0.0399999991059303,0.1713074743747711,70131,shared_batch,0.005,1
paviau_161936_shared_batch_0.00500,0.8903114795684814,0.1543385684490203,0.6192629337310791,0.6506348848342896,0.9649999737739564,0.8149921298027039,1.0,0.3086652457714081,0.3146774768829345,0.3687124252319336,0.0,2,0.3493651449680328,0.0350000001490116,0.0879068076610565,0.0072104060091078,161936,shared_batch,0.005,0
paviau_44706_shared_batch_0.00500,0.9972291588783264,0.5944485068321228,0.6095086336135864,0.6624239087104797,0.9649999737739564,0.959999978542328,0.4000000059604645,0.1617558896541595,0.4755330085754394,0.6693170070648193,0.4000000059604645,0,0.2974995672702789,0.0350000001490116,0.0399999991059303,0.0186362583190202,44706,shared_batch,0.005,1
paviau_57483_shared_batch_0.00500,0.9812503457069396,0.7934933304786682,0.6611198782920837,0.690852701663971,0.7335261106491089,0.959999978542328,0.0,0.0650496035814285,0.2497991174459457,0.404751718044281,0.0,7,0.309147298336029,0.1164861246943473,0.0399999991059303,0.0042469594627618,57483,shared_batch,0.005,1
paviau_70092_shared_batch_0.00500,0.992675244808197,0.6731223464012146,0.6886248588562012,0.7165286540985107,0.9649999737739564,0.959999978542328,0.4000000059604645,0.118862584233284,0.2952853739261627,0.6508387327194214,0.6000000238418579,7,0.2834713160991668,0.0350000001490116,0.0399999991059303,0.0,70092,shared_batch,0.005,1
paviau_83047_shared_batch_0.00500,0.4857342839241028,0.6107029318809509,0.2548965215682983,0.7475131750106812,0.9649999737739564,0.4038708806037903,0.2000000029802322,0.0299346167594194,0.3916572332382202,0.7245847582817078,0.2000000029802322,7,0.2524867951869964,0.0350000001490116,0.2482436299324035,0.005276829469949,83047,shared_batch,0.005,1
paviau_49377_shared_batch_0.00500,0.9994483590126038,0.6256328821182251,0.6772475242614746,0.7059769630432129,0.9649999737739564,0.959999978542328,0.4000000059604645,0.1506432890892028,0.4647304117679596,0.57448810338974,0.4000000059604645,1,0.2940230071544647,0.0350000001490116,0.0399999991059303,0.001654781633988,49377,shared_batch,0.005,1
paviau_157971_shared_batch_0.00500,0.9931221604347228,0.0368371978402137,0.3902235329151153,0.5041530132293701,0.9649999737739564,0.959999978542328,1.0,0.5962458252906799,0.4087038934230804,0.4192812442779541,0.2000000029802322,2,0.2965306341648102,0.0350000001490116,0.0399999991059303,0.3013207912445068,157971,shared_batch,0.005,0
paviau_78984_shared_batch_0.00500,0.9335691332817078,0.3605062365531921,0.2907306253910064,0.4157042205333709,0.5756520628929138,0.8322054743766785,0.6000000238418579,0.2120941281318664,0.493939071893692,0.8598712086677551,0.4000000059604645,1,0.2950758635997772,0.1786051541566848,0.08203886449337,0.2659526169300079,78984,shared_batch,0.005,1
paviau_192683_shared_batch_0.00500,0.9990625977516174,0.9778862595558168,0.6854344010353088,0.7135793566703796,0.9649999737739564,0.959999978542328,0.0,0.0063588018529117,0.0505059137940406,0.0429763831198215,0.0,1,0.286420613527298,0.0350000001490116,0.0399999991059303,0.0,192683,shared_batch,0.005,1
paviau_32365_shared_batch_0.00500,0.9997649788856506,0.9873781204223632,0.6609582304954529,0.7004126310348511,0.9649999737739564,0.959999978542328,0.0,0.0044173253700137,0.0308399628847837,0.0252404995262622,0.0,1,0.2800076007843017,0.0350000001490116,0.0399999991059303,0.0,32365,shared_batch,0.005,1
paviau_72279_shared_batch_0.00500,0.90156888961792,0.8355310559272766,0.4360895454883575,0.6524998545646667,0.9649999737739564,0.5613551735877991,0.2000000029802322,0.0593996234238147,0.2414355278015136,0.3041554093360901,0.2000000029802322,0,0.3475001454353332,0.0350000001490116,0.1814090013504028,0.0487625822424888,72279,shared_batch,0.005,1
paviau_185543_shared_batch_0.00500,0.9975560903549194,0.6409430503845215,0.6785705089569092,0.7072088122367859,0.9649999737739564,0.959999978542328,0.4000000059604645,0.1380995512008667,0.297256737947464,0.7180891633033752,0.4000000059604645,1,0.2927911579608917,0.0350000001490116,0.0399999991059303,0.0,185543,shared_batch,0.005,1
paviau_207112_shared_batch_0.00500,0.9998664855957032,0.989628255367279,0.6589469909667969,0.6887997388839722,0.9649999737739564,0.959999978542328,0.0,0.0034648273140192,0.0262629892677068,0.0207433514297008,0.0,1,0.3112002611160278,0.0350000001490116,0.0399999991059303,0.0,207112,shared_batch,0.005,1
paviau_189465_shared_batch_0.00500,0.9973796606063844,0.8560467958450317,0.6696786880493164,0.6989037990570068,0.9649999737739564,0.959999978542328,0.0,0.04963930696249,0.2022468298673629,0.2820370197296142,0.0,7,0.3010962307453155,0.0350000001490116,0.0399999991059303,0.0,189465,shared_batch,0.005,1
paviau_198475_shared_batch_0.00500,0.9930619597434998,0.5222520232200623,0.6772505044937134,0.7059797644615173,0.9649999737739564,0.959999978542328,0.4000000059604645,0.1876565515995025,0.3153601288795471,0.9554181098937988,0.4000000059604645,1,0.2940202355384826,0.0350000001490116,0.0399999991059303,0.0184238087385892,198475,shared_batch,0.005,1
paviau_204566_shared_batch_0.00500,0.9989792704582214,0.9170941710472108,0.6630942225456238,0.6927149891853333,0.9649999737739564,0.959999978542328,0.0,0.0280689615756273,0.1368308961391449,0.1622038036584854,0.0,1,0.3072850108146667,0.0350000001490116,0.0399999991059303,0.0,204566,shared_batch,0.005,1
paviau_188575_shared_batch_0.00500,0.9998584985733032,0.969418168067932,0.736577033996582,0.7599877119064331,0.9649999737739564,0.959999978542328,0.0,0.0105537874624133,0.0622425340116024,0.0611635744571685,0.0,1,0.2400123029947281,0.0350000001490116,0.0399999991059303,0.0,188575,shared_batch,0.005,1
paviau_199596_shared_batch_0.00500,0.9996695518493652,0.9370737075805664,0.6534440517425537,0.6835837364196777,0.9649999737739564,0.959999978542328,0.0,0.0220789816230535,0.1069358065724372,0.1258511394262313,0.0,1,0.3164162635803222,0.0350000001490116,0.0399999991059303,0.0630010664463043,199596,shared_batch,0.005,1
paviau_48648_shared_batch_0.00500,0.4813734889030456,0.1074439361691474,0.1122032552957534,0.7102910280227661,0.495091825723648,0.2502924799919128,1.0,0.3033070266246795,0.4641305208206177,0.5025081038475037,0.2000000029802322,6,0.2897090017795563,0.2130274772644043,0.3235066831111908,0.1503591835498809,48648,shared_batch,0.005,0
paviau_112727_shared_batch_0.00500,0.9872581362724304,0.8339429497718811,0.6407087445259094,0.6714200377464294,0.9649999737739564,0.959999978542328,0.0,0.0433493629097938,0.2046688646078109,0.332102507352829,0.0,5,0.3285799920558929,0.0350000001490116,0.0399999991059303,0.0,112727,shared_batch,0.005,1
paviau_123577_shared_batch_0.00500,0.995880126953125,0.7523844838142395,0.7395403385162354,0.7626218795776367,0.9649999737739564,0.959999978542328,0.2000000029802322,0.0887525677680969,0.2794325053691864,0.4811154007911682,0.2000000029802322,6,0.2373781055212021,0.0350000001490116,0.0399999991059303,0.0,123577,shared_batch,0.005,1
paviau_44710_shared_batch_0.00500,0.9983933568000792,0.967628538608551,0.6885997653007507,0.7165054082870483,0.9649999737739564,0.959999978542328,0.0,0.0094181736931204,0.0872145220637321,0.0459243841469287,0.0,0,0.2834945917129516,0.0350000001490116,0.0399999991059303,0.001612240448594,44710,shared_batch,0.005,1
paviau_102306_shared_batch_0.00500,0.99708753824234,0.4023307561874389,0.5532972812652588,0.628058671951294,0.9649999737739564,0.959999978542328,0.6000000238418579,0.2677991390228271,0.307110071182251,0.8047471046447754,0.4000000059604645,3,0.2852896749973297,0.0350000001490116,0.0399999991059303,0.0229583103209733,102306,shared_batch,0.005,1
paviau_204744_shared_batch_0.00500,0.9997928738594056,0.9756497144699096,0.6906571984291077,0.7184034585952759,0.9649999737739564,0.959999978542328,0.0,0.0083320345729589,0.052155926823616,0.0486919619143009,0.0,1,0.2815965414047241,0.0350000001490116,0.0399999991059303,0.0007193420897237,204744,shared_batch,0.005,1
paviau_62706_shared_batch_0.00500,0.9959239959716796,1.0,0.7629671692848206,0.7832481265068054,0.9649999737739564,0.959999978542328,0.0,0.0014143550070002,6.706890758323425e-07,9.99999993922529e-09,0.0,4,0.2167518436908722,0.0350000001490116,0.0399999991059303,0.0,62706,shared_batch,0.005,1
paviau_4242_shared_batch_0.00500,0.9995564818382264,0.999647617340088,0.6349563002586365,0.6658824682235718,0.9649999737739564,0.959999978542328,0.0,0.0001389583630952,0.0014360153581947,0.0007047443650662,0.0,3,0.3341175317764282,0.0350000001490116,0.0399999991059303,0.0,4242,shared_batch,0.005,1
paviau_28728_shared_batch_0.00500,0.9986572265625,0.3993237912654876,0.6726855635643005,0.7033575773239136,0.9649999737739564,0.959999978542328,0.6000000238418579,0.2721059620380401,0.3068172931671142,0.7987993359565735,0.4000000059604645,3,0.2935192883014679,0.0350000001490116,0.0399999991059303,0.0027096683625131,28728,shared_batch,0.005,1
paviau_78346_shared_batch_0.00500,0.990669012069702,0.9965405464172364,0.6746758222579956,0.7063269019126892,0.9649999737739564,0.959999978542328,0.0,0.003596210386604,0.0118310935795307,0.0054982965812087,0.0,4,0.2883210480213165,0.0350000001490116,0.0399999991059303,6.860742360004224e-06,78346,shared_batch,0.005,1
paviau_118485_shared_batch_0.00500,0.998072624206543,0.5574052929878235,0.6685224771499634,0.6978194713592529,0.9649999737739564,0.959999978542328,0.4000000059604645,0.1802255511283874,0.3284433782100677,0.8784195780754089,0.6000000238418579,5,0.302180528640747,0.0350000001490116,0.0399999991059303,0.0040219919756054,118485,shared_batch,0.005,1
paviau_204686_shared_batch_0.00500,0.999637007713318,0.9705827832221984,0.679777979850769,0.7083321213722229,0.9649999737739564,0.959999978542328,0.0,0.0097476737573742,0.0624984912574291,0.0577604211866855,0.0,1,0.2916678786277771,0.0350000001490116,0.0399999991059303,0.0071132741868495,204686,shared_batch,0.005,1
paviau_206304_shared_batch_0.00500,0.969801902770996,0.8710227608680725,0.6570578813552856,0.6882975697517395,0.9649999737739564,0.7285524606704712,0.0,0.0184752512723207,0.1749776899814605,0.2579523026943207,0.0,1,0.3117024302482605,0.0350000001490116,0.118203692138195,0.0,206304,shared_batch,0.005,1
paviau_171556_shared_batch_0.00500,0.9997649788856506,0.8927454948425293,0.6748767495155334,0.7037661671638489,0.9649999737739564,0.959999978542328,0.0,0.0385130941867828,0.1584180295467376,0.2132898420095443,0.0,1,0.2962338328361511,0.0350000001490116,0.0399999991059303,0.0008838636567816,171556,shared_batch,0.005,1
paviau_54477_shared_batch_0.00500,0.9994181394577026,0.9615979194641112,0.6772264242172241,0.705957293510437,0.9649999737739564,0.959999978542328,0.0,0.0127785122022032,0.0834015011787414,0.0708142071962356,0.0,1,0.294042706489563,0.0350000001490116,0.0399999991059303,0.0,54477,shared_batch,0.005,1
paviau_190479_shared_batch_0.00500,0.9977596998214722,0.8264764547348022,0.6767848134040833,0.7055458426475525,0.9649999737739564,0.959999978542328,0.0,0.0604280121624469,0.2536835074424743,0.3243022263050079,0.0,7,0.2944541573524475,0.0350000001490116,0.0399999991059303,0.0,190479,shared_batch,0.005,1
paviau_203544_shared_batch_0.00500,0.999313473701477,0.9644798636436462,0.6287738680839539,0.6599004864692688,0.9649999737739564,0.959999978542328,0.0,0.0119439251720905,0.0804659500718116,0.0579776652157306,0.0,1,0.3400995433330536,0.0350000001490116,0.0399999991059303,0.0,203544,shared_batch,0.005,1
paviau_111631_shared_batch_0.00500,0.9395700097084044,0.2189087122678756,0.3033857345581054,0.4276464283466339,0.6213291883468628,0.9271920323371888,0.800000011920929,0.3305565416812897,0.5512667894363403,0.8340204954147339,0.6000000238418579,6,0.292024701833725,0.1599681973457336,0.0505495555698871,0.3927033543586731,111631,shared_batch,0.005,1
paviau_183131_shared_batch_0.00500,0.9975641965866088,0.8701322674751282,0.6763714551925659,0.7051604986190796,0.9649999737739564,0.959999978542328,0.2000000029802322,0.0424396842718124,0.1758035272359848,0.2597214877605438,0.2000000029802322,1,0.2948395311832428,0.0350000001490116,0.0399999991059303,0.0,183131,shared_batch,0.005,1
paviau_187342_shared_batch_0.00500,0.9975122213363647,0.9542205929756165,0.6430264115333557,0.6736434102058411,0.9649999737739564,0.959999978542328,0.0,0.0147550627589225,0.0846051499247551,0.0915588065981864,0.0,3,0.3263565897941589,0.0350000001490116,0.0399999991059303,0.0057419226504862,187342,shared_batch,0.005,1
paviau_118183_shared_batch_0.00500,0.9062905311584472,0.5167495608329773,0.6794480085372925,0.7080252170562744,0.9649999737739564,0.959999978542328,0.4000000059604645,0.100639060139656,0.3188968896865845,0.965351402759552,0.6000000238418579,5,0.2919747531414032,0.0350000001490116,0.0399999991059303,0.0273401550948619,118183,shared_batch,0.005,1
paviau_151055_shared_batch_0.00500,0.99334454536438,0.9965242743492126,0.6822152733802795,0.7105960845947266,0.9649999737739564,0.959999978542328,0.0,0.0029999299440532,0.0105361230671405,0.0069514052011072,0.0,3,0.2894039154052734,0.0350000001490116,0.0399999991059303,0.0,151055,shared_batch,0.005,1
paviau_188202_shared_batch_0.00500,0.9998286962509156,0.9960251450538636,0.716382622718811,0.741879403591156,0.9649999737739564,0.959999978542328,0.0,0.0012511577224358,0.0126842204481363,0.0071962880901992,0.0,1,0.258120596408844,0.0350000001490116,0.0399999991059303,0.0,188202,shared_batch,0.005,1
paviau_71472_shared_batch_0.00500,0.9065629243850708,0.603570282459259,0.6996020674705505,0.7266194224357605,0.9649999737739564,0.959999978542328,0.4000000059604645,0.1090125292539596,0.3270740211009979,0.7845690250396729,0.4000000059604645,7,0.2733805477619171,0.0350000001490116,0.0399999991059303,0.0,71472,shared_batch,0.005,1
paviau_117505_shared_batch_0.00500,0.9378451108932496,0.7439373135566711,0.665861189365387,0.6953197121620178,0.9649999737739564,0.959999978542328,0.2000000029802322,0.0383493788540363,0.2590751349925995,0.5120909214019775,0.800000011920929,5,0.3046802878379822,0.0350000001490116,0.0399999991059303,0.0125305345281958,117505,shared_batch,0.005,1
paviau_40847_shared_batch_0.00500,0.9985542893409728,0.9633700847625732,0.6880884766578674,0.7160332798957825,0.9649999737739564,0.959999978542328,0.0,0.0123144332319498,0.0714915543794632,0.0732597857713699,0.0,1,0.2839667201042175,0.0350000001490116,0.0399999991059303,0.0,40847,shared_batch,0.005,1
paviau_26216_shared_batch_0.00500,0.9997867941856384,0.9498634338378906,0.6676265597343445,0.6969785690307617,0.9649999737739564,0.959999978542328,0.0,0.0174284931272268,0.0905913934111595,0.100259892642498,0.0,1,0.3030214309692383,0.0350000001490116,0.0399999991059303,0.0066234832629561,26216,shared_batch,0.005,1
paviau_129245_shared_batch_0.00500,0.9875154495239258,0.1981358528137207,0.6764368414878845,0.7052214741706848,0.9649999737739564,0.959999978542328,1.0,0.4115447103977203,0.2596830427646637,0.4101248979568481,0.0,2,0.2947785556316376,0.0350000001490116,0.0399999991059303,0.0,129245,shared_batch,0.005,1
paviau_168988_shared_batch_0.00500,0.8022555112838745,0.1795786768198013,0.6449254155158997,0.675462007522583,0.9154098033905028,0.8658576011657715,1.0,0.2258103787899017,0.2728304862976074,0.3817066848278045,0.0,5,0.3245380222797394,0.0516650639474391,0.0707145035266876,0.0059611955657601,168988,shared_batch,0.005,0
paviau_100480_shared_batch_0.00500,0.9976983666419984,0.6549938321113586,0.6567710041999817,0.6867401003837585,0.9649999737739564,0.959999978542328,0.2000000029802322,0.1339766979217529,0.2952457964420318,0.6894150376319885,0.800000011920929,5,0.3132599294185638,0.0350000001490116,0.0399999991059303,0.0102405548095703,100480,shared_batch,0.005,1
paviau_180601_shared_batch_0.00500,0.9853191375732422,0.5325618982315063,0.663997232913971,0.6935656666755676,0.9649999737739564,0.959999978542328,0.4000000059604645,0.1719962805509567,0.4822881817817688,0.7863556146621704,0.4000000059604645,7,0.30643430352211,0.0350000001490116,0.0399999991059303,5.659191810991615e-05,180601,shared_batch,0.005,1
paviau_204164_shared_batch_0.01000,0.9996381998062134,0.7899696230888367,0.6335252523422241,0.6645005941390991,0.9649999737739564,0.959999978542328,0.2000000029802322,0.0787198022007942,0.239019513130188,0.4183594882488251,0.2000000029802322,1,0.3354993760585785,0.0350000001490116,0.0399999991059303,0.0045966431498527,204164,shared_batch,0.01,1
paviau_143757_shared_batch_0.01000,0.6948704123497009,0.1580931991338729,0.2950375974178314,0.6802681088447571,0.4367073178291321,0.8716008067131042,0.800000011920929,0.178482174873352,0.3992581367492676,0.4323015213012695,0.2000000029802322,7,0.3197318911552429,0.2394017726182937,0.0688007995486259,0.1701452136039734,143757,shared_batch,0.01,0
paviau_204778_shared_batch_0.01000,0.99980229139328,0.9521145820617676,0.632986307144165,0.6639798283576965,0.9649999737739564,0.959999978542328,0.0,0.0167696867138147,0.0875009074807167,0.0957695096731185,0.0,1,0.3360201716423034,0.0350000001490116,0.0399999991059303,0.0293538533151149,204778,shared_batch,0.01,1
paviau_92907_shared_batch_0.01000,0.9319968223571776,0.7199052572250366,0.6433029770851135,0.6739084124565125,0.9649999737739564,0.959999978542328,0.0,0.0827152505517005,0.3196006119251251,0.5263458490371704,0.0,7,0.3260915875434875,0.0350000001490116,0.0399999991059303,0.0924705639481544,92907,shared_batch,0.01,1
paviau_206239_shared_batch_0.01000,0.9995229244232178,0.7893375754356384,0.5685162544250488,0.5998318195343018,0.9649999737739564,0.959999978542328,0.2000000029802322,0.0788835734128952,0.2551344335079193,0.4094257652759552,0.2000000029802322,1,0.4001681506633758,0.0350000001490116,0.0399999991059303,0.0177955850958824,206239,shared_batch,0.01,1
paviau_124239_shared_batch_0.01000,0.9931010007858276,0.5051166415214539,0.6169406175613403,0.6483607292175293,0.9649999737739564,0.959999978542328,0.4000000059604645,0.2040412127971649,0.4554729759693146,0.8725988864898682,0.4000000059604645,6,0.3516393005847931,0.0350000001490116,0.0399999991059303,0.1400585025548935,124239,shared_batch,0.01,1
paviau_129152_shared_batch_0.01000,0.5625016689300537,0.4605481922626495,0.2343839704990387,0.6597988605499268,0.4182604849338531,0.3840813338756561,0.6000000238418579,0.0450001321732997,0.3397346436977386,0.9308250546455384,0.4000000059604645,0,0.3402011394500732,0.2480186074972152,0.2572894394397735,0.0564474165439605,129152,shared_batch,0.01,1
paviau_204881_shared_batch_0.01000,0.9985283613204956,0.4009497165679931,0.3259195685386657,0.4322820603847503,0.9649999737739564,0.959999978542328,0.6000000238418579,0.2704252600669861,0.3064842224121094,0.8019007444381714,0.4000000059604645,1,0.4379782974720001,0.0350000001490116,0.0399999991059303,0.3736566305160522,204881,shared_batch,0.01,1
paviau_114067_shared_batch_0.01000,0.9928979873657228,0.5066655278205872,0.6133315563201904,0.6448171138763428,0.9649999737739564,0.959999978542328,0.4000000059604645,0.1986909210681915,0.4376018643379211,0.8977727293968201,0.4000000059604645,5,0.3551828861236572,0.0350000001490116,0.0399999991059303,0.0147618865594267,114067,shared_batch,0.01,1
paviau_79377_shared_batch_0.01000,0.9973180890083312,0.999789834022522,0.6232020258903503,0.6544815897941589,0.9649999737739564,0.959999978542328,0.0,0.0009728257427923,0.0009061491582542,0.0004203262215014,0.0,4,0.3455183804035187,0.0350000001490116,0.0399999991059303,0.0460032671689987,79377,shared_batch,0.01,1
paviau_81434_shared_batch_0.01000,0.9935289025306702,0.9994040131568908,0.6127607822418213,0.6442556977272034,0.9649999737739564,0.959999978542328,0.0,0.0020998273976147,0.0024372478947043,0.0010450531262904,0.0,4,0.355744332075119,0.0350000001490116,0.0399999991059303,0.0604388415813446,81434,shared_batch,0.01,1
paviau_185867_shared_batch_0.01000,0.9997500777244568,0.6706733703613281,0.5739067196846008,0.6053426265716553,0.9649999737739564,0.959999978542328,0.4000000059604645,0.1298735290765762,0.2935234010219574,0.6568430066108704,0.4000000059604645,1,0.3946573734283447,0.0350000001490116,0.0399999991059303,0.0184161160141229,185867,shared_batch,0.01,1
paviau_183500_shared_batch_0.01000,0.9996262788772584,0.4603850543498993,0.6293212175369263,0.6604313850402832,0.9649999737739564,0.959999978542328,0.6000000238418579,0.23776775598526,0.3140459358692169,0.9207716584205629,0.4000000059604645,5,0.3395686447620392,0.0350000001490116,0.0399999991059303,0.0194712951779365,183500,shared_batch,0.01,0
paviau_126615_shared_batch_0.01000,0.624826967716217,0.2045402824878692,0.2698666453361511,0.6710929870605469,0.4943828284740448,0.4179877936840057,0.800000011920929,0.3880547881126404,0.2562394440174103,0.4180422723293304,0.2000000029802322,6,0.3289070427417755,0.21334008872509,0.2418901622295379,0.0848320797085762,126615,shared_batch,0.01,1
paviau_49642_shared_batch_0.01000,0.999354898929596,0.9830962419509888,0.569480836391449,0.600820004940033,0.9649999737739564,0.959999978542328,0.0,0.0055104042403399,0.0410778857767581,0.0326589308679103,0.0,1,0.399179995059967,0.0350000001490116,0.0399999991059303,0.0541090406477451,49642,shared_batch,0.01,1
paviau_58909_shared_batch_0.01000,0.9865288734436036,0.5585870742797852,0.1876715719699859,0.6618422269821167,0.9649999737739564,0.336720198392868,0.4000000059604645,0.1620341539382934,0.3292818665504455,0.8770312666893005,0.4000000059604645,5,0.3381577730178833,0.0350000001490116,0.2796516418457031,0.0531442984938621,58909,shared_batch,0.01,0
paviau_112654_shared_batch_0.01000,0.7544884085655212,0.6390948295593262,0.201380580663681,0.6669366955757141,0.3459143936634063,0.8437371850013733,0.2000000029802322,0.1678899973630905,0.4134930968284607,0.5973560810089111,0.2000000029802322,6,0.3330633342266083,0.2833215892314911,0.0781366452574729,0.0886401757597923,112654,shared_batch,0.01,1
paviau_109255_shared_batch_0.01000,0.9901691675186156,0.540370523929596,0.572217583656311,0.6540874242782593,0.9649999737739564,0.6666070818901062,0.4000000059604645,0.1834883838891983,0.4248684346675873,0.8466397523880005,0.4000000059604645,6,0.3459125757217407,0.0350000001490116,0.1408491879701614,0.1576078236103058,109255,shared_batch,0.01,1
paviau_199727_shared_batch_0.01000,0.9995397329330444,0.5865171551704407,0.6140140891075134,0.6454882025718689,0.9649999737739564,0.8097120523452759,0.4000000059604645,0.1696981191635131,0.3092337250709533,0.8268137574195862,0.4000000059604645,1,0.3545118272304535,0.0350000001490116,0.089717298746109,0.041580531746149,199727,shared_batch,0.01,1
paviau_89164_shared_batch_0.01000,0.9218891859054564,0.1013614386320114,0.3032111823558807,0.6669895052909851,0.9649999737739564,0.448562890291214,1.0,0.443418949842453,0.2081782519817352,0.2274575531482696,0.0,2,0.3330104649066925,0.0350000001490116,0.2283973395824432,0.1202049106359481,89164,shared_batch,0.01,0
paviau_62706_shared_batch_0.01000,0.9955904483795166,0.9993655681610109,0.5897486805915833,0.6213770508766174,0.9649999737739564,0.959999978542328,0.0,0.0015454975655302,0.0026026642881333,0.0010442931670695,0.0,4,0.3786229789257049,0.0350000001490116,0.0399999991059303,0.0982449054718017,62706,shared_batch,0.01,1
paviau_95367_shared_batch_0.01000,0.4831140041351318,0.5517587065696716,0.0995807722210884,0.6471818089485168,0.3035435080528259,0.2339957803487777,0.4000000059604645,0.2040670812129974,0.4306245148181915,0.8002845644950867,0.800000011920929,5,0.3528181910514831,0.3052753508090973,0.3322978019714355,0.2314751893281936,95367,shared_batch,0.01,1
paviau_37118_shared_batch_0.01000,0.9573200345039368,0.9714199900627136,0.641992449760437,0.6726520657539368,0.9649999737739564,0.959999978542328,0.0,0.0014012774918228,0.0623782686889171,0.0551449470221996,0.0,1,0.3273479342460632,0.0350000001490116,0.0399999991059303,0.0010187161387875,37118,shared_batch,0.01,1
paviau_27288_shared_batch_0.01000,0.9991374015808104,0.6174468398094177,0.5004761815071106,0.5589067935943604,0.9649999737739564,0.959999978542328,0.4000000059604645,0.153475821018219,0.314856469631195,0.7605359554290771,0.4000000059604645,1,0.402117520570755,0.0350000001490116,0.0399999991059303,0.0749420598149299,27288,shared_batch,0.01,1
paviau_119140_shared_batch_0.01000,0.9978349804878236,0.4728420972824096,0.6080652475357056,0.6396259069442749,0.9649999737739564,0.959999978542328,0.4000000059604645,0.2274077087640762,0.5275195837020874,0.8648535013198853,0.4000000059604645,6,0.3603740632534027,0.0350000001490116,0.0399999991059303,0.1923285573720932,119140,shared_batch,0.01,1
paviau_204381_shared_batch_0.01000,0.9976810216903688,0.4842765927314758,0.6333997845649719,0.6643794178962708,0.9649999737739564,0.959999978542328,0.6000000238418579,0.2194081991910934,0.3217019140720367,0.970456063747406,0.4000000059604645,5,0.3356205821037292,0.0350000001490116,0.0399999991059303,0.0,204381,shared_batch,0.01,0
paviau_148456_shared_batch_0.01000,0.9888226985931396,0.9930309057235718,0.4043421149253845,0.5045647025108337,0.9649999737739564,0.7573273181915283,0.0,0.0052077695727348,0.0212125219404697,0.0121305203065276,0.0,8,0.3709109723567962,0.0350000001490116,0.1079581677913665,0.0888032764196395,148456,shared_batch,0.01,1
paviau_171590_shared_batch_0.01000,0.999077320098877,0.8315280675888062,0.6171562671661377,0.6485720276832581,0.9649999737739564,0.959999978542328,0.0,0.0604056790471077,0.2065586894750595,0.3369007110595703,0.0,1,0.3514279723167419,0.0350000001490116,0.0399999991059303,0.0227972045540809,171590,shared_batch,0.01,1
paviau_161515_shared_batch_0.01000,0.5664464235305786,0.4400527477264404,0.6009031534194946,0.6691710948944092,0.7615123987197876,0.6878219842910767,0.4000000059604645,0.1742169559001922,0.5043606162071228,0.9559390544891356,0.4000000059604645,2,0.3308288753032684,0.1060921251773834,0.1329992860555648,0.0070214988663792,161515,shared_batch,0.01,1
paviau_193380_shared_batch_0.01000,0.9998420476913452,0.9707028865814208,0.635306179523468,0.6662200689315796,0.9649999737739564,0.959999978542328,0.0,0.0100138708949089,0.0653766766190528,0.056123562157154,0.0,1,0.3337799310684204,0.0350000001490116,0.0399999991059303,0.0199910588562488,193380,shared_batch,0.01,1
paviau_18391_shared_batch_0.01000,0.9637801051139832,0.5572348237037659,0.629716694355011,0.6608147621154785,0.9649999737739564,0.959999978542328,0.4000000059604645,0.1568764895200729,0.381904125213623,0.8497536182403564,0.4000000059604645,0,0.3391852080821991,0.0350000001490116,0.0399999991059303,0.0681871399283409,18391,shared_batch,0.01,1
paviau_192318_shared_batch_0.01000,0.9990144968032836,0.083243153989315,0.5378109812736511,0.5678826570510864,0.9649999737739564,0.959999978542328,1.0,0.5445418953895569,0.1347730606794357,0.1677369475364685,0.0,5,0.4321173429489136,0.0350000001490116,0.0399999991059303,0.0291996356099843,192318,shared_batch,0.01,0
paviau_19847_shared_batch_0.01000,0.997805655002594,0.7278492450714111,0.6338617205619812,0.6648256778717041,0.9649999737739564,0.959999978542328,0.2000000029802322,0.1012978628277778,0.3471805453300476,0.4900222718715668,0.2000000029802322,0,0.3351743221282959,0.0350000001490116,0.0399999991059303,0.1364220529794693,19847,shared_batch,0.01,1
paviau_99518_shared_batch_0.01000,0.8683335781097412,0.6290043592453003,0.6309973001480103,0.6620555520057678,0.9649999737739564,0.959999978542328,0.4000000059604645,0.1535742133855819,0.3697251975536346,0.7000856399536133,0.4000000059604645,0,0.3379444777965545,0.0350000001490116,0.0399999991059303,0.0427071489393711,99518,shared_batch,0.01,1
paviau_203888_shared_batch_0.01000,0.9987666606903076,0.8571216464042664,0.5956878066062927,0.6273276209831238,0.9649999737739564,0.959999978542328,0.0,0.0507667101919651,0.2249269783496856,0.246451124548912,0.0,1,0.3726723492145538,0.0350000001490116,0.0399999991059303,0.008433430455625,203888,shared_batch,0.01,1
paviau_95036_shared_batch_0.01000,0.9874021410942078,0.4661801755428314,0.1898808032274246,0.6495656371116638,0.9007145762443542,0.3390434086322784,0.6000000238418579,0.2125506401062011,0.4990274012088775,0.8308749794960022,0.6000000238418579,5,0.3504343330860138,0.056679580360651,0.2785297036170959,0.0617910362780094,95036,shared_batch,0.01,1
paviau_167460_shared_batch_0.01000,0.9985063672065736,0.95719575881958,0.6363019347190857,0.6671802997589111,0.9649999737739564,0.959999978542328,0.0,0.0142470384016633,0.0804456621408462,0.0856084153056144,0.0,3,0.3328197002410888,0.0350000001490116,0.0399999991059303,0.0,167460,shared_batch,0.01,1
paviau_62031_shared_batch_0.01000,0.9963018894195556,0.9991422295570374,0.6351903080940247,0.6661083102226257,0.9649999737739564,0.959999978542328,0.0,0.0013928317930549,0.0033717507030814,0.0014910087920725,0.0,4,0.3338917195796966,0.0350000001490116,0.0399999991059303,0.0233563650399446,62031,shared_batch,0.01,1
paviau_188202_shared_batch_0.01000,0.9998433589935304,0.9009038805961608,0.6345927715301514,0.6655316352844238,0.9649999737739564,0.959999978542328,0.0,0.0354135371744632,0.1575104743242263,0.1920653581619262,0.0,1,0.3344683945178985,0.0350000001490116,0.0399999991059303,0.0090292375534772,188202,shared_batch,0.01,1
paviau_111693_shared_batch_0.01000,0.9144944548606871,0.7201589941978455,0.6294822096824646,0.6605874300003052,0.9649999737739564,0.959999978542328,0.2000000029802322,0.0342929698526859,0.2995932698249817,0.5472463965415955,0.2000000029802322,5,0.3394125699996948,0.0350000001490116,0.0399999991059303,0.006665482185781,111693,shared_batch,0.01,1
paviau_129186_shared_batch_0.01000,0.959119975566864,0.0314632803201675,0.2993474304676056,0.4245570302009582,0.6258738040924072,0.959999978542328,1.0,0.549814760684967,0.5298299193382263,0.9105332493782043,0.6000000238418579,2,0.3371517658233642,0.1581456065177917,0.0399999991059303,0.3152654469013214,129186,shared_batch,0.01,0
paviau_188209_shared_batch_0.01000,0.9986340403556824,0.7617145776748657,0.6321973204612732,0.6632168889045715,0.9649999737739564,0.959999978542328,0.2000000029802322,0.0874986201524734,0.2514130175113678,0.476114273071289,0.2000000029802322,1,0.3367831110954284,0.0350000001490116,0.0399999991059303,0.0246298406273126,188209,shared_batch,0.01,1
paviau_83853_shared_batch_0.01000,0.824988067150116,0.5773876309394836,0.6287486553192139,0.6598759889602661,0.7334231734275818,0.959999978542328,0.4000000059604645,0.1879636347293853,0.3666301369667053,0.8150660991668701,0.4000000059604645,0,0.3401240110397339,0.1165246739983558,0.0399999991059303,0.0340183675289154,83853,shared_batch,0.01,1
paviau_178665_shared_batch_0.01000,0.9238459467887878,0.5632202625274658,0.3449863493442535,0.461978942155838,0.9649999737739564,0.634723424911499,0.4000000059604645,0.1326582282781601,0.4344810247421264,0.7996179461479187,0.4000000059604645,0,0.3553782105445862,0.0350000001490116,0.1528424620628357,0.1112417876720428,178665,shared_batch,0.01,1
paviau_204170_shared_batch_0.01000,0.9982309937477112,0.7466875910758972,0.6032214164733887,0.634829580783844,0.9649999737739564,0.959999978542328,0.2000000029802322,0.0945592746138572,0.2820583879947662,0.4927466809749603,0.800000011920929,1,0.3651704490184784,0.0350000001490116,0.0399999991059303,0.0565909184515476,204170,shared_batch,0.01,1
paviau_187557_shared_batch_0.01000,0.9998506307601928,0.9439924359321594,0.6295039653778076,0.6606085896492004,0.9649999737739564,0.959999978542328,0.0,0.0197195671498775,0.0982723236083984,0.1120063066482544,0.0,1,0.3393914103507995,0.0350000001490116,0.0399999991059303,0.0141476178541779,187557,shared_batch,0.01,1
paviau_206924_shared_batch_0.01000,0.9996961355209352,0.7279313802719116,0.548693835735321,0.579317569732666,0.9649999737739564,0.959999978542328,0.2000000029802322,0.1047535166144371,0.3034609258174896,0.5203176140785217,0.2000000029802322,1,0.420682430267334,0.0350000001490116,0.0399999991059303,0.0766836777329444,206924,shared_batch,0.01,1
paviau_91205_shared_batch_0.01000,0.9859075546264648,0.071261465549469,0.6044172644615173,0.6360155940055847,0.9649999737739564,0.7392276525497437,1.0,0.5494971871376038,0.1230363696813583,0.1441324949264526,0.0,2,0.3639844357967376,0.0350000001490116,0.1143832802772522,0.0203052349388599,91205,shared_batch,0.01,0
paviau_34404_shared_batch_0.01000,0.9998443126678468,0.980077028274536,0.63800048828125,0.668816328048706,0.9649999737739564,0.959999978542328,0.0,0.0069709559902548,0.044484905898571,0.0398456342518329,0.0,1,0.3311836421489715,0.0350000001490116,0.0399999991059303,0.0224123653024435,34404,shared_batch,0.01,1
paviau_206048_shared_batch_0.01000,0.9998726844787598,0.963854193687439,0.5634676814079285,0.5946445465087891,0.9649999737739564,0.959999978542328,0.0,0.0125709436833858,0.0781954452395439,0.0683271810412406,0.0,1,0.4053554534912109,0.0350000001490116,0.0399999991059303,0.0833398550748825,206048,shared_batch,0.01,1
paviau_121585_shared_batch_0.01000,0.9996142387390136,0.6876420974731445,0.6381427645683289,0.6689532399177551,0.9649999737739564,0.959999978542328,0.4000000059604645,0.1220837906002998,0.2868571877479553,0.6232659220695496,0.4000000059604645,1,0.3310467600822449,0.0350000001490116,0.0399999991059303,0.0200185626745224,121585,shared_batch,0.01,0
paviau_205442_shared_batch_0.01000,0.9992161989212036,0.5114516019821167,0.558743953704834,0.58976811170578,0.9649999737739564,0.959999978542328,0.4000000059604645,0.2071542739868164,0.3561930358409881,0.9551553726196288,0.4000000059604645,1,0.4102318882942199,0.0350000001490116,0.0399999991059303,0.0557568706572055,205442,shared_batch,0.01,1
paviau_186048_shared_batch_0.01000,0.9979433417320251,0.7583392858505249,0.5596298575401306,0.5906843543052673,0.9649999737739564,0.959999978542328,0.0,0.0883886069059372,0.2777472734451294,0.4715739488601684,0.0,7,0.409315675497055,0.0350000001490116,0.0399999991059303,0.0241795480251312,186048,shared_batch,0.01,1
paviau_126278_shared_batch_0.01000,0.9260034561157228,0.0399615094065666,0.1295074224472046,0.4174607694149017,0.2663888037204742,0.7323389649391174,1.0,0.4953257441520691,0.5536487102508545,0.9332836866378784,0.6000000238418579,2,0.4174966216087341,0.3254434466361999,0.116845928132534,0.2009869515895843,126278,shared_batch,0.01,0
paviau_110691_shared_batch_0.01000,0.7593607306480408,0.666822075843811,0.6282134652137756,0.6593566536903381,0.9649999737739564,0.946630358695984,0.4000000059604645,0.0062541090883314,0.2944095730781555,0.6647033095359802,0.6000000238418579,5,0.3406433761119842,0.0350000001490116,0.044279895722866,0.0026472469326108,110691,shared_batch,0.01,1
paviau_27580_shared_batch_0.01000,0.9998216032981871,0.938830554485321,0.3668712079524994,0.4621129333972931,0.9649999737739564,0.959999978542328,0.0,0.0215948745608329,0.1048784777522087,0.1223095208406448,0.0,1,0.4341804683208465,0.0350000001490116,0.0399999991059303,0.3147589862346649,27580,shared_batch,0.01,1
paviau_183131_shared_batch_0.01000,0.9987682700157166,0.784170389175415,0.6361436247825623,0.6670276522636414,0.9649999737739564,0.959999978542328,0.2000000029802322,0.0781696215271949,0.2419047951698303,0.4301441013813019,0.2000000029802322,1,0.3329723477363586,0.0350000001490116,0.0399999991059303,0.0059298756532371,183131,shared_batch,0.01,1
paviau_57483_shared_batch_0.01000,0.941148042678833,0.8829379677772522,0.1376146674156189,0.5992274880409241,0.2759968936443329,0.918921709060669,0.0,0.0453050434589386,0.1803816705942154,0.2258636802434921,0.0,7,0.4007725119590759,0.3201388716697693,0.0532343126833438,0.1276814639568328,57483,shared_batch,0.01,1
paviau_205757_shared_batch_0.01000,0.9995984435081482,0.6897637248039246,0.5812773704528809,0.6128324866294861,0.9649999737739564,0.959999978542328,0.2000000029802322,0.120798148214817,0.3658693432807922,0.5339139103889465,0.2000000029802322,1,0.3871675133705139,0.0350000001490116,0.0399999991059303,0.0320358425378799,205757,shared_batch,0.01,1
paviau_33401_shared_batch_0.01000,0.9998698234558104,0.9393274188041688,0.637475311756134,0.6683107018470764,0.9649999737739564,0.959999978542328,0.0,0.0214943494647741,0.1041445732116699,0.12134400755167,0.0,1,0.3316892683506012,0.0350000001490116,0.0399999991059303,0.0117878532037138,33401,shared_batch,0.01,1
paviau_28303_shared_batch_0.01000,0.9993830919265748,0.8873080015182495,0.3374649882316589,0.434039443731308,0.9649999737739564,0.959999978542328,0.0,0.0398740954697132,0.1819570809602737,0.2090846598148346,0.0,1,0.4610013663768768,0.0350000001490116,0.0399999991059303,0.3505178987979889,28303,shared_batch,0.01,1
paviau_120204_shared_batch_0.01000,0.4751665890216827,0.0784948542714119,0.0088892905041575,0.1187797412276268,0.071075938642025,0.065744049847126,1.0,0.1708736419677734,0.2879423797130584,0.2493775933980941,0.0,1,0.3699989914894104,0.4526677429676056,0.4374129176139831,0.1064101010560989,120204,shared_batch,0.01,0
paviau_99724_shared_batch_0.01000,0.4667616784572601,0.0199768040329217,0.0543150715529918,0.5992768406867981,0.1630101501941681,0.2280143499374389,1.0,0.2705137729644775,0.5464251041412354,0.940636932849884,0.4000000059604645,0,0.3376512825489044,0.3872958421707153,0.3355717957019806,0.0599980577826499,99724,shared_batch,0.01,0
paviau_195338_shared_batch_0.01000,0.9998199343681335,0.7239420413970947,0.6287064552307129,0.6598351001739502,0.9649999737739564,0.959999978542328,0.2000000029802322,0.1065096408128738,0.2984922230243683,0.5342269539833069,0.2000000029802322,1,0.3401648998260498,0.0350000001490116,0.0399999991059303,0.0597368143498897,195338,shared_batch,0.01,1
paviau_97758_shared_batch_0.01000,0.9853466749191284,0.3694564402103424,0.5607938170433044,0.5918869972229004,0.9649999737739564,0.8473150134086609,0.6000000238418579,0.2669572830200195,0.4431483745574951,0.8191474676132202,0.4000000059604645,5,0.408113032579422,0.0350000001490116,0.0769305825233459,0.0175737924873828,97758,shared_batch,0.01,1
paviau_175995_shared_batch_0.01000,0.9992727637290956,0.8984000086784363,0.6364227533340454,0.6672967076301575,0.9649999737739564,0.959999978542328,0.0,0.0358400382101535,0.1631140559911728,0.1945359855890274,0.0,1,0.3327032923698425,0.0350000001490116,0.0399999991059303,0.0481154583394527,175995,shared_batch,0.01,1
paviau_205247_shared_batch_0.01000,0.9926691055297852,0.2620979249477386,0.604179322719574,0.6357796788215637,0.9649999737739564,0.959999978542328,0.800000011920929,0.3522475361824035,0.268717497587204,0.5264305472373962,0.2000000029802322,1,0.3642202913761139,0.0350000001490116,0.0399999991059303,0.0289037693291902,205247,shared_batch,0.01,1
paviau_112772_shared_batch_0.01000,0.9975918531417848,0.7887187004089355,0.6387841701507568,0.6695703864097595,0.9649999737739564,0.959999978542328,0.2000000029802322,0.0761899054050445,0.2346832007169723,0.4225624501705169,0.2000000029802322,1,0.3304296135902405,0.0350000001490116,0.0399999991059303,0.0027309628203511,112772,shared_batch,0.01,0
paviau_203935_shared_batch_0.01000,0.9992959499359132,0.7574902772903442,0.594386100769043,0.6260262131690979,0.9649999737739564,0.959999978542328,0.4000000059604645,0.0905304327607154,0.2595706880092621,0.4823302924633026,0.4000000059604645,1,0.3739737868309021,0.0350000001490116,0.0399999991059303,0.0571114085614681,203935,shared_batch,0.01,1
paviau_117432_shared_batch_0.01000,0.5109423995018005,0.2613499164581299,0.1917381733655929,0.6597447991371155,0.7231172323226929,0.3409895300865173,0.800000011920929,0.1422396302223205,0.5104455947875977,0.9486514329910278,0.6000000238418579,0,0.3402552008628845,0.1203952133655548,0.2775919437408447,0.0822911262512207,117432,shared_batch,0.01,0
paviau_91528_shared_batch_0.01000,0.9379609823226928,0.0757836028933525,0.3286610245704651,0.446022629737854,0.9649999737739564,0.9022603631019592,1.0,0.4585604965686798,0.1558462083339691,0.1642898172140121,0.0,2,0.377642810344696,0.0350000001490116,0.0586748793721199,0.3055549263954162,91528,shared_batch,0.01,0
paviau_129158_shared_batch_0.01000,0.9944215416908264,0.6563836932182312,0.5813892483711243,0.6319442391395569,0.9649999737739564,0.959999978542328,0.2000000029802322,0.1273036301136016,0.4039881527423858,0.6156659126281738,0.800000011920929,0,0.3377277553081512,0.0350000001490116,0.0399999991059303,0.0446481704711914,129158,shared_batch,0.01,1
paviau_105462_shared_batch_0.01000,0.8619017601013184,0.6521003842353821,0.3227515816688537,0.4408487975597381,0.7892951965332031,0.5354130268096924,0.4000000059604645,0.0340589694678783,0.3058254718780517,0.6908811330795288,0.6000000238418579,3,0.3808575272560119,0.0959352254867553,0.1918627023696899,0.0327989049255847,105462,shared_batch,0.01,1
paviau_177341_shared_batch_0.01000,0.9997099041938782,0.9962764978408812,0.6100881099700928,0.6416228413581848,0.9649999737739564,0.959999978542328,0.0,0.0013483981601893,0.0111726969480514,0.0074464865028858,0.0,1,0.3583771586418152,0.0350000001490116,0.0399999991059303,0.0419936403632164,177341,shared_batch,0.01,1
paviau_142528_shared_batch_0.01000,0.9924329519271852,0.4678756296634674,0.6354448199272156,0.6663538813591003,0.9649999737739564,0.959999978542328,0.6000000238418579,0.2248021215200424,0.3913799822330475,0.9751055240631104,0.4000000059604645,2,0.3336461186408996,0.0350000001490116,0.0399999991059303,0.1037022098898887,142528,shared_batch,0.01,1
paviau_207285_shared_batch_0.01000,0.9980908036231996,0.567554235458374,0.5629356503486633,0.5940964221954346,0.9649999737739564,0.959999978542328,0.6000000238418579,0.1751569509506225,0.3153489530086517,0.8635890483856201,0.4000000059604645,1,0.4059035778045654,0.0350000001490116,0.0399999991059303,0.0616587363183498,207285,shared_batch,0.01,1
paviau_122920_shared_batch_0.01000,0.8239830732345581,0.636269211769104,0.6282733678817749,0.6594148278236389,0.9649999737739564,0.959999978542328,0.4000000059604645,0.0260272864252328,0.3182836771011352,0.7204658389091492,0.6000000238418579,5,0.3405851423740387,0.0350000001490116,0.0399999991059303,0.0046138055622577,122920,shared_batch,0.01,1
paviau_206916_shared_batch_0.01000,0.999526858329773,0.6161045432090759,0.3999168872833252,0.4867417812347412,0.9649999737739564,0.959999978542328,0.4000000059604645,0.155630737543106,0.3150317072868347,0.7628896236419678,0.4000000059604645,1,0.4262389540672302,0.0350000001490116,0.0399999991059303,0.2478381395339965,206916,shared_batch,0.01,1
paviau_26912_shared_batch_0.01000,0.9931831955909728,0.956551194190979,0.6454129815101624,0.6759283542633057,0.9649999737739564,0.959999978542328,0.0,0.0120998034253716,0.082969844341278,0.0862062871456146,0.0,3,0.3240716159343719,0.0350000001490116,0.0399999991059303,0.0,26912,shared_batch,0.01,1
paviau_184182_shared_batch_0.01000,0.999519944190979,0.5690168142318726,0.6331822276115417,0.6641691327095032,0.9649999737739564,0.959999978542328,0.4000000059604645,0.1779529601335525,0.3113127648830414,0.8619241118431091,0.4000000059604645,1,0.3358308374881744,0.0350000001490116,0.0399999991059303,0.0418423004448413,184182,shared_batch,0.01,1
paviau_160662_shared_batch_0.02000,0.9298122525215148,0.117399014532566,0.3462085425853729,0.5623421669006348,0.4824702441692352,0.8883426785469055,1.0,0.464203804731369,0.4711255431175232,0.6744001507759094,0.6000000238418579,2,0.4376578330993652,0.218619704246521,0.0632528364658355,0.4676405489444732,160662,shared_batch,0.02,0
paviau_161173_shared_batch_0.02000,0.9917398691177368,0.2853477895259857,0.4696140587329864,0.5204479694366455,0.9649999737739564,0.959999978542328,0.800000011920929,0.3393847644329071,0.5909988880157471,0.8583519458770752,0.800000011920929,2,0.4512131810188293,0.0350000001490116,0.0399999991059303,0.2214290201663971,161173,shared_batch,0.02,1
paviau_121532_shared_batch_0.02000,0.9587785005569458,0.0222806371748447,0.2034628093242645,0.398086816072464,0.3480621874332428,0.959999978542328,1.0,0.5763837099075317,0.5273433923721313,0.8265304565429688,0.6000000238418579,2,0.444530040025711,0.2822357416152954,0.0399999991059303,0.2783723771572113,121532,shared_batch,0.02,0
paviau_85399_shared_batch_0.02000,0.9703335165977478,0.2083125859498977,0.5205401182174683,0.5494736433029175,0.6296927332878113,0.959999978542328,0.800000011920929,0.3862010836601257,0.2813741266727447,0.4379684925079345,0.800000011920929,2,0.4505263864994049,0.1566183418035507,0.0399999991059303,0.2036203444004058,85399,shared_batch,0.02,0
paviau_56906_shared_batch_0.02000,0.9976818561553956,1.0,0.5229640007019043,0.5520771741867065,0.9649999737739564,0.959999978542328,0.0,0.0008037024526856,6.706890758323425e-07,9.99999993922529e-09,0.0,4,0.447922796010971,0.0350000001490116,0.0399999991059303,0.2751225233078003,56906,shared_batch,0.02,1
paviau_137760_shared_batch_0.02000,0.98923522233963,1.5861915017012507e-05,0.1749774515628814,0.3044638931751251,0.486185610294342,0.959999978542328,1.0,0.6673125624656677,0.3503169417381286,0.7486172318458557,0.2000000029802322,5,0.4257256090641022,0.2169675379991531,0.0399999991059303,0.6814664602279663,137760,shared_batch,0.02,0
paviau_206566_shared_batch_0.02000,0.9981790781021118,0.4390220642089844,0.5268927216529846,0.5562831163406372,0.9649999737739564,0.959999978542328,0.6000000238418579,0.2473654150962829,0.5405343770980835,0.8366959095001221,0.6000000238418579,1,0.4437168538570404,0.0350000001490116,0.0399999991059303,0.1389184743165969,206566,shared_batch,0.02,1
paviau_119521_shared_batch_0.02000,0.6948670744895935,0.5522441864013672,0.388860285282135,0.5446845293045044,0.5190955400466919,0.5655245780944824,0.4000000059604645,0.0806409865617752,0.4781685471534729,0.6920605301856995,0.4000000059604645,5,0.4553154706954956,0.2025476545095443,0.1797468960285186,0.1309145987033844,119521,shared_batch,0.02,1
paviau_40487_shared_batch_0.02000,0.9996023774147034,0.4969948530197143,0.5213852524757385,0.5503822565078735,0.9649999737739564,0.959999978542328,0.4000000059604645,0.2166064381599426,0.4409675896167755,0.902991771697998,0.4000000059604645,1,0.4496177732944488,0.0350000001490116,0.0399999991059303,0.1405254602432251,40487,shared_batch,0.02,1
paviau_196784_shared_batch_0.02000,0.9988934397697448,0.348078578710556,0.5287776589393616,0.5582948923110962,0.9649999737739564,0.959999978542328,0.6000000238418579,0.3051338791847229,0.4935644268989563,0.9466772079467772,0.6000000238418579,1,0.4417051076889038,0.0350000001490116,0.0399999991059303,0.1572831571102142,196784,shared_batch,0.02,1
paviau_14073_shared_batch_0.02000,0.9904458522796632,0.5507524609565735,0.5460801124572754,0.5765826106071472,0.9649999737739564,0.7279849052429199,0.4000000059604645,0.1710313707590103,0.5012052059173584,0.7338466644287109,0.4000000059604645,3,0.4234173595905304,0.0350000001490116,0.1184074580669403,0.0705155283212661,14073,shared_batch,0.02,1
paviau_106605_shared_batch_0.02000,0.9223430752754213,0.0279113799333572,0.1334290355443954,0.4508495330810547,0.8096431493759155,0.2762617766857147,1.0,0.5119737982749939,0.3955040276050567,0.8683167099952698,0.4000000059604645,1,0.4538379907608032,0.0885942056775093,0.3098646104335785,0.1912336349487304,106605,shared_batch,0.02,0
paviau_186177_shared_batch_0.02000,0.9997909665107728,0.9379934072494508,0.5240835547447205,0.5532773733139038,0.9649999737739564,0.959999978542328,0.0,0.0218667406588792,0.1304129213094711,0.0950545668601989,0.0,1,0.4467226266860962,0.0350000001490116,0.0399999991059303,0.1212238073348999,186177,shared_batch,0.02,1
paviau_183801_shared_batch_0.02000,0.998670220375061,0.2843950986862182,0.182369202375412,0.3117292523384094,0.9649999737739564,0.959999978542328,0.800000011920929,0.3494752943515777,0.4851897656917572,0.7698990702629089,0.4000000059604645,5,0.4398375749588012,0.0350000001490116,0.0399999991059303,0.7823962569236755,183801,shared_batch,0.02,0
paviau_203155_shared_batch_0.02000,0.999114453792572,0.5634379982948303,0.5255078673362732,0.5548025369644165,0.9649999737739564,0.959999978542328,0.4000000059604645,0.1808735430240631,0.5108098387718201,0.6340100765228271,0.4000000059604645,1,0.4451974630355835,0.0350000001490116,0.0399999991059303,0.1370354443788528,203155,shared_batch,0.02,1
paviau_192326_shared_batch_0.02000,0.999767243862152,0.5329660177230835,0.5192758440971375,0.5481130480766296,0.9649999737739564,0.959999978542328,0.4000000059604645,0.1974881738424301,0.4065823256969452,0.867011547088623,0.4000000059604645,1,0.4518869519233703,0.0350000001490116,0.0399999991059303,0.1279996335506439,192326,shared_batch,0.02,1
paviau_23597_shared_batch_0.02000,0.5702035427093506,0.0014468382578343,0.1741990447044372,0.3035751283168793,0.5268651843070984,0.6531623601913452,1.0,0.2999837696552276,0.2802554070949554,0.4726743996143341,0.2000000029802322,2,0.4185725450515747,0.1991976350545883,0.145877256989479,0.4672776460647583,23597,shared_batch,0.02,0
paviau_35722_shared_batch_0.02000,0.999723255634308,0.910595178604126,0.5230473875999451,0.5521665811538696,0.9649999737739564,0.959999978542328,0.0,0.0319762788712978,0.1400589048862457,0.177559420466423,0.0,1,0.447833389043808,0.0350000001490116,0.0399999991059303,0.1647479832172393,35722,shared_batch,0.02,1
paviau_182725_shared_batch_0.02000,0.9979673027992249,0.984955668449402,0.5283597707748413,0.5578492879867554,0.9649999737739564,0.959999978542328,0.0,0.0039086989127099,0.040587056428194,0.0259294845163822,0.0,3,0.442150741815567,0.0350000001490116,0.0399999991059303,0.1308087110519409,182725,shared_batch,0.02,1
paviau_204572_shared_batch_0.02000,0.5527405142784119,0.2049115598201751,0.0207355786114931,0.5305412411689758,0.3665147125720978,0.1008598580956459,0.800000011920929,0.0681942626833915,0.2445235103368759,0.4143382310867309,0.2000000029802322,1,0.4694587588310241,0.2730071544647217,0.4127170741558075,0.1753623485565185,204572,shared_batch,0.02,1
paviau_90847_shared_batch_0.02000,0.670134425163269,0.5648297667503357,0.230678454041481,0.5717605948448181,0.3755193650722503,0.673875629901886,0.4000000059604645,0.2493291944265365,0.3595786094665527,0.8443538546562195,0.6000000238418579,7,0.4282394051551819,0.2685669362545013,0.1381482630968094,0.3816178441047668,90847,shared_batch,0.02,1
paviau_183122_shared_batch_0.02000,0.9998883008956908,0.5659646391868591,0.5196559429168701,0.5485222339630127,0.9649999737739564,0.959999978542328,0.4000000059604645,0.1806664317846298,0.3687068819999695,0.833503007888794,0.4000000059604645,1,0.4514777362346649,0.0350000001490116,0.0399999991059303,0.2586879730224609,183122,shared_batch,0.02,1
paviau_173939_shared_batch_0.02000,0.998885691165924,0.7505547404289246,0.5147285461425781,0.5432043671607971,0.9649999737739564,0.959999978542328,0.4000000059604645,0.0933985635638237,0.2656740546226501,0.4951436817646026,0.4000000059604645,1,0.4567956328392029,0.0350000001490116,0.0399999991059303,0.1232386901974678,173939,shared_batch,0.02,1
paviau_206495_shared_batch_0.02000,0.9997861981391908,0.8859847784042358,0.5202421545982361,0.5491531491279602,0.9649999737739564,0.959999978542328,0.0,0.0410216450691223,0.1851967722177505,0.2129134982824325,0.0,1,0.4508468508720398,0.0350000001490116,0.0399999991059303,0.1172980368137359,206495,shared_batch,0.02,1
paviau_28261_shared_batch_0.02000,0.9998457431793212,0.7035195231437683,0.5194994807243347,0.5483538508415222,0.9649999737739564,0.959999978542328,0.2000000029802322,0.1156645938754081,0.361762523651123,0.4966070652008056,0.2000000029802322,1,0.4516461193561554,0.0350000001490116,0.0399999991059303,0.2348301261663437,28261,shared_batch,0.02,1
paviau_195341_shared_batch_0.02000,0.9996522665023804,0.956106662750244,0.5290001630783081,0.5585321187973022,0.9649999737739564,0.959999978542328,0.0,0.0152345672249794,0.0968583077192306,0.0711461380124092,0.0,1,0.4414678514003753,0.0350000001490116,0.0399999991059303,0.1283599883317947,195341,shared_batch,0.02,1
paviau_103712_shared_batch_0.02000,0.941329300403595,0.3816408812999725,0.4517646729946136,0.5535998344421387,0.5710651278495789,0.959999978542328,0.4000000059604645,0.2668660879135132,0.3652237355709076,0.7889829277992249,0.4000000059604645,2,0.4464001655578613,0.1805099695920944,0.0399999991059303,0.144526407122612,103712,shared_batch,0.02,1
paviau_202448_shared_batch_0.02000,0.9993778467178344,0.4647387564182281,0.522030234336853,0.5510749220848083,0.9649999737739564,0.959999978542328,0.4000000059604645,0.233832761645317,0.4838727116584778,0.9349254369735718,0.4000000059604645,1,0.4489250779151916,0.0350000001490116,0.0399999991059303,0.1164615526795387,202448,shared_batch,0.02,1
paviau_22909_shared_batch_0.02000,0.8131710886955261,0.0031179843936115,0.0423387326300144,0.1219972223043441,0.6624439358711243,0.959999978542328,1.0,0.4967992007732391,0.6528345942497253,0.8175117373466492,0.800000011920929,2,0.450422078371048,0.1436764448881149,0.0399999991059303,0.8565869927406311,22909,shared_batch,0.02,0
paviau_50339_shared_batch_0.02000,0.970547378063202,0.2390374392271042,0.4856141805648803,0.5558565855026245,0.5981737375259399,0.959999978542328,0.800000011920929,0.3418892621994018,0.5716781616210938,0.7884561419487,0.800000011920929,2,0.4441434144973755,0.1693421602249145,0.0399999991059303,0.2148361057043075,50339,shared_batch,0.02,0
paviau_91201_shared_batch_0.02000,0.8519635796546936,0.1839581429958343,0.1708383858203888,0.3944210708141327,0.3135209083557129,0.4680521488189697,0.800000011920929,0.336168110370636,0.5259049534797668,0.584576427936554,0.800000011920929,2,0.4491354823112488,0.3000108897686004,0.2199776470661163,0.2377050966024398,91201,shared_batch,0.02,0
paviau_60939_shared_batch_0.02000,0.9994645714759828,0.3357657790184021,0.5400823950767517,0.5702796578407288,0.735369861125946,0.959999978542328,0.800000011920929,0.3150807917118072,0.511577308177948,0.9379300475120544,0.800000011920929,5,0.4297203123569488,0.115796186029911,0.0399999991059303,0.1362184286117553,60939,shared_batch,0.02,0
paviau_138797_shared_batch_0.02000,0.6122326850891113,0.3860427141189575,0.0857889652252197,0.5481690764427185,0.2103113383054733,0.6921743750572205,0.6000000238418579,0.3048397600650787,0.3307461440563202,0.7822452783584595,0.6000000238418579,7,0.4518309533596039,0.3578054904937744,0.1314012259244918,0.2282703071832656,138797,shared_batch,0.02,0
paviau_166302_shared_batch_0.02000,0.9983761310577391,0.2843450605869293,0.532122015953064,0.5618548393249512,0.9649999737739564,0.959999978542328,0.800000011920929,0.3490754961967468,0.5423299074172974,0.7894713878631592,0.4000000059604645,5,0.4381451308727264,0.0350000001490116,0.0399999991059303,0.1546990275382995,166302,shared_batch,0.02,0
paviau_85381_shared_batch_0.02000,0.5321139097213745,0.6069257855415344,0.1782380640506744,0.4062327742576599,0.3215325772762298,0.3928645253181457,0.4000000059604645,0.1525259166955948,0.5320594310760498,0.533744752407074,0.4000000059604645,0,0.4331631064414978,0.2958270609378814,0.25325408577919,0.1843548864126205,85381,shared_batch,0.02,1
paviau_22132_shared_batch_0.02000,0.9996094107627868,0.375042974948883,0.5218069553375244,0.550835132598877,0.9649999737739564,0.959999978542328,0.6000000238418579,0.2888978719711303,0.513380229473114,0.9780365824699402,0.6000000238418579,5,0.449164867401123,0.0350000001490116,0.0399999991059303,0.0851215571165084,22132,shared_batch,0.02,0
paviau_115277_shared_batch_0.02000,0.9934805631637572,0.0510196425020694,0.5237429141998291,0.5529124140739441,0.9649999737739564,0.959999978542328,1.0,0.5748351216316223,0.5769881010055542,0.8926745653152466,0.800000011920929,0,0.4470875561237335,0.0350000001490116,0.0399999991059303,0.2461620569229126,115277,shared_batch,0.02,0
paviau_203877_shared_batch_0.02000,0.9913724660873412,0.6711464524269104,0.5416740775108337,0.5719560980796814,0.9649999737739564,0.959999978542328,0.2000000029802322,0.11858531832695,0.3971797525882721,0.5766916275024414,0.2000000029802322,1,0.4280439019203186,0.0350000001490116,0.0399999991059303,0.1435942202806472,203877,shared_batch,0.02,1
paviau_116804_shared_batch_0.02000,0.9998261332511902,0.5916947722434998,0.5404291152954102,0.5706450343132019,0.9354604482650756,0.959999978542328,0.4000000059604645,0.1673909276723861,0.3858922123908996,0.7734596133232117,0.4000000059604645,5,0.4293549358844757,0.0448800027370452,0.0399999991059303,0.0572583638131618,116804,shared_batch,0.02,1
paviau_207211_shared_batch_0.02000,0.9992367029190063,0.3558375835418701,0.5186812281608582,0.5474724769592285,0.8270954489707947,0.959999978542328,0.6000000238418579,0.3005642294883728,0.5018439888954163,0.9613553881645204,0.6000000238418579,5,0.4525275528430938,0.0823614448308944,0.0399999991059303,0.0564701333642005,207211,shared_batch,0.02,0
paviau_173611_shared_batch_0.02000,0.9908820390701294,0.4292647540569305,0.3307606875896454,0.4294215738773346,0.9649999737739564,0.959999978542328,0.6000000238418579,0.2380217909812927,0.56684809923172,0.8592265844345093,0.800000011920929,1,0.4610779285430908,0.0350000001490116,0.0399999991059303,0.4129123091697693,173611,shared_batch,0.02,1
paviau_178398_shared_batch_0.02000,0.9997735619544984,0.92576664686203,0.5205526351928711,0.5494870543479919,0.9649999737739564,0.959999978542328,0.0,0.0262741670012474,0.1276949495077133,0.1450444012880325,0.0,1,0.4505129754543304,0.0350000001490116,0.0399999991059303,0.1557929813861847,178398,shared_batch,0.02,1
paviau_140052_shared_batch_0.02000,0.8260448575019836,0.5527365803718567,0.5538873076438904,0.584730863571167,0.7513459920883179,0.959999978542328,0.2000000029802322,0.142746701836586,0.4769420623779297,0.7653243541717529,0.2000000029802322,0,0.4152691662311554,0.1098486185073852,0.0399999991059303,0.0786352306604385,140052,shared_batch,0.02,1
paviau_119554_shared_batch_0.02000,0.9994645714759828,0.3528144359588623,0.5225685238838196,0.5516527891159058,0.9649999737739564,0.959999978542328,0.6000000238418579,0.3035776317119598,0.4913469552993774,0.9528141021728516,0.6000000238418579,1,0.4483472108840942,0.0350000001490116,0.0399999991059303,0.2124542891979217,119554,shared_batch,0.02,0
paviau_193306_shared_batch_0.02000,0.9998891353607178,0.5617387294769287,0.520957350730896,0.5499223470687866,0.9649999737739564,0.959999978542328,0.4000000059604645,0.1829018890857696,0.3711080849170685,0.8382337689399719,0.4000000059604645,1,0.4500776529312134,0.0350000001490116,0.0399999991059303,0.1712476015090942,193306,shared_batch,0.02,1
paviau_137763_shared_batch_0.02000,0.9717029929161072,0.1213913634419441,0.1104281768202781,0.2314438074827194,0.433548629283905,0.959999978542328,1.0,0.4527373611927032,0.5533460974693298,0.8903137445449829,0.6000000238418579,6,0.4476528763771057,0.2408670634031295,0.0399999991059303,0.7116498947143555,137763,shared_batch,0.02,0
paviau_121923_shared_batch_0.02000,0.9992995262145996,0.7227053642272949,0.5285586714744568,0.5580613613128662,0.9649999737739564,0.959999978542328,0.2000000029802322,0.1060646250844001,0.3405081033706665,0.512137234210968,0.2000000029802322,1,0.4419386088848114,0.0350000001490116,0.0399999991059303,0.2376424670219421,121923,shared_batch,0.02,0
paviau_168859_shared_batch_0.02000,0.9995811581611632,0.5731006860733032,0.3931619524955749,0.4675112664699554,0.9649999737739564,0.959999978542328,0.4000000059604645,0.1766083836555481,0.3630677163600921,0.8263295292854309,0.4000000059604645,1,0.4686909914016723,0.0350000001490116,0.0399999991059303,0.3362258970737457,168859,shared_batch,0.02,1
paviau_66740_shared_batch_0.02000,0.999010443687439,0.6875486969947815,0.5194497108459473,0.5483002662658691,0.6735206246376038,0.959999978542328,0.2000000029802322,0.1213381364941597,0.4046359956264496,0.5160781145095825,0.2000000029802322,1,0.4516997039318084,0.1393607258796692,0.0399999991059303,0.265950471162796,66740,shared_batch,0.02,1
paviau_126975_shared_batch_0.02000,0.950736939907074,0.7734642028808594,0.2144160866737365,0.3436449468135834,0.9649999737739564,0.4421111047267914,0.2000000029802322,0.0980197861790657,0.2438932359218597,0.4529848396778106,0.2000000029802322,8,0.4176652133464813,0.0350000001490116,0.2312150299549102,0.1717599928379058,126975,shared_batch,0.02,1
paviau_196023_shared_batch_0.02000,0.9997135996818542,0.7601833939552307,0.5254728198051453,0.5547649264335632,0.9649999737739564,0.959999978542328,0.2000000029802322,0.0911326557397842,0.3065057396888733,0.4397713243961334,0.2000000029802322,1,0.4452350735664367,0.0350000001490116,0.0399999991059303,0.1248922497034072,196023,shared_batch,0.02,1
paviau_66708_shared_batch_0.02000,0.9887354969978333,0.175208643078804,0.5256651043891907,0.5549706816673279,0.9649999737739564,0.959999978542328,0.800000011920929,0.4277888536453247,0.2389088571071624,0.3598984777927398,0.800000011920929,2,0.4450292885303497,0.0350000001490116,0.0399999991059303,0.1514311283826828,66708,shared_batch,0.02,0
paviau_2818_shared_batch_0.02000,0.9115369319915771,0.0482040829956531,0.0803689733147621,0.1905835717916488,0.822494387626648,0.959999978542328,1.0,0.5080409049987793,0.4918682277202606,0.7885976433753967,0.4000000059604645,6,0.4544773399829864,0.0839990302920341,0.0399999991059303,0.8398027420043945,2818,shared_batch,0.02,0
paviau_204034_shared_batch_0.02000,0.999750792980194,0.4642713069915771,0.5212154984474182,0.5501997470855713,0.9649999737739564,0.959999978542328,0.4000000059604645,0.2352669835090637,0.4523885548114776,0.9357044100761414,0.4000000059604645,1,0.4498002529144287,0.0350000001490116,0.0399999991059303,0.1243301481008529,204034,shared_batch,0.02,1
paviau_173277_shared_batch_0.02000,0.9973184466362,0.3719178140163421,0.2626122534275055,0.372200459241867,0.9649999737739564,0.959999978542328,0.6000000238418579,0.2862325310707092,0.6141943335533142,0.8474860787391663,0.800000011920929,1,0.4924114644527435,0.0350000001490116,0.0399999991059303,0.5105962157249451,173277,shared_batch,0.02,1
paviau_205092_shared_batch_0.02000,0.9995182752609252,0.4957364499568939,0.529279351234436,0.5588297843933105,0.9649999737739564,0.959999978542328,0.4000000059604645,0.2169940024614334,0.4332287311553955,0.9040419459342957,0.4000000059604645,1,0.4411702454090118,0.0350000001490116,0.0399999991059303,0.1349461674690246,205092,shared_batch,0.02,1
paviau_46411_shared_batch_0.02000,0.9048981070518494,0.0057474770583212,0.1763495951890945,0.3054565489292145,0.5886921286582947,0.959999978542328,1.0,0.5668896436691284,0.3412943482398987,0.8219212293624878,0.4000000059604645,2,0.4475217759609222,0.1732239872217178,0.0399999991059303,0.567861020565033,46411,shared_batch,0.02,0
paviau_64396_shared_batch_0.02000,0.9960907101631165,0.9886806011199952,0.5120425820350647,0.5402937531471252,0.9649999737739564,0.959999978542328,0.0,0.0043722884729504,0.0338337607681751,0.0168398935347795,0.0,4,0.4597062170505523,0.0350000001490116,0.0399999991059303,0.2442242056131363,64396,shared_batch,0.02,1
paviau_47446_shared_batch_0.02000,0.4177685081958771,0.2278296798467636,0.0207095276564359,0.433721512556076,0.0973874479532241,0.1851215660572052,0.800000011920929,0.1931087374687194,0.5698932409286499,0.9598260521888732,0.6000000238418579,3,0.4730241894721985,0.4326119720935821,0.3598640561103821,0.1853929013013839,47446,shared_batch,0.02,1
paviau_185546_shared_batch_0.02000,0.9998631477355956,0.7332961559295654,0.5263570547103882,0.5557106137275696,0.9649999737739564,0.959999978542328,0.2000000029802322,0.10260721296072,0.3349246680736542,0.4663161635398865,0.2000000029802322,1,0.4442893862724304,0.0350000001490116,0.0399999991059303,0.1741898208856582,185546,shared_batch,0.02,1
paviau_43675_shared_batch_0.02000,0.9949243068695068,0.5472176671028137,0.527999997138977,0.5574654340744019,0.9649999737739564,0.959999978542328,0.4000000059604645,0.1827471405267715,0.3882192373275757,0.8526192307472229,0.4000000059604645,3,0.4425345361232757,0.0350000001490116,0.0399999991059303,0.0949787944555282,43675,shared_batch,0.02,1
paviau_35082_shared_batch_0.02000,0.9999099969863892,0.5533278584480286,0.5283328294754028,0.5578204989433289,0.9649999737739564,0.959999978542328,0.4000000059604645,0.1871735602617263,0.3857299983501434,0.8462343811988831,0.4000000059604645,1,0.4421795010566711,0.0350000001490116,0.0399999991059303,0.1261941641569137,35082,shared_batch,0.02,1
paviau_171098_shared_batch_0.02000,0.9753581881523132,0.1667142957448959,0.5584810972213745,0.5894960165023804,0.9649999737739564,0.8038840889930725,0.800000011920929,0.4147461056709289,0.5082688331604004,0.6249213814735413,0.800000011920929,2,0.4105039536952972,0.0350000001490116,0.0917214602231979,0.3970572650432586,171098,shared_batch,0.02,0
paviau_178974_shared_batch_0.02000,0.999222993850708,0.9143900871276855,0.5306659936904907,0.5603064894676208,0.9649999737739564,0.959999978542328,0.0,0.0302483979612588,0.1383197456598281,0.1690354347229004,0.0,1,0.4396934807300567,0.0350000001490116,0.0399999991059303,0.109725721180439,178974,shared_batch,0.02,1
paviau_107519_shared_batch_0.02000,0.7681851387023926,0.5157337784767151,0.1694940477609634,0.5577280521392822,0.3120531439781189,0.959999978542328,0.6000000238418579,0.2483458966016769,0.4912408590316772,0.8356992602348328,0.4000000059604645,7,0.4422719478607178,0.3007815480232239,0.0399999991059303,0.4336734116077423,107519,shared_batch,0.02,0
paviau_196372_shared_batch_0.02000,0.9993441700935364,0.3842663764953613,0.5374965071678162,0.5675503611564636,0.8400903344154358,0.959999978542328,0.6000000238418579,0.2822996377944946,0.5034067034721375,0.9636964201927184,0.6000000238418579,5,0.4324496388435364,0.0777576938271522,0.0399999991059303,0.0520828105509281,196372,shared_batch,0.02,0
paviau_159974_shared_batch_0.02000,0.9557592272758484,0.1784158200025558,0.5437249541282654,0.5741121172904968,0.961029291152954,0.7716889381408691,0.800000011920929,0.3793202340602875,0.4593601822853088,0.6179634928703308,0.800000011920929,2,0.4258878827095032,0.0363202020525932,0.1029057577252388,0.4738121926784515,159974,shared_batch,0.02,0
paviau_151877_shared_batch_0.02000,0.6719056367874146,0.0567656196653842,0.0829799100756645,0.1946387588977813,0.3760645389556885,0.4626975357532501,1.0,0.3859912455081939,0.5502424240112305,0.7621272802352905,0.4000000059604645,6,0.4554805159568786,0.268299400806427,0.22227743268013,0.4987737238407135,151877,shared_batch,0.02,0
paviau_189285_shared_batch_0.02000,0.9997714161872864,0.9616567492485046,0.5240280628204346,0.5532180070877075,0.9649999737739564,0.959999978542328,0.0,0.0133633278310298,0.0808882713317871,0.0715582966804504,0.0,1,0.4467819631099701,0.0350000001490116,0.0399999991059303,0.2430136501789093,189285,shared_batch,0.02,1
paviau_153338_shared_batch_0.02000,0.997735857963562,0.7184094190597534,0.2728174924850464,0.3930856883525848,0.9649999737739564,0.959999978542328,0.2000000029802322,0.1054958328604698,0.3226791322231293,0.5355120897293091,0.800000011920929,0,0.4312363564968109,0.0350000001490116,0.0399999991059303,0.4587450623512268,153338,shared_batch,0.02,1
paviau_36759_shared_batch_0.02000,0.999619722366333,0.5343152284622192,0.2782151997089386,0.3816789984703064,0.9649999737739564,0.959999978542328,0.4000000059604645,0.1967029273509979,0.4079643189907074,0.8646407723426819,0.4000000059604645,1,0.4987034201622009,0.0350000001490116,0.0399999991059303,0.5226789712905884,36759,shared_batch,0.02,1
paviau_106627_shared_batch_0.02000,0.9996435642242432,0.5357027053833008,0.5385991334915161,0.5687150359153748,0.7361100912094116,0.959999978542328,0.4000000059604645,0.1953481882810592,0.4145853221416473,0.857762336730957,0.4000000059604645,5,0.4312849640846252,0.1155193969607353,0.0399999991059303,0.0841946229338646,106627,shared_batch,0.02,1
paviau_38142_shared_batch_0.02000,0.9998443126678468,0.5656894445419312,0.5176767110824585,0.5463894605636597,0.9649999737739564,0.959999978542328,0.4000000059604645,0.1807338595390319,0.3731072843074798,0.8332471251487732,0.4000000059604645,1,0.4536105394363403,0.0350000001490116,0.0399999991059303,0.1398542076349258,38142,shared_batch,0.02,1
paviau_203218_shared_batch_0.02000,0.9988817572593688,0.5509126782417297,0.5269423127174377,0.556335985660553,0.9649999737739564,0.959999978542328,0.4000000059604645,0.1864529848098755,0.3945198059082031,0.8489152193069458,0.4000000059604645,1,0.4436639845371246,0.0350000001490116,0.0399999991059303,0.1213821619749069,203218,shared_batch,0.02,1
paviau_203352_shared_batch_0.02000,0.997301697731018,0.2326643019914627,0.5260226130485535,0.555353045463562,0.9649999737739564,0.959999978542328,0.800000011920929,0.3869712054729461,0.4958869218826294,0.9734582901000975,0.800000011920929,5,0.4446469843387604,0.0350000001490116,0.0399999991059303,0.0885189995169639,203352,shared_batch,0.02,0
paviau_78605_shared_batch_0.02000,0.985692858695984,0.1717791557312011,0.2792079746723175,0.3948576748371124,0.9649999737739564,0.959999978542328,0.800000011920929,0.4342420101165771,0.2409533560276031,0.3564704656600952,0.800000011920929,2,0.4490357935428619,0.0350000001490116,0.0399999991059303,0.5393571257591248,78605,shared_batch,0.02,0
paviau_27913_shared_batch_0.02000,0.999625325202942,0.4798004329204559,0.5216941833496094,0.5507140755653381,0.9649999737739564,0.959999978542328,0.4000000059604645,0.2264821082353592,0.4423126876354217,0.921619713306427,0.4000000059604645,1,0.4492859244346618,0.0350000001490116,0.0399999991059303,0.1309905499219894,27913,shared_batch,0.02,1
paviau_30077_shared_batch_0.02000,0.9766503572463988,0.5278292894363403,0.3879521191120147,0.4613536894321441,0.8764837980270386,0.8297762274742126,0.4000000059604645,0.1894282102584839,0.4682201445102691,0.7706679701805115,0.4000000059604645,3,0.4762375056743622,0.0650272667407989,0.0828638300299644,0.2653728127479553,30077,shared_batch,0.02,1
paviau_201073_shared_batch_0.02000,0.9987678527832032,0.4748894870281219,0.5207451581954956,0.5496941208839417,0.9649999737739564,0.959999978542328,0.4000000059604645,0.2267393767833709,0.4644025564193725,0.9250832200050354,0.4000000059604645,1,0.4503058791160583,0.0350000001490116,0.0399999991059303,0.1046067178249359,201073,shared_batch,0.02,1
paviau_201739_shared_batch_0.02000,0.9994638562202454,0.9497068524360656,0.523036539554596,0.5521549582481384,0.9649999737739564,0.959999978542328,0.0,0.0175479482859373,0.0931047275662422,0.0995123982429504,0.0,1,0.4478450119495392,0.0350000001490116,0.0399999991059303,0.1363486647605896,201739,shared_batch,0.02,1
paviau_61629_spatial_patch_0.00500,0.9991708993911744,0.7424755692481995,1.0,0.975000023841858,0.9649999737739564,0.959999978542328,0.0,0.0970853343605995,0.2691229581832886,0.5111666321754456,0.0,1,0.025000000372529,0.0350000001490116,0.0399999991059303,0.0137037234380841,61629,spatial_patch,0.005,1
paviau_120487_spatial_patch_0.00500,0.8780498504638672,0.765947699546814,0.6412613391876221,0.6719505786895752,0.9649999737739564,0.8894602060317993,0.2000000029802322,0.0140358144417405,0.2832777798175812,0.4500266313552856,0.2000000029802322,0,0.3280494213104248,0.0350000001490116,0.0628841072320938,0.0615099631249904,120487,spatial_patch,0.005,0
paviau_139351_spatial_patch_0.00500,0.8347824811935425,0.5386976003646851,0.6452614068984985,0.6757833361625671,0.9649999737739564,0.8894602060317993,0.4000000059604645,0.0596177875995636,0.4274890422821045,0.8519386649131775,0.4000000059604645,0,0.3242166936397552,0.0350000001490116,0.0628841072320938,0.0002999192802235,139351,spatial_patch,0.005,1
paviau_103035_spatial_patch_0.00500,0.9669291377067566,0.8182958364486694,0.961627960205078,0.9457877278327942,0.9649999737739564,0.959999978542328,0.0,0.0446132756769657,0.2303810119628906,0.3566767573356628,0.0,2,0.054212249815464,0.0350000001490116,0.0399999991059303,0.0,103035,spatial_patch,0.005,1
paviau_39155_spatial_patch_0.00500,0.97856205701828,0.7908682227134705,0.3665779829025268,0.704989492893219,0.9649999737739564,0.5039119720458984,0.2000000029802322,0.0514198876917362,0.2341139912605285,0.4180892407894134,0.2000000029802322,1,0.295010507106781,0.0350000001490116,0.2048283666372299,0.0017530755139887,39155,spatial_patch,0.005,1
paviau_181448_spatial_patch_0.00500,0.8155277967453003,0.7122705578804016,0.3253514170646667,0.7363368272781372,0.9649999737739564,0.4682770073413849,0.0,0.0083485944196581,0.274422824382782,0.5751283168792725,0.0,1,0.2636631727218628,0.0350000001490116,0.2198812961578369,0.0266365464776754,181448,spatial_patch,0.005,1
paviau_105756_spatial_patch_0.00500,0.6664811372756958,0.6978591084480286,0.3677414357662201,0.4846141040325165,0.9649999737739564,0.7098857760429382,0.2000000029802322,0.0196128189563751,0.3661516606807709,0.5482384562492371,0.2000000029802322,2,0.3115159571170807,0.0350000001490116,0.1249406486749649,0.0828820839524269,105756,spatial_patch,0.005,1
paviau_180048_spatial_patch_0.00500,0.9993531107902528,0.5766559839248657,0.670756995677948,0.6999142169952393,0.9649999737739564,0.959999978542328,0.4000000059604645,0.1750770956277847,0.3195973634719848,0.8431332111358643,0.4000000059604645,1,0.3000858128070831,0.0350000001490116,0.0399999991059303,0.0,180048,spatial_patch,0.005,1
paviau_95381_spatial_patch_0.00500,0.9854242205619812,0.950794517993927,0.5425662398338318,0.6961261630058289,0.8249538540840149,0.6443592309951782,0.0,0.0105267046019434,0.1103997305035591,0.0811513438820838,0.0,5,0.3038738369941711,0.0831231772899627,0.1491924375295639,0.0015790405450388,95381,spatial_patch,0.005,1
paviau_112654_spatial_patch_0.00500,0.9044906497001648,0.7544550895690918,0.4541620314121246,0.7310707569122314,0.9649999737739564,0.5758282542228699,0.0,0.0850771814584732,0.2854888141155243,0.473609060049057,0.0,6,0.2689292132854461,0.0350000001490116,0.1756602823734283,0.0004173019551672,112654,spatial_patch,0.005,1
paviau_47432_spatial_patch_0.00500,0.9972043633461,0.9688500165939332,0.9211617708206176,0.9200414419174194,0.9649999737739564,0.959999978542328,0.0,0.0081460746005177,0.0738188251852989,0.0476378165185451,0.0,0,0.025000000372529,0.0350000001490116,0.0399999991059303,0.0,47432,spatial_patch,0.005,1
paviau_167328_spatial_patch_0.00500,0.9287648797035216,0.9081360697746276,0.6826212406158447,0.7109726667404175,0.9649999737739564,0.7916632294654846,0.0,0.0110378712415695,0.1396615803241729,0.1837248653173446,0.0,1,0.2890273332595825,0.0350000001490116,0.0959441885352134,0.0027636566665023,167328,spatial_patch,0.005,1
paviau_1473_spatial_patch_0.00500,0.7686468362808228,0.2533760964870453,0.684144139289856,0.7123845219612122,0.9649999737739564,0.8941380977630615,1.0,0.1514618992805481,0.4333395659923553,0.6318409442901611,0.2000000029802322,6,0.2876154780387878,0.0350000001490116,0.0613428205251693,0.012930586002767,1473,spatial_patch,0.005,0
paviau_197428_spatial_patch_0.00500,0.9970967769622804,0.9402598738670348,1.0,0.975000023841858,0.9649999737739564,0.959999978542328,0.0,0.0166225191205739,0.1029727980494499,0.119480162858963,0.0,1,0.025000000372529,0.0350000001490116,0.0399999991059303,0.0,197428,spatial_patch,0.005,1
paviau_34748_spatial_patch_0.00500,0.999457061290741,0.9700061678886414,0.684747576713562,0.7129434943199158,0.9649999737739564,0.959999978542328,0.0,0.0103531386703252,0.0613258071243763,0.0599855035543441,0.0,1,0.2870565056800842,0.0350000001490116,0.0399999991059303,0.0,34748,spatial_patch,0.005,1
paviau_192198_spatial_patch_0.00500,0.9590702652931212,0.2721635699272156,0.3722381293773651,0.4880659282207489,0.9649999737739564,0.8422576189041138,0.800000011920929,0.2974375188350677,0.2665102183818817,0.5443426966667175,0.2000000029802322,3,0.3152138292789459,0.0350000001490116,0.078636035323143,0.4169988334178924,192198,spatial_patch,0.005,1
paviau_183801_spatial_patch_0.00500,0.999687671661377,0.994615077972412,1.0,0.975000023841858,0.9649999737739564,0.959999978542328,0.0,0.0017736281733959,0.015248074196279,0.0107698906213045,0.0,1,0.025000000372529,0.0350000001490116,0.0399999991059303,0.0,183801,spatial_patch,0.005,1
paviau_96796_spatial_patch_0.00500,0.9894621968269348,0.658491313457489,0.3722140491008758,0.487700343132019,0.9649999737739564,0.959999978542328,0.4000000059604645,0.1178557053208351,0.451319009065628,0.5130522847175598,0.4000000059604645,0,0.3194873332977295,0.0350000001490116,0.0399999991059303,0.118674911558628,96796,spatial_patch,0.005,1
paviau_79243_spatial_patch_0.00500,0.9944791793823242,0.9655829668045044,0.8994816541671753,0.8970943689346313,0.9649999737739564,0.959999978542328,0.0,0.0069139972329139,0.0681672915816307,0.0688338652253151,0.0,3,0.1029056459665298,0.0350000001490116,0.0399999991059303,0.0,79243,spatial_patch,0.005,1
paviau_196532_spatial_patch_0.00500,0.9921433925628662,0.9224676489830016,1.0,0.975000023841858,0.9649999737739564,0.959999978542328,0.0,0.0176752489060163,0.12411380559206,0.1550644040107727,0.0,1,0.025000000372529,0.0350000001490116,0.0399999991059303,0.0,196532,spatial_patch,0.005,1
paviau_184179_spatial_patch_0.00500,0.7196848392486572,0.8892537355422974,0.1731457859277725,0.6620857119560242,0.9476218223571776,0.3212049603462219,0.0,0.0238387156277894,0.158597394824028,0.2214527875185012,0.0,1,0.3046956956386566,0.0407959297299385,0.28721484541893,0.0404800027608871,184179,spatial_patch,0.005,1
paviau_202651_spatial_patch_0.00500,0.6266860365867615,0.8534688353538513,0.1042032837867736,0.7114907503128052,0.3230712413787842,0.2400476634502411,0.0,0.0366218015551567,0.1897881031036377,0.2930249273777008,0.0,1,0.2885092496871948,0.2950279116630554,0.329011470079422,0.2379897981882095,202651,spatial_patch,0.005,1
paviau_171556_spatial_patch_0.00500,0.9994250535964966,0.9858118295669556,1.0,0.975000023841858,0.9649999737739564,0.959999978542328,0.0,0.0046561858616769,0.0366415753960609,0.026227094233036,0.0,1,0.025000000372529,0.0350000001490116,0.0399999991059303,0.0,171556,spatial_patch,0.005,1
paviau_147778_spatial_patch_0.00500,0.9951261281967164,0.9995784759521484,0.3230143785476684,0.4460547566413879,0.9649999737739564,0.5971528887748718,0.0,0.0017044838750734,0.0016837093280628,0.0008429292938672,0.0,8,0.2963197231292724,0.0350000001490116,0.16729436814785,0.0,147778,spatial_patch,0.005,1
paviau_190578_spatial_patch_0.00500,0.9997876286506652,0.995086669921875,1.0,0.975000023841858,0.9649999737739564,0.959999978542328,0.0,0.0016331088263541,0.0152103565633296,0.008885484188795,0.0,1,0.025000000372529,0.0350000001490116,0.0399999991059303,0.0,190578,spatial_patch,0.005,1
paviau_125155_spatial_patch_0.00500,0.9913778305053712,0.771257221698761,0.6472674012184143,0.6777006387710571,0.9649999737739564,0.959999978542328,0.2000000029802322,0.0842185989022255,0.2509584128856659,0.4552392065525055,0.2000000029802322,2,0.3222993612289428,0.0350000001490116,0.0399999991059303,0.0014694861602038,125155,spatial_patch,0.005,1
paviau_165805_spatial_patch_0.00500,0.9940008521080016,0.6561834812164307,0.6778287291526794,0.706518292427063,0.9649999737739564,0.959999978542328,0.4000000059604645,0.1284145414829254,0.2929200530052185,0.6876272559165955,0.4000000059604645,1,0.2934816777706146,0.0350000001490116,0.0399999991059303,0.0,165805,spatial_patch,0.005,1
paviau_117434_spatial_patch_0.00500,0.8935383558273315,0.6053338050842285,0.6400442719459534,0.6762853264808655,0.9649999737739564,0.7163179516792297,0.4000000059604645,0.0591638498008251,0.3194892704486847,0.7844310402870178,0.4000000059604645,0,0.3237146437168121,0.0350000001490116,0.1226110011339187,0.0,117434,spatial_patch,0.005,0
paviau_191251_spatial_patch_0.00500,0.999695897102356,0.9786764979362488,0.6520852446556091,0.6822920441627502,0.9649999737739564,0.959999978542328,0.0,0.0071935718879103,0.0487303026020526,0.0416838340461254,0.0,1,0.3177079558372497,0.0350000001490116,0.0399999991059303,0.0,191251,spatial_patch,0.005,1
paviau_56282_spatial_patch_0.00500,0.9851791262626648,0.6216920018196106,1.0,0.975000023841858,0.9649999737739564,0.959999978542328,0.0,0.1428251415491104,0.5275641083717346,0.5713178515434265,0.0,0,0.025000000372529,0.0350000001490116,0.0399999991059303,0.0,56282,spatial_patch,0.005,1
paviau_186695_spatial_patch_0.00500,0.7157057523727417,0.6298877596855164,1.0,0.975000023841858,0.9649999737739564,0.959999978542328,0.4000000059604645,0.0359649136662483,0.3273282647132873,0.7289472222328186,0.4000000059604645,7,0.025000000372529,0.0350000001490116,0.0399999991059303,0.000501420116052,186695,spatial_patch,0.005,1
paviau_115425_spatial_patch_0.00500,0.9808101058006288,0.1900281906127929,0.3893382251262665,0.4968003928661346,0.9649999737739564,0.959999978542328,0.800000011920929,0.3895542323589325,0.3145222067832947,0.4353455901145935,0.2000000029802322,5,0.353787213563919,0.0350000001490116,0.0399999991059303,0.4773485660552978,115425,spatial_patch,0.005,1
paviau_110628_spatial_patch_0.00500,0.8863987922668457,0.4406980872154236,0.4894320666790008,0.6899498105049133,0.9649999737739564,0.6035964488983154,0.6000000238418579,0.1228927001357078,0.3204132318496704,0.8839837908744812,0.4000000059604645,6,0.3100501596927643,0.0350000001490116,0.1647901982069015,0.0,110628,spatial_patch,0.005,1
paviau_176674_spatial_patch_0.00500,0.9986324906349182,0.9370609521865844,0.6620169878005981,0.6916992664337158,0.9649999737739564,0.959999978542328,0.0,0.0216768365353345,0.1094200015068054,0.1248038411140441,0.0,1,0.3083007633686065,0.0350000001490116,0.0399999991059303,0.0072259414009749,176674,spatial_patch,0.005,1
paviau_185844_spatial_patch_0.00500,0.9996987581253052,0.9212288856506348,1.0,0.975000023841858,0.9649999737739564,0.959999978542328,0.0,0.0279181282967329,0.1255037635564804,0.1575421094894409,0.0,1,0.025000000372529,0.0350000001490116,0.0399999991059303,0.0,185844,spatial_patch,0.005,1
paviau_201848_spatial_patch_0.00500,0.9989538192749025,0.9898854494094848,0.8867324590682983,0.8935649991035461,0.9649999737739564,0.959999978542328,0.0,0.0029869826976209,0.0257272254675626,0.0202290844172239,0.0,1,0.0609937831759452,0.0350000001490116,0.0399999991059303,0.0096283331513404,201848,spatial_patch,0.005,1
paviau_175325_spatial_patch_0.00500,0.9973541498184204,0.8280100226402283,0.6949753761291504,0.7223768830299377,0.9649999737739564,0.959999978542328,0.2000000029802322,0.0632740408182144,0.2090216428041458,0.3439565002918243,0.2000000029802322,1,0.2776230871677398,0.0350000001490116,0.0399999991059303,0.0,175325,spatial_patch,0.005,1
paviau_123441_spatial_patch_0.00500,0.89548259973526,0.634002685546875,0.6638363599777222,0.6934141516685486,0.9649999737739564,0.959999978542328,0.2000000029802322,0.0629321485757827,0.3384046256542206,0.7116331458091736,0.2000000029802322,2,0.3065858483314514,0.0350000001490116,0.0399999991059303,0.00010473022121,123441,spatial_patch,0.005,1
paviau_124582_spatial_patch_0.00500,0.9868924021720886,0.2098639905452728,0.6763430833816528,0.7051340341567993,0.9649999737739564,0.959999978542328,0.800000011920929,0.3918442130088806,0.4092287123203277,0.5391026735305786,0.2000000029802322,6,0.2948659658432007,0.0350000001490116,0.0399999991059303,0.0031627083662897,124582,spatial_patch,0.005,1
paviau_199745_spatial_patch_0.00500,0.9983730316162108,0.4627519845962524,0.7201646566390991,0.7452918291091919,0.9649999737739564,0.959999978542328,0.6000000238418579,0.2329941093921661,0.3289150893688202,0.9313639998435974,0.6000000238418579,1,0.2547082006931305,0.0350000001490116,0.0399999991059303,0.0081942165270447,199745,spatial_patch,0.005,1
paviau_110627_spatial_patch_0.00500,0.941167414188385,0.6356635093688965,0.4146276116371155,0.975000023841858,0.9649999737739564,0.5439342856407166,0.4000000059604645,0.0804985985159874,0.3219074606895447,0.7178769111633301,0.4000000059604645,6,0.025000000372529,0.0350000001490116,0.188407301902771,0.0,110627,spatial_patch,0.005,1
paviau_72188_spatial_patch_0.00500,0.9942970871925354,0.4415361881256103,0.6786288619041443,0.7326520085334778,0.9649999737739564,0.959999978542328,0.6000000238418579,0.2376275509595871,0.416399747133255,0.9404807090759276,0.4000000059604645,1,0.025000000372529,0.0350000001490116,0.0399999991059303,0.0582298897206783,72188,spatial_patch,0.005,1
paviau_81028_spatial_patch_0.00500,0.8346149325370789,0.4294332861900329,0.3685538172721863,0.6582888960838318,0.6215519905090332,0.5055879354476929,0.6000000238418579,0.0979782193899154,0.3252227008342743,0.863887369632721,0.4000000059604645,1,0.025000000372529,0.1598787158727646,0.2041307240724563,0.0222479794174432,81028,spatial_patch,0.005,1
paviau_79593_spatial_patch_0.00500,0.9957399368286132,0.6750087141990662,0.6438539624214172,0.6744363307952881,0.9649999737739564,0.959999978542328,0.4000000059604645,0.1206637173891067,0.4341017007827759,0.5034381747245789,0.4000000059604645,0,0.3255636990070343,0.0350000001490116,0.0399999991059303,0.0134165463969111,79593,spatial_patch,0.005,1
paviau_190544_spatial_patch_0.00500,0.9886655807495116,0.8711369037628174,0.6574382781982422,0.6873720288276672,0.9649999737739564,0.959999978542328,0.0,0.0354332439601421,0.2494726181030273,0.1836730688810348,0.0,0,0.3126279711723327,0.0350000001490116,0.0399999991059303,0.0,190544,spatial_patch,0.005,1
paviau_186699_spatial_patch_0.00500,0.5940521359443665,0.4959267377853393,0.4865526258945465,0.7200577855110168,0.7356109023094177,0.6013519167900085,0.4000000059604645,0.0578569248318672,0.5442768335342407,0.7846951484680176,0.4000000059604645,7,0.2799422442913055,0.1157060489058494,0.1656612753868103,0.0065805604681372,186699,spatial_patch,0.005,1
paviau_97440_spatial_patch_0.00500,0.535569429397583,0.5497260689735413,0.0120476791635155,0.7273600697517395,0.1844483315944671,0.0765328258275985,0.6000000238418579,0.0020706714130938,0.3197962641716003,0.8985392451286316,0.6000000238418579,1,0.2726399600505829,0.3736491799354553,0.4296196401119232,0.3939535617828369,97440,spatial_patch,0.005,0
paviau_68772_spatial_patch_0.00500,0.97524094581604,0.7250553369522095,0.9198552370071412,0.9341506361961364,0.9118251800537108,0.959999978542328,0.0,0.0730896815657615,0.2778703272342682,0.5458407402038574,0.0,1,0.025000000372529,0.052884966135025,0.0399999991059303,0.0450665317475795,68772,spatial_patch,0.005,1
paviau_38914_spatial_patch_0.00500,0.9921109676361084,0.6096954345703125,0.6630612015724182,0.6926838755607605,0.9649999737739564,0.959999978542328,0.4000000059604645,0.1459903717041015,0.3398918807506561,0.7640239596366882,0.4000000059604645,0,0.3073161542415619,0.0350000001490116,0.0399999991059303,0.0,38914,spatial_patch,0.005,1
paviau_86393_spatial_patch_0.00500,0.9951815009117126,0.6008100509643555,0.6554682850837708,0.685505211353302,0.9649999737739564,0.789197564125061,0.4000000059604645,0.152240440249443,0.4015533626079559,0.7422727346420288,0.6000000238418579,3,0.314494788646698,0.0350000001490116,0.0967994853854179,0.0,86393,spatial_patch,0.005,1
paviau_168508_spatial_patch_0.00500,0.8268349170684814,0.5169772505760193,0.3264884650707245,0.7079410552978516,0.820290207862854,0.4692778885364532,0.4000000059604645,0.0710039064288139,0.3152194619178772,0.966042697429657,0.4000000059604645,1,0.2920589447021484,0.0847849398851394,0.2194526195526123,0.0283490363508462,168508,spatial_patch,0.005,1
paviau_205463_spatial_patch_0.00500,0.9567660689353944,0.6257337331771851,0.9944459199905396,0.975000023841858,0.9649999737739564,0.9564377665519714,0.2000000029802322,0.0935233235359191,0.3029364049434662,0.7479787468910217,0.2000000029802322,1,0.025000000372529,0.0350000001490116,0.0411377996206283,0.0559648722410202,205463,spatial_patch,0.005,1
paviau_81776_spatial_patch_0.00500,0.9965068697929382,0.9993502497673036,0.7894436717033386,0.8061477541923523,0.9649999737739564,0.959999978542328,0.0,0.0013930334243923,0.0024665212258696,0.0012995565775781,0.0,4,0.1938522160053253,0.0350000001490116,0.0399999991059303,0.0,81776,spatial_patch,0.005,1
paviau_83079_spatial_patch_0.00500,0.9952161312103271,0.6591902375221252,0.6668633818626404,0.6962617635726929,0.9649999737739564,0.959999978542328,0.2000000029802322,0.1250706166028976,0.2982848584651947,0.6796002388000488,0.2000000029802322,1,0.3037382364273071,0.0350000001490116,0.0399999991059303,0.0383583903312683,83079,spatial_patch,0.005,1
paviau_61663_spatial_patch_0.00500,0.9179261922836304,0.9918637871742249,0.6586165428161621,0.68848717212677,0.8122034072875977,0.959999978542328,0.0,0.0310226939618587,0.0224738512188196,0.0158093571662902,0.0,8,0.3115127980709076,0.0876762196421623,0.0399999991059303,0.0392231866717338,61663,spatial_patch,0.005,1
paviau_202494_spatial_patch_0.00500,0.995352864265442,0.747127115726471,0.9190831184387208,0.91264545917511,0.9649999737739564,0.959999978542328,0.2000000029802322,0.0878534168004989,0.2581725716590881,0.505522608757019,0.2000000029802322,1,0.0873545408248901,0.0350000001490116,0.0399999991059303,0.0,202494,spatial_patch,0.005,1
paviau_129245_spatial_patch_0.00500,0.8887385725975037,0.4870386123657226,0.6878388524055481,0.7158027291297913,0.9649999737739564,0.959999978542328,0.6000000238418579,0.1410252302885055,0.3377409875392914,0.9833328723907472,0.4000000059604645,2,0.2841972708702087,0.0350000001490116,0.0399999991059303,0.0,129245,spatial_patch,0.005,1
paviau_188059_spatial_patch_0.00500,0.7828554511070251,0.4884475767612457,0.6690784692764282,0.6983410120010376,0.9649999737739564,0.959999978542328,0.4000000059604645,0.0973903611302375,0.55533766746521,0.7890322208404541,0.4000000059604645,7,0.30165895819664,0.0350000001490116,0.0399999991059303,0.0,188059,spatial_patch,0.005,1
paviau_93017_spatial_patch_0.00500,0.5623220801353455,0.7618650197982788,0.0802673026919364,0.6907897591590881,0.2871780693531036,0.2074736654758453,0.2000000029802322,0.0252990201115608,0.2525802552700043,0.4753468930721283,0.2000000029802322,1,0.3092102408409118,0.3140456974506378,0.3470199108123779,0.2321968078613281,93017,spatial_patch,0.005,0
paviau_129844_spatial_patch_0.00500,0.666853129863739,0.8691442608833313,0.3629346489906311,0.6697402000427246,0.5321694016456604,0.5008143782615662,0.0,0.0946681573987007,0.2274820804595947,0.224266692996025,0.0,0,0.330259770154953,0.1969221085309982,0.2061201781034469,0.0117017859593033,129844,spatial_patch,0.005,1
paviau_78346_spatial_patch_0.00500,0.9900230765342712,0.9950276017189026,0.7032049894332886,0.7324628233909607,0.9649999737739564,0.959999978542328,0.0,0.0041271527297794,0.0161294154822826,0.0077470052056014,0.0,4,0.2619870603084564,0.0350000001490116,0.0399999991059303,6.842865786893526e-06,78346,spatial_patch,0.005,1
paviau_200284_spatial_patch_0.00500,0.9929774403572084,0.97899729013443,0.976950466632843,0.975000023841858,0.9649999737739564,0.9451833963394164,0.0,0.0032013163436204,0.0494452156126499,0.0399543046951293,0.0,1,0.025000000372529,0.0350000001490116,0.0447446629405021,0.0,200284,spatial_patch,0.005,1
paviau_91202_spatial_patch_0.00500,0.5485367774963379,0.3214387595653534,0.2698378264904022,0.7291536331176758,0.4132965505123138,0.4299092292785644,0.6000000238418579,0.0516460575163364,0.5166816115379333,0.7843397855758667,0.4000000059604645,7,0.2708463370800018,0.250362366437912,0.2365866303443908,0.0160660408437252,91202,spatial_patch,0.005,1
paviau_195393_spatial_patch_0.00500,0.9915812611579896,0.9898139834403992,0.9512315988540648,0.937764048576355,0.9649999737739564,0.959999978542328,0.0,0.0001858034811448,0.0258776843547821,0.0203717183321714,0.0,1,0.0622359290719032,0.0350000001490116,0.0399999991059303,0.0,195393,spatial_patch,0.005,1
paviau_23903_spatial_patch_0.00500,0.5150098204612732,0.4205129742622375,0.1550808697938919,0.6889991164207458,0.9624136686325072,0.3012675642967224,0.6000000238418579,0.006211815867573,0.3097589910030365,0.8410384058952332,0.4000000059604645,5,0.3110008835792541,0.035859640687704,0.2971212267875671,0.0111511554569005,23903,spatial_patch,0.005,0
paviau_187593_spatial_patch_0.00500,0.7172102332115173,0.2357600927352905,0.6291563510894775,0.6929881572723389,0.9649999737739564,0.7084411382675171,1.0,0.1236642897129058,0.2487612962722778,0.4715590178966522,0.0,5,0.3070118129253387,0.0350000001490116,0.1254650801420211,0.0008073028875514,187593,spatial_patch,0.005,0
paviau_181095_spatial_patch_0.00500,0.7172344923019409,0.907781720161438,0.1702674180269241,0.6956103444099426,0.4388752579689026,0.3180782794952392,0.0,0.0314471647143363,0.1400139480829239,0.1844365149736404,0.0,1,0.3043896555900574,0.2383984923362732,0.2887541949748993,0.0980504155158996,181095,spatial_patch,0.005,1
paviau_78900_spatial_patch_0.00500,0.9883570075035096,0.9903443455696106,0.6121338605880737,0.6436386108398438,0.9649999737739564,0.959999978542328,0.0,0.0005327825201675,0.0256239175796508,0.018838457763195,0.0,3,0.3563614189624786,0.0350000001490116,0.0399999991059303,0.017775859683752,78900,spatial_patch,0.005,1
paviau_198229_spatial_patch_0.00500,0.9992421865463256,0.989081084728241,0.6429879665374756,0.6736065149307251,0.9649999737739564,0.959999978542328,0.0,0.0032419385388493,0.0304051768034696,0.0186163187026977,0.0,1,0.3263934552669525,0.0350000001490116,0.0399999991059303,0.0020529355388134,198229,spatial_patch,0.005,1
paviau_205757_spatial_patch_0.00500,0.993581771850586,0.9515710473060608,0.8828185200691223,0.8837284445762634,0.9649999737739564,0.959999978542328,0.0,0.0097809992730617,0.0882457718253135,0.0968551337718963,0.0,1,0.1162715703248977,0.0350000001490116,0.0399999991059303,0.0,205757,spatial_patch,0.005,1
paviau_189772_spatial_patch_0.00500,0.9436518549919128,0.837150514125824,1.0,0.975000023841858,0.9649999737739564,0.959999978542328,0.0,0.0307797845453023,0.2089336365461349,0.323239117860794,0.0,7,0.025000000372529,0.0350000001490116,0.0399999991059303,0.0,189772,spatial_patch,0.005,1
paviau_98101_spatial_patch_0.00500,0.93516343832016,0.9297103881835938,0.4235318303108215,0.519021213054657,0.9649999737739564,0.5658771991729736,0.0,0.0192059241235256,0.1615587472915649,0.0987439826130867,0.0,5,0.367540955543518,0.0350000001490116,0.1796065717935562,0.008717056363821,98101,spatial_patch,0.005,1
paviau_22831_spatial_patch_0.00500,0.8777807354927063,0.8962637186050415,0.5293174386024475,0.975000023841858,0.9649999737739564,0.6343070268630981,0.0,0.0010340339504182,0.1516612321138382,0.2074712365865707,0.0,1,0.025000000372529,0.0350000001490116,0.1530007123947143,0.0098603898659348,22831,spatial_patch,0.005,1
paviau_102740_spatial_patch_0.00500,0.9526863098144532,0.3343435227870941,0.6806766390800476,0.7091674208641052,0.9649999737739564,0.7846974730491638,0.6000000238418579,0.2405607998371124,0.3524917960166931,0.6978279948234558,0.4000000059604645,3,0.2908326089382171,0.0350000001490116,0.0983634144067764,0.0,102740,spatial_patch,0.005,1
paviau_97758_spatial_patch_0.00500,0.9802045226097108,0.6361423134803772,0.6212378144264221,0.6525651812553406,0.9649999737739564,0.7060382962226868,0.4000000059604645,0.1141581982374191,0.4161901473999023,0.648340106010437,0.6000000238418579,5,0.3474348485469818,0.0350000001490116,0.1263383626937866,3.251496309530921e-05,97758,spatial_patch,0.005,1
paviau_160581_spatial_patch_0.00500,0.5022839307785034,0.5687625408172607,0.2448864877223968,0.7447647452354431,0.3894418179988861,0.4236683845520019,0.2000000029802322,0.0328339599072933,0.5038463473320007,0.6733231544494629,0.2000000029802322,7,0.2552352845668793,0.2617799937725067,0.2393560856580734,0.058985773473978,160581,spatial_patch,0.005,1
paviau_46411_spatial_patch_0.00500,0.9934582114219666,0.9905605912208556,1.0,0.975000023841858,0.9649999737739564,0.959999978542328,0.0,0.0004331452655605,0.0257451795041561,0.0180728789418935,0.0,0,0.025000000372529,0.0350000001490116,0.0399999991059303,0.0,46411,spatial_patch,0.005,1
paviau_103476_spatial_patch_0.00500,0.9963895678520204,0.9632169008255004,1.0,0.975000023841858,0.9649999737739564,0.959999978542328,0.0,0.0106173669919371,0.082829549908638,0.0669942647218704,0.0,3,0.025000000372529,0.0350000001490116,0.0399999991059303,0.0,103476,spatial_patch,0.005,1
paviau_127831_spatial_patch_0.00500,0.5317595601081848,0.4091267883777618,0.2109952867031097,0.6763507723808289,0.9649999737739564,0.3608067333698272,0.2000000029802322,0.1604893952608108,0.5741292834281921,0.95993173122406,0.2000000029802322,0,0.3236492276191711,0.0350000001490116,0.2681477963924408,0.009019011631608,127831,spatial_patch,0.005,1
paviau_23466_spatial_patch_0.00500,0.9811431169509888,0.6326310038566589,0.6503125429153442,0.680604875087738,0.9649999737739564,0.959999978542328,0.4000000059604645,0.1278814077377319,0.3590980768203735,0.7024907469749451,0.4000000059604645,0,0.3193951547145843,0.0350000001490116,0.0399999991059303,0.0032393850851804,23466,spatial_patch,0.005,1
paviau_193314_spatial_patch_0.01000,0.5694459676742554,0.9853891134262084,0.0848617628216743,0.975000023841858,0.3663039803504944,0.2139837145805359,0.0,0.1503794193267822,0.0347030609846115,0.0292218048125505,0.0,1,0.025000000372529,0.2731115520000458,0.3433562815189361,0.5799922943115234,193314,spatial_patch,0.01,1
paviau_26200_spatial_patch_0.01000,0.8356015086174011,0.844935417175293,0.0853021442890167,0.975000023841858,0.9649999737739564,0.2146005779504776,0.0,0.0015887003391981,0.202707439661026,0.30777707695961,0.0,1,0.025000000372529,0.0350000001490116,0.3430108726024627,0.2157181799411773,26200,spatial_patch,0.01,1
paviau_17711_spatial_patch_0.01000,0.4909631311893463,0.4457246661186218,0.170070081949234,0.4257389307022095,0.6323990821838379,0.317863255739212,0.6000000238418579,0.0333201587200164,0.4869822859764099,0.9818251132965088,0.4000000059604645,0,0.4059451818466186,0.1555383652448654,0.2888602614402771,0.1021559163928031,17711,spatial_patch,0.01,1
paviau_116069_spatial_patch_0.01000,0.9389209747314452,0.5058979392051697,0.935271143913269,0.975000023841858,0.9649999737739564,0.9181607365608216,0.4000000059604645,0.1418444663286209,0.4135083556175232,0.9265186786651612,0.4000000059604645,0,0.025000000372529,0.0350000001490116,0.0534818656742572,0.0,116069,spatial_patch,0.01,0
paviau_206138_spatial_patch_0.01000,0.7675881385803223,0.8591615557670593,0.2321465909481048,0.975000023841858,0.9649999737739564,0.3818891942501068,0.0,0.0077490615658462,0.1850979626178741,0.2816560268402099,0.0,1,0.025000000372529,0.0350000001490116,0.2583017945289612,0.036163467913866,206138,spatial_patch,0.01,1
paviau_167096_spatial_patch_0.01000,0.5816332697868347,0.4011987745761871,0.4590131938457489,0.6645739078521729,0.9649999737739564,0.5796841382980347,0.6000000238418579,0.0294680949300527,0.4901525676250458,0.9104777574539183,0.4000000059604645,7,0.3354260921478271,0.0350000001490116,0.1741384863853454,0.0815199241042137,167096,spatial_patch,0.01,1
paviau_515_spatial_patch_0.01000,0.9996088147163392,0.999552845954895,1.0,0.975000023841858,0.9649999737739564,0.959999978542328,0.0,0.0001251314679393,0.0017736118752509,0.0008942968561314,0.0,3,0.025000000372529,0.0350000001490116,0.0399999991059303,0.0,515,spatial_patch,0.01,1
paviau_180769_spatial_patch_0.01000,0.8890122771263123,0.497669905424118,0.6263046860694885,0.6575023531913757,0.9649999737739564,0.8644099235534668,0.6000000238418579,0.1004028245806694,0.3155100643634796,0.9953487515449524,0.4000000059604645,5,0.3424976468086242,0.0350000001490116,0.0711977556347847,0.0126547403633594,180769,spatial_patch,0.01,0
paviau_177365_spatial_patch_0.01000,0.7846661806106567,0.6117220520973206,0.6307017207145691,0.6617692708969116,0.9649999737739564,0.7102991938591003,0.4000000059604645,0.0245924293994903,0.3040376901626587,0.7765508890151978,0.4000000059604645,5,0.3382307589054107,0.0350000001490116,0.124790646135807,0.0009273998439311,177365,spatial_patch,0.01,0
paviau_90539_spatial_patch_0.01000,0.9155651926994324,0.6145656108856201,1.0,0.975000023841858,0.9649999737739564,0.959999978542328,0.0,0.1086079105734825,0.46906778216362,0.5957014560699463,0.0,7,0.025000000372529,0.0350000001490116,0.0399999991059303,0.0,90539,spatial_patch,0.01,1
paviau_27985_spatial_patch_0.01000,0.7040130496025085,0.1303199380636215,0.3855386972427368,0.975000023841858,0.9649999737739564,0.5198840498924255,1.0,0.1888364255428314,0.1761681288480758,0.2606461346149444,0.0,5,0.025000000372529,0.0350000001490116,0.1982159167528152,0.0022902721539139,27985,spatial_patch,0.01,0
paviau_148364_spatial_patch_0.01000,0.6421393156051636,0.2599660158157348,0.7731173038482666,0.975000023841858,0.9649999737739564,0.8098412752151489,0.800000011920929,0.0851989313960075,0.4411934018135071,0.6618306636810303,0.2000000029802322,2,0.025000000372529,0.0350000001490116,0.0896729230880737,2.8131667932029817e-05,148364,spatial_patch,0.01,0
paviau_200488_spatial_patch_0.01000,0.9490610361099244,0.9879821538925172,0.9470498561859132,0.975000023841858,0.9649999737739564,0.9258283376693726,0.0,0.0068902829661965,0.0296200718730688,0.0240357276052236,0.0,1,0.025000000372529,0.0350000001490116,0.0509915240108966,0.0010316767729818,200488,spatial_patch,0.01,1
paviau_170539_spatial_patch_0.01000,0.9604063630104064,0.5853893160820007,0.6311336755752563,0.6621875166893005,0.9649999737739564,0.8961072564125061,0.4000000059604645,0.1751827448606491,0.4511821269989013,0.6558573842048645,0.4000000059604645,1,0.3378124833106994,0.0350000001490116,0.0606950558722019,0.0361304506659507,170539,spatial_patch,0.01,1
paviau_62031_spatial_patch_0.01000,0.995790958404541,0.9993523955345154,0.5947837829589844,0.6264239549636841,0.9649999737739564,0.959999978542328,0.0,0.0014869482256472,0.0026494029443711,0.0010706825414672,0.0,4,0.3735760450363159,0.0350000001490116,0.0399999991059303,0.095446228981018,62031,spatial_patch,0.01,1
paviau_199065_spatial_patch_0.01000,0.9943196773529052,0.2189626693725586,0.6343944072723389,0.6653401255607605,0.9649999737739564,0.959999978542328,0.800000011920929,0.3918926119804382,0.2436098158359527,0.439234048128128,0.2000000029802322,1,0.3346598744392395,0.0350000001490116,0.0399999991059303,0.0454279147088527,199065,spatial_patch,0.01,1
paviau_85153_spatial_patch_0.01000,0.9934834837913512,0.9994183778762816,0.595505952835083,0.6271458864212036,0.9649999737739564,0.959999978542328,0.0,0.0021565982606261,0.0025236797519028,0.0008061546250246,0.0,4,0.372854083776474,0.0350000001490116,0.0399999991059303,0.0891488194465637,85153,spatial_patch,0.01,1
paviau_68772_spatial_patch_0.01000,0.8757431507110596,0.7238053679466248,0.5127636790275574,0.9341506361961364,0.792044997215271,0.6216451525688171,0.0,0.0212795864790678,0.2784286141395569,0.5483407378196716,0.0,1,0.025000000372529,0.0949384197592735,0.1578328013420105,0.0329870209097862,68772,spatial_patch,0.01,1
paviau_188399_spatial_patch_0.01000,0.4753621816635132,0.3784827291965484,0.2447835654020309,0.5846615433692932,0.9649999737739564,0.3941820561885834,0.6000000238418579,0.1040387973189354,0.6245145797729492,0.8300977349281311,0.800000011920929,7,0.40689617395401,0.0350000001490116,0.2526516318321228,0.0368669778108596,188399,spatial_patch,0.01,1
paviau_197547_spatial_patch_0.01000,0.9888833165168762,0.9842237830162048,0.6649797558784485,0.7283995747566223,0.9649999737739564,0.959999978542328,0.0,0.0012328037992119,0.0397724695503711,0.029404729604721,0.0,1,0.1231782808899879,0.0350000001490116,0.0399999991059303,0.0120036788284778,197547,spatial_patch,0.01,1
paviau_164269_spatial_patch_0.01000,0.9244619011878968,0.2824585139751434,0.4582844376564026,0.545554518699646,0.9649999737739564,0.8507401347160339,0.6000000238418579,0.2522810995578766,0.7535714507102966,0.9521096348762512,0.800000011920929,5,0.3580126464366913,0.0350000001490116,0.0757780224084854,0.1527846008539199,164269,spatial_patch,0.01,0
paviau_118456_spatial_patch_0.01000,0.5511167645454407,0.42841836810112,0.2155790328979492,0.975000023841858,0.539979100227356,0.3654329478740692,0.4000000059604645,0.0095220897346735,0.3266973495483398,0.862525463104248,0.4000000059604645,0,0.025000000372529,0.1935884803533554,0.2659699022769928,0.1489227265119552,118456,spatial_patch,0.01,0
paviau_105075_spatial_patch_0.01000,0.4490396380424499,0.7041467428207397,0.2099145650863647,0.5302443504333496,0.9649999737739564,0.3597111403942108,0.0,0.039356168359518,0.3390804231166839,0.5591142177581787,0.0,2,0.3915405571460724,0.0350000001490116,0.2686650156974792,0.0250847544521093,105075,spatial_patch,0.01,1
paviau_110339_spatial_patch_0.01000,0.9749398827552797,0.748008131980896,1.0,0.975000023841858,0.9649999737739564,0.959999978542328,0.2000000029802322,0.0624031871557235,0.2592074871063232,0.5032523274421692,0.2000000029802322,5,0.025000000372529,0.0350000001490116,0.0399999991059303,0.0,110339,spatial_patch,0.01,1
paviau_7924_spatial_patch_0.01000,0.5460383296012878,0.3246979117393493,0.0686219781637191,0.1604520827531814,0.9649999737739564,0.3875244855880737,0.6000000238418579,0.1469581872224807,0.6229773759841919,0.961843967437744,0.6000000238418579,6,0.4052937030792236,0.0350000001490116,0.2557035386562347,0.5433235764503479,7924,spatial_patch,0.01,0
paviau_48280_spatial_patch_0.01000,0.5685480237007141,2.8830781957367435e-06,0.0471792630851268,0.0957482680678367,0.3971233367919922,0.1552952080965042,1.0,0.2739889621734619,0.1883663237094879,0.2771249115467071,0.2000000029802322,3,0.3354104459285736,0.2580748796463012,0.3777019679546356,0.1130546405911445,48280,spatial_patch,0.01,0
paviau_205594_spatial_patch_0.01000,0.61380934715271,0.8101783990859985,0.0679276809096336,0.6097206473350525,0.4007411301136017,0.1892377436161041,0.2000000029802322,0.0246836170554161,0.223558634519577,0.3788304328918457,0.2000000029802322,3,0.3902793526649475,0.2563393414020538,0.3574667870998382,0.0411998257040977,205594,spatial_patch,0.01,0
paviau_139193_spatial_patch_0.01000,0.9731448888778688,0.1175964251160621,0.6278839707374573,0.6590368151664734,0.9649999737739564,0.959999978542328,1.0,0.4596337080001831,0.4198845326900482,0.5619094967842102,0.800000011920929,0,0.340963214635849,0.0350000001490116,0.0399999991059303,0.0708352848887443,139193,spatial_patch,0.01,1
paviau_196058_spatial_patch_0.01000,0.9144994020462036,0.0538955926895141,0.4456048309803009,0.975000023841858,0.9649999737739564,0.5689969658851624,1.0,0.4484529793262481,0.095499075949192,0.1077913418412208,0.0,5,0.025000000372529,0.0350000001490116,0.1783663928508758,0.0039123953320086,196058,spatial_patch,0.01,0
paviau_36878_spatial_patch_0.01000,0.8619197607040405,0.5863929986953735,0.6158386468887329,0.6472798585891724,0.9649999737739564,0.959999978542328,0.4000000059604645,0.0903362408280372,0.454639196395874,0.630605936050415,0.4000000059604645,0,0.3527201414108276,0.0350000001490116,0.0399999991059303,0.0948510840535163,36878,spatial_patch,0.01,1
paviau_32047_spatial_patch_0.01000,0.9898529648780824,0.952172040939331,1.0,0.975000023841858,0.9649999737739564,0.959999978542328,0.0,0.0125603349879384,0.0874261260032653,0.0956538245081901,0.0,1,0.025000000372529,0.0350000001490116,0.0399999991059303,0.0,32047,spatial_patch,0.01,1
paviau_101139_spatial_patch_0.01000,0.9710310101509094,0.6034974455833435,0.6188034415245056,0.650185227394104,0.9649999737739564,0.959999978542328,0.4000000059604645,0.1196722611784935,0.3540610074996948,0.7709354758262634,0.4000000059604645,0,0.349814772605896,0.0350000001490116,0.0399999991059303,0.0976532697677612,101139,spatial_patch,0.01,0
paviau_167328_spatial_patch_0.01000,0.7312403917312622,0.7102153301239014,0.1795645356178283,0.667249321937561,0.7490957975387573,0.3281137645244598,0.2000000029802322,0.0127323102205991,0.274009644985199,0.5795614123344421,0.2000000029802322,1,0.3327506780624389,0.1106830015778541,0.2838317155838012,0.0413922779262065,167328,spatial_patch,0.01,1
paviau_192198_spatial_patch_0.01000,0.9175164699554444,0.3921249508857727,0.3294732868671417,0.4474976062774658,0.9603387117385864,0.8119556307792664,0.6000000238418579,0.1760904043912887,0.3048520684242248,0.7842615246772766,0.4000000059604645,3,0.3714820742607116,0.0365500450134277,0.0889473855495452,0.4498175978660583,192198,spatial_patch,0.01,1
paviau_121250_spatial_patch_0.01000,0.9565222263336182,0.6264743804931641,0.6598242521286011,0.975000023841858,0.9649999737739564,0.7305334806442261,0.2000000029802322,0.0931359529495239,0.3007772564888,0.7470459938049316,0.2000000029802322,1,0.025000000372529,0.0350000001490116,0.1174929738044738,0.0088077429682016,121250,spatial_patch,0.01,0
paviau_206915_spatial_patch_0.01000,0.99174565076828,0.4913546442985534,0.5398867130279541,0.5972638726234436,0.9649999737739564,0.959999978542328,0.6000000238418579,0.2143183350563049,0.3590744435787201,0.993599534034729,0.4000000059604645,1,0.3634528219699859,0.0350000001490116,0.0399999991059303,0.1248884573578834,206915,spatial_patch,0.01,1
paviau_193516_spatial_patch_0.01000,0.9952024221420288,0.9812659621238708,1.0,0.975000023841858,0.9649999737739564,0.959999978542328,0.0,0.0030660410411655,0.0423588156700134,0.0374681167304515,0.0,3,0.025000000372529,0.0350000001490116,0.0399999991059303,0.0,193516,spatial_patch,0.01,1
paviau_132554_spatial_patch_0.01000,0.7834925651550293,0.0738087520003318,0.188150942325592,0.317929744720459,0.9649999737739564,0.9262908697128296,1.0,0.3416997492313385,0.4970971047878265,0.9547685384750366,0.4000000059604645,6,0.4063453376293182,0.0350000001490116,0.0508415848016738,0.6641783118247986,132554,spatial_patch,0.01,0
paviau_28983_spatial_patch_0.01000,0.9975869655609132,0.9630327224731444,0.9851983189582824,0.964866816997528,0.9649999737739564,0.959999978542328,0.0,0.0103545896708965,0.0821018517017364,0.0632677748799324,0.0,1,0.025000000372529,0.0350000001490116,0.0399999991059303,0.0,28983,spatial_patch,0.01,1
paviau_33403_spatial_patch_0.01000,0.9981328845024108,0.9182863235473632,1.0,0.975000023841858,0.9649999737739564,0.959999978542328,0.0,0.0275914929807186,0.1287740617990493,0.1634266525506973,0.0,1,0.025000000372529,0.0350000001490116,0.0399999991059303,0.0011880748206749,33403,spatial_patch,0.01,1
paviau_42535_spatial_patch_0.01000,0.7103101015090942,0.4208130538463592,0.0401334762573242,0.6159240007400513,0.9503259658813475,0.142441913485527,0.800000011920929,0.0467093847692012,0.3495426774024963,0.8587180972099304,0.2000000029802322,1,0.3261119127273559,0.0398909822106361,0.3856619000434875,0.08009934425354,42535,spatial_patch,0.01,1
paviau_203790_spatial_patch_0.01000,0.9022105932235718,0.710390567779541,0.5701296925544739,0.6014842391014099,0.9649999737739564,0.959999978542328,0.2000000029802322,0.0371953584253788,0.3022999763488769,0.5677087306976318,0.2000000029802322,5,0.3985157310962677,0.0350000001490116,0.0399999991059303,0.0027227255050092,203790,spatial_patch,0.01,0
paviau_195417_spatial_patch_0.01000,0.7753078937530518,0.0914359167218208,0.2061635106801986,0.4704467356204986,0.9649999737739564,0.3558936715126037,1.0,0.2666638791561126,0.1394087970256805,0.1829115748405456,0.0,5,0.3435626924037933,0.0350000001490116,0.2704716622829437,0.0406658686697483,195417,spatial_patch,0.01,0
paviau_38168_spatial_patch_0.01000,0.7548176646232605,0.0314275510609149,0.0409989766776561,0.0911259353160858,0.5699860453605652,0.7897615432739258,1.0,0.3781124949455261,0.6121549606323242,0.5638552308082581,0.2000000029802322,0,0.3737659752368927,0.1809589713811874,0.0966037437319755,0.7591102719306946,38168,spatial_patch,0.01,0
paviau_35722_spatial_patch_0.01000,0.924897849559784,0.7319097518920898,0.6050103902816772,0.6366033554077148,0.9649999737739564,0.8136934041976929,0.2000000029802322,0.0359951630234718,0.2674106955528259,0.5352635979652405,0.2000000029802322,1,0.3633966147899627,0.0350000001490116,0.0883516669273376,0.0366716310381889,35722,spatial_patch,0.01,1
paviau_71210_spatial_patch_0.01000,0.9968723654747008,0.999789834022522,1.0,0.975000023841858,0.9649999737739564,0.959999978542328,0.0,0.0011262219632044,0.0009061491582542,0.0004203262215014,0.0,4,0.025000000372529,0.0350000001490116,0.0399999991059303,0.0,71210,spatial_patch,0.01,1
paviau_124932_spatial_patch_0.01000,0.7968922853469849,0.2596053779125213,0.5717881917953491,0.6031802296638489,0.9649999737739564,0.8743758201599121,0.800000011920929,0.3230295777320862,0.3216477930545807,0.5447995662689209,0.2000000029802322,6,0.3968197703361511,0.0350000001490116,0.0678780525922775,0.1480053514242172,124932,spatial_patch,0.01,1
paviau_176694_spatial_patch_0.01000,0.950356662273407,0.3895846605300903,0.5977044701576233,0.6293408274650574,0.9649999737739564,0.7472938895225525,0.6000000238418579,0.2025773525238037,0.3835925161838531,0.8167702555656433,0.6000000238418579,5,0.370659202337265,0.0350000001490116,0.1115118339657783,0.0198058672249317,176694,spatial_patch,0.01,0
paviau_129245_spatial_patch_0.01000,0.7339319586753845,0.5217580199241638,0.6322388052940369,0.6632570028305054,0.9649999737739564,0.959999978542328,0.6000000238418579,0.0682742074131965,0.3362040519714355,0.9475414156913756,0.4000000059604645,2,0.3367429971694946,0.0350000001490116,0.0399999991059303,0.0162124503403902,129245,spatial_patch,0.01,1
paviau_202525_spatial_patch_0.01000,0.9970428347587584,0.9295035004615784,0.5820559859275818,0.6136206388473511,0.9649999737739564,0.959999978542328,0.0,0.0238535162061452,0.119969256222248,0.1391106694936752,0.0,1,0.3863793611526489,0.0350000001490116,0.0399999991059303,0.044106937944889,202525,spatial_patch,0.01,1
paviau_45388_spatial_patch_0.01000,0.984307587146759,0.7105333209037781,0.5688062906265259,0.6488121747970581,0.9649999737739564,0.959999978542328,0.2000000029802322,0.1018522307276725,0.3737591207027435,0.4998199343681335,0.2000000029802322,0,0.094679944217205,0.0350000001490116,0.0399999991059303,0.0416618399322032,45388,spatial_patch,0.01,1
paviau_74559_spatial_patch_0.01000,0.9041418433189392,0.6380964517593384,0.3731831312179565,0.6018713116645813,0.5057769417762756,0.695249617099762,0.6000000238418579,0.0607421919703483,0.3140700459480285,0.7180705666542053,0.4000000059604645,1,0.025000000372529,0.2083377391099929,0.1302745938301086,0.0315104648470878,74559,spatial_patch,0.01,1
paviau_117502_spatial_patch_0.01000,0.5962056517601013,0.4344750940799713,0.0242275558412075,0.975000023841858,0.3310957252979278,0.1092979460954666,0.800000011920929,0.0143550429493188,0.3115487396717071,0.868950605392456,0.800000011920929,1,0.025000000372529,0.2908821702003479,0.4070516526699066,0.633305013179779,117502,spatial_patch,0.01,0
paviau_151880_spatial_patch_0.01000,0.9349265694618224,0.3336644470691681,0.4207356572151184,0.5076731443405151,0.9649999737739564,0.959999978542328,0.6000000238418579,0.2217806279659271,0.5459817051887512,0.8517480492591858,0.4000000059604645,7,0.4031126201152801,0.0350000001490116,0.0399999991059303,0.269843578338623,151880,spatial_patch,0.01,0
paviau_32667_spatial_patch_0.01000,0.5594357848167419,0.1684842258691787,0.1778713166713714,0.4564461708068847,0.9543828368186952,0.3262996077537536,1.0,0.1504182517528534,0.4808195829391479,0.7023856043815613,0.2000000029802322,5,0.3505998253822326,0.0385354645550251,0.2847176790237427,0.0128329349681735,32667,spatial_patch,0.01,0
paviau_18391_spatial_patch_0.01000,0.7495304346084595,0.5796710252761841,0.6275596022605896,0.6587218046188354,0.9142525792121888,0.9262638688087464,0.4000000059604645,0.0458610132336616,0.4283910393714905,0.7349475026130676,0.4000000059604645,0,0.3412782251834869,0.0520586594939231,0.0508503504097461,0.0501793958246707,18391,spatial_patch,0.01,1
paviau_141582_spatial_patch_0.01000,0.6978669762611389,0.4437274932861328,0.3552058041095733,0.4717586040496826,0.9649999737739564,0.6756475567817688,0.4000000059604645,0.0440534465014934,0.4910353422164917,0.991920530796051,0.4000000059604645,0,0.3417316377162933,0.0350000001490116,0.1374916434288025,0.0886909961700439,141582,spatial_patch,0.01,1
paviau_122920_spatial_patch_0.01000,0.9279513955116272,0.2425681799650192,0.6310833096504211,0.662138819694519,0.9649999737739564,0.959999978542328,0.800000011920929,0.2987342178821563,0.2636096775531769,0.4887087941169739,0.2000000029802322,5,0.3378611803054809,0.0350000001490116,0.0399999991059303,0.0037880304735153,122920,spatial_patch,0.01,1
paviau_188615_spatial_patch_0.01000,0.8383490443229675,0.6689222455024719,0.4904662072658539,0.6610093712806702,0.9649999737739564,0.6044016480445862,0.2000000029802322,0.021659180521965,0.2903109788894653,0.6618223786354065,0.2000000029802322,5,0.3389905989170074,0.0350000001490116,0.1644780486822128,0.0111259957775473,188615,spatial_patch,0.01,0
paviau_98355_spatial_patch_0.01000,0.4951001107692718,0.4190800487995147,0.2402085065841674,0.975000023841858,0.9649999737739564,0.3897561430931091,0.6000000238418579,0.1807592809200287,0.5142760872840881,0.9760746955871582,0.4000000059604645,7,0.025000000372529,0.0350000001490116,0.2546783983707428,0.0060825557447969,98355,spatial_patch,0.01,1
paviau_171556_spatial_patch_0.01000,0.9987181425094604,0.9858118295669556,1.0,0.975000023841858,0.9649999737739564,0.959999978542328,0.0,0.00443692272529,0.0366415753960609,0.026227094233036,0.0,1,0.025000000372529,0.0350000001490116,0.0399999991059303,0.0,171556,spatial_patch,0.01,1
paviau_204226_spatial_patch_0.01000,0.996842622756958,0.9787612557411194,1.0,0.975000023841858,0.9649999737739564,0.959999978542328,0.0,0.0044624083675444,0.0474813692271709,0.0421942323446273,0.0,1,0.025000000372529,0.0350000001490116,0.0399999991059303,0.0,204226,spatial_patch,0.01,1
paviau_139481_spatial_patch_0.01000,0.9058957099914552,0.3390021324157715,0.4453346133232116,0.6572623252868652,0.8885036706924438,0.5687806606292725,0.6000000238418579,0.2007898688316345,0.6507696509361267,0.9316239953041076,0.6000000238418579,0,0.3427376449108124,0.0608738288283348,0.1784522980451584,0.0514687933027744,139481,spatial_patch,0.01,0
paviau_60025_spatial_patch_0.01000,0.7539822459220886,0.2223580181598663,0.2433647364377975,0.3716013729572296,0.9649999737739564,0.8515134453773499,0.800000011920929,0.1838628500699997,0.4606836438179016,0.6508848667144775,0.4000000059604645,6,0.3368186056613922,0.0350000001490116,0.0755180642008781,0.6314628720283508,60025,spatial_patch,0.01,0
paviau_191251_spatial_patch_0.01000,0.9995757937431335,0.9684250950813292,0.6066247820854187,0.6382017135620117,0.9649999737739564,0.959999978542328,0.0,0.0106704495847225,0.0683066993951797,0.0601519420742988,0.0,1,0.3617982864379883,0.0350000001490116,0.0399999991059303,0.0418274626135826,191251,spatial_patch,0.01,1
paviau_97792_spatial_patch_0.01000,0.4083167612552643,0.5255967378616333,0.0070485430769622,0.6759338974952698,0.1077242791652679,0.0586098171770572,0.4000000059604645,0.0559405237436294,0.3581866025924682,0.9319037795066832,0.4000000059604645,1,0.3240661323070526,0.4250636994838714,0.4426766335964203,0.3567482531070709,97792,spatial_patch,0.01,0
paviau_84437_spatial_patch_0.01000,0.9700904488563538,0.5290064215660095,1.0,0.975000023841858,0.9649999737739564,0.959999978542328,0.6000000238418579,0.1519252657890319,0.3376396000385284,0.932343065738678,0.6000000238418579,1,0.025000000372529,0.0350000001490116,0.0399999991059303,0.0,84437,spatial_patch,0.01,1
paviau_198367_spatial_patch_0.01000,0.954054832458496,0.4277110695838928,0.588024377822876,0.6196433305740356,0.9649999737739564,0.936263918876648,0.6000000238418579,0.1948162317276001,0.3123122453689575,0.8558367490768433,0.4000000059604645,1,0.3803566694259643,0.0350000001490116,0.047616496682167,0.0617382414638996,198367,spatial_patch,0.01,1
paviau_187434_spatial_patch_0.01000,0.5413715243339539,0.4824595153331756,0.374093621969223,0.6755377650260925,0.666888415813446,0.5102723240852356,0.4000000059604645,0.1698972433805465,0.5917195677757263,0.752390444278717,0.4000000059604645,7,0.3244622051715851,0.1419411450624466,0.2021855264902115,0.0096994871273636,187434,spatial_patch,0.01,1
paviau_58564_spatial_patch_0.01000,0.99006325006485,0.9250062704086304,1.0,0.975000023841858,0.9649999737739564,0.959999978542328,0.0,0.0163225978612899,0.1215744167566299,0.1499029695987701,0.0,1,0.025000000372529,0.0350000001490116,0.0399999991059303,0.00053130305605,58564,spatial_patch,0.01,1
paviau_99823_spatial_patch_0.01000,0.9731819033622742,0.5422896146774292,0.6395405530929565,0.6702976822853088,0.9649999737739564,0.959999978542328,0.6000000238418579,0.1698779463768005,0.3319042026996612,0.9086976051330566,0.4000000059604645,5,0.3297022879123688,0.0350000001490116,0.0399999991059303,6.920279702171683e-05,99823,spatial_patch,0.01,1
paviau_128231_spatial_patch_0.01000,0.9405306577682496,0.1946125775575637,0.3544851243495941,0.4710740447044372,0.9649999737739564,0.9351087808609008,0.800000011920929,0.3439743220806122,0.6702612638473511,0.8188179731369019,0.6000000238418579,0,0.3426868617534637,0.0350000001490116,0.0479892678558826,0.1789297759532928,128231,spatial_patch,0.01,0
paviau_183085_spatial_patch_0.01000,0.9972878694534302,0.9866358637809752,1.0,0.975000023841858,0.9649999737739564,0.959999978542328,0.0,0.0037766210734844,0.0322881452739238,0.0267282370477914,0.0,3,0.025000000372529,0.0350000001490116,0.0399999991059303,0.0,183085,spatial_patch,0.01,1
paviau_177027_spatial_patch_0.01000,0.8706526756286621,0.2566975355148315,0.6276813745498657,0.6588400602340698,0.9649999737739564,0.7220767736434937,1.0,0.2139353603124618,0.2592424154281616,0.5133978128433228,0.0,5,0.3411599695682525,0.0350000001490116,0.1205325871706008,0.0135953947901725,177027,spatial_patch,0.01,0
paviau_203582_spatial_patch_0.01000,0.9410197734832764,0.9931107759475708,0.8884265422821045,0.975000023841858,0.9649999737739564,0.8874143362045288,0.0,0.0122346626594662,0.018732625991106,0.0137784089893102,0.0,1,0.025000000372529,0.0350000001490116,0.0635592937469482,0.0003169748815707,203582,spatial_patch,0.01,1
paviau_27580_spatial_patch_0.01000,0.8264519572257996,0.5579156875610352,0.3417825996875763,0.4903086423873901,0.9649999737739564,0.4826376736164093,0.4000000059604645,0.0517201572656631,0.3124074041843414,0.884168267250061,0.4000000059604645,1,0.4007771611213684,0.0350000001490116,0.2137637436389923,0.0464802421629428,27580,spatial_patch,0.01,1
paviau_201120_spatial_patch_0.01000,0.9958086013793944,0.5853003859519958,0.5780121088027954,0.6095209121704102,0.9649999737739564,0.959999978542328,0.4000000059604645,0.1614421010017395,0.3135606944561004,0.8278082013130188,0.4000000059604645,1,0.3904790878295898,0.0350000001490116,0.0399999991059303,0.0053507862612605,201120,spatial_patch,0.01,1
paviau_159901_spatial_patch_0.01000,0.446067750453949,0.4903973340988159,0.1326611489057541,0.471027135848999,0.4652912318706512,0.275349497795105,0.6000000238418579,0.0183164682239294,0.516281247138977,0.8081931471824646,0.6000000238418579,0,0.3427528440952301,0.2263257950544357,0.3103365898132324,0.1010848730802536,159901,spatial_patch,0.01,0
paviau_76268_spatial_patch_0.01000,0.6438496708869934,0.4649010598659515,0.1123834401369094,0.4995731711387634,0.4513107240200043,0.2505200803279876,0.6000000238418579,0.0289424061775207,0.4107437431812286,0.982755959033966,0.4000000059604645,1,0.025000000372529,0.2326806038618087,0.3233852088451385,0.0452734157443046,76268,spatial_patch,0.01,1
paviau_96052_spatial_patch_0.01000,0.948115885257721,0.551513671875,0.1498701572418213,0.6388834118843079,0.4880471527576446,0.2953687310218811,0.4000000059604645,0.1817850917577743,0.391403317451477,0.8581486344337463,0.4000000059604645,5,0.3611166179180145,0.2161416411399841,0.3000944852828979,0.1077981069684028,96052,spatial_patch,0.01,1
paviau_169805_spatial_patch_0.02000,0.6982271671295166,0.8331118822097778,0.4343113601207733,0.975000023841858,0.5568650960922241,0.8979171514511108,0.0,0.0785426944494247,0.3014364838600158,0.2467538565397262,0.0,7,0.025000000372529,0.1864470243453979,0.060100220143795,0.0074189533479511,169805,spatial_patch,0.02,1
paviau_174276_spatial_patch_0.02000,0.998164713382721,0.6248142719268799,0.5116080641746521,0.544176459312439,0.9649999737739564,0.959999978542328,0.4000000059604645,0.1510767042636871,0.4808867573738098,0.5477028489112854,0.4000000059604645,1,0.4513023197650909,0.0350000001490116,0.0399999991059303,0.139670267701149,174276,spatial_patch,0.02,1
paviau_114476_spatial_patch_0.02000,0.6460040807723999,0.5526092052459717,0.0129070365801453,0.5576597452163696,0.339760959148407,0.079233631491661,0.4000000059604645,0.0070453626103699,0.3129414916038513,0.8947815299034119,0.4000000059604645,1,0.4423402547836303,0.2864463925361633,0.4276986718177795,0.250174343585968,114476,spatial_patch,0.02,0
paviau_32047_spatial_patch_0.02000,0.7991133332252502,0.9411721229553224,0.2622560262680053,0.975000023841858,0.9083821177482604,0.4108434319496155,0.0,0.0274152532219886,0.1018357276916503,0.1176536679267883,0.0,1,0.025000000372529,0.054058700799942,0.2450954616069793,0.0353769436478614,32047,spatial_patch,0.02,1
paviau_42992_spatial_patch_0.02000,0.9093061089515686,0.6745706796646118,0.5179309844970703,0.546663761138916,0.7098146677017212,0.742355227470398,0.2000000029802322,0.0460247658193111,0.2901636660099029,0.6499587297439575,0.2000000029802322,1,0.4533362090587616,0.1254262030124664,0.1132683753967285,0.1117809116840362,42992,spatial_patch,0.02,0
paviau_205092_spatial_patch_0.02000,0.9009161591529846,0.1115472018718719,0.589137077331543,0.975000023841858,0.9649999737739564,0.6791554093360901,1.0,0.3806948661804199,0.1612438410520553,0.2236347645521164,0.0,5,0.025000000372529,0.0350000001490116,0.1361938416957855,0.0329753682017326,205092,spatial_patch,0.02,0
paviau_205463_spatial_patch_0.02000,0.941688597202301,0.402508795261383,0.7161312103271484,0.975000023841858,0.9649999737739564,0.7703760266304016,0.800000011920929,0.1920803487300872,0.3088928759098053,0.8055713772773743,0.2000000029802322,5,0.025000000372529,0.0350000001490116,0.1033659875392913,0.0756421163678169,205463,spatial_patch,0.02,0
paviau_188271_spatial_patch_0.02000,0.9877947568893432,0.3711307942867279,0.5160365700721741,0.5446188449859619,0.9649999737739564,0.959999978542328,0.6000000238418579,0.2771185934543609,0.5201064348220825,0.9859292507171632,0.6000000238418579,5,0.4553811848163605,0.0350000001490116,0.0399999991059303,0.1589467674493789,188271,spatial_patch,0.02,0
paviau_151983_spatial_patch_0.02000,0.8772172927856445,0.2212423384189605,0.5160850286483765,0.5446710586547852,0.8705991506576538,0.9304975271224976,0.800000011920929,0.2740481197834015,0.7004357576370239,0.9282378554344176,0.6000000238418579,0,0.4553289413452148,0.0670698210597038,0.0494794137775898,0.1658797711133957,151983,spatial_patch,0.02,0
paviau_53119_spatial_patch_0.02000,0.8399170637130737,0.9069954752922058,0.3525125980377197,0.975000023841858,0.9617338180541992,0.4919002652168274,0.0,0.0089479638263583,0.1616733819246292,0.1741382032632827,0.0,1,0.025000000372529,0.0360857844352722,0.2098550498485565,0.0251313913613557,53119,spatial_patch,0.02,1
paviau_13719_spatial_patch_0.02000,0.5956230759620667,0.0020291754044592,0.0707202106714248,0.1773569732904434,0.9649999737739564,0.4859946966171264,1.0,0.4306762516498565,0.7269555926322937,0.89400714635849,0.800000011920929,6,0.4650093019008636,0.0350000001490116,0.2123438119888305,0.6076420545578003,13719,spatial_patch,0.02,0
paviau_177027_spatial_patch_0.02000,0.9910503625869752,0.6878073215484619,0.5197857022285461,0.5486618876457214,0.9649999737739564,0.959999978542328,0.4000000059604645,0.1133765578269958,0.2828570902347564,0.6243167519569397,0.4000000059604645,5,0.4513381123542785,0.0350000001490116,0.0399999991059303,0.1680974066257476,177027,spatial_patch,0.02,0
paviau_62707_spatial_patch_0.02000,0.9954760670661926,0.9987707734107972,0.5016506910324097,0.5289536118507385,0.9649999737739564,0.959999978542328,0.0,0.00167985947337,0.0048475922085344,0.0018624694785103,0.0,4,0.4710463881492615,0.0350000001490116,0.0399999991059303,0.3279103636741638,62707,spatial_patch,0.02,1
paviau_53412_spatial_patch_0.02000,0.6110244393348694,0.672807514667511,0.1911820918321609,0.3912076652050018,0.3352890610694885,0.6644899249076843,0.4000000059604645,0.1202773600816726,0.3954094052314758,0.5575791001319885,0.6000000238418579,7,0.4541288614273071,0.2887303233146667,0.1416381895542144,0.3452115356922149,53412,spatial_patch,0.02,1
paviau_184325_spatial_patch_0.02000,0.8681561350822449,0.1046072319149971,1.0,0.975000023841858,0.9649999737739564,0.959999978542328,1.0,0.442177265882492,0.171012282371521,0.215144008398056,0.0,2,0.025000000372529,0.0350000001490116,0.0399999991059303,0.0,184325,spatial_patch,0.02,0
paviau_109946_spatial_patch_0.02000,0.6556145548820496,0.174962118268013,0.5178982019424438,0.975000023841858,0.9649999737739564,0.6255849003791809,1.0,0.1388167589902877,0.2421536892652511,0.3629646003246307,0.0,0,0.025000000372529,0.0350000001490116,0.1563250422477722,0.0035535166971385,109946,spatial_patch,0.02,0
paviau_185148_spatial_patch_0.02000,0.976054310798645,0.5713441371917725,0.5232759714126587,0.5524117946624756,0.9649999737739564,0.959999978542328,0.4000000059604645,0.1463130712509155,0.3544734418392181,0.8362412452697754,0.4000000059604645,1,0.4475882351398468,0.0350000001490116,0.0399999991059303,0.1222201064229011,185148,spatial_patch,0.02,1
paviau_56853_spatial_patch_0.02000,0.7132657170295715,0.1648956835269928,0.3107191920280456,0.975000023841858,0.9649999737739564,0.4552972614765167,1.0,0.1872280836105346,0.2048825919628143,0.3300375044345855,0.0,5,0.025000000372529,0.0350000001490116,0.225472554564476,0.0113082826137542,56853,spatial_patch,0.02,0
paviau_96394_spatial_patch_0.02000,0.5554299354553223,0.0727432742714881,0.2006030231714248,0.3287599980831146,0.3451199531555176,0.3919409811496734,1.0,0.2024560421705246,0.3590747117996216,0.4506433606147766,0.800000011920929,2,0.4474565088748932,0.2837238609790802,0.2536768317222595,0.3180765807628631,96394,spatial_patch,0.02,0
paviau_195341_spatial_patch_0.02000,0.9975864887237548,0.9924177527427672,1.0,0.975000023841858,0.9649999737739564,0.959999978542328,0.0,0.0020945842843502,0.0217576958239078,0.0140091683715581,0.0,1,0.025000000372529,0.0350000001490116,0.0399999991059303,0.0,195341,spatial_patch,0.02,1
paviau_71844_spatial_patch_0.02000,0.7667636871337891,0.2741095125675201,0.0226321313530206,0.2442788928747177,0.1020039916038513,0.3190637230873108,0.6000000238418579,0.3021251857280731,0.4410157799720764,0.6421430110931396,0.4000000059604645,1,0.4490803480148315,0.4292193651199341,0.2882684767246246,0.2180164754390716,71844,spatial_patch,0.02,1
paviau_57520_spatial_patch_0.02000,0.9698196053504944,0.1904348134994506,0.5265474915504456,0.5559141635894775,0.9649999737739564,0.959999978542328,1.0,0.3809748888015747,0.6205053329467773,0.971333920955658,0.4000000059604645,2,0.4440858364105224,0.0350000001490116,0.0399999991059303,0.1772601008415222,57520,spatial_patch,0.02,0
paviau_101866_spatial_patch_0.02000,0.5323682427406311,0.7353625893592834,0.0136284455657005,0.5729007720947266,0.1870110481977462,0.0814380496740341,0.2000000029802322,0.0269188359379768,0.2704064548015594,0.526305079460144,0.2000000029802322,1,0.4270992577075958,0.3720501959323883,0.4261393249034881,0.2393826842308044,101866,spatial_patch,0.02,0
paviau_168172_spatial_patch_0.02000,0.961738109588623,0.7334173917770386,0.514903724193573,0.5433938503265381,0.9649999737739564,0.959999978542328,0.2000000029802322,0.0727028399705886,0.2639467120170593,0.5331547856330872,0.2000000029802322,5,0.4566061198711395,0.0350000001490116,0.0399999991059303,0.1094867959618568,168172,spatial_patch,0.02,0
paviau_68780_spatial_patch_0.02000,0.9309753179550172,0.4667098224163055,0.3187576234340668,0.8644871711730957,0.4581935703754425,0.7689245939254761,0.6000000238418579,0.1785595268011093,0.3318993151187897,0.9398206472396852,0.4000000059604645,1,0.025000000372529,0.229542464017868,0.1038751602172851,0.0384132824838161,68780,spatial_patch,0.02,1
paviau_206957_spatial_patch_0.02000,0.9577227234840392,0.2654482126235962,0.5249583721160889,0.5542144179344177,0.9487093687057496,0.9599418044090272,0.800000011920929,0.2934055924415588,0.2797033190727234,0.5371203422546387,0.2000000029802322,1,0.4457855820655823,0.0404318384826183,0.0400185659527778,0.1081985682249069,206957,spatial_patch,0.02,1
paviau_180644_spatial_patch_0.02000,0.5092998743057251,0.2925837934017181,0.221642717719078,0.5462192893028259,0.5095152258872986,0.371502935886383,0.800000011920929,0.250270664691925,0.5135428309440613,0.7784230709075928,0.4000000059604645,7,0.446575254201889,0.2067064195871353,0.2631272673606872,0.3888627290725708,180644,spatial_patch,0.02,1
paviau_206974_spatial_patch_0.02000,0.9742804169654846,0.9825069308280944,0.7746136784553528,0.975000023841858,0.9649999737739564,0.8108667731285095,0.0,0.0089434655383229,0.0401036217808723,0.0349861234426498,0.0,1,0.025000000372529,0.0350000001490116,0.089320920407772,0.0,206974,spatial_patch,0.02,1
paviau_108672_spatial_patch_0.02000,0.8150472640991211,0.3377269208431244,0.0644582659006118,0.5656116008758545,0.6232679486274719,0.1838840246200561,0.800000011920929,0.1731448620557785,0.5226407647132874,0.991345763206482,0.800000011920929,1,0.4343883693218231,0.1591899991035461,0.3605877161026001,0.2316280603408813,108672,spatial_patch,0.02,0
paviau_87416_spatial_patch_0.02000,0.9054567813873292,0.3586495816707611,0.8169615268707275,0.975000023841858,0.8896681070327759,0.8396753668785095,0.6000000238418579,0.1857581436634063,0.3070171773433685,0.7205032706260681,0.4000000059604645,3,0.025000000372529,0.0604727752506732,0.0795085132122039,0.009057980030775,87416,spatial_patch,0.02,1
paviau_142048_spatial_patch_0.02000,0.9929552674293518,0.96583753824234,0.97251158952713,0.9541369676589966,0.9649999737739564,0.959999978542328,0.0,0.0090416083112359,0.0677798017859458,0.0683249160647392,0.0,3,0.0458630137145519,0.0350000001490116,0.0399999991059303,0.0,142048,spatial_patch,0.02,1
paviau_48626_spatial_patch_0.02000,0.7877140045166016,0.1019676253199577,0.3518681228160858,0.975000023841858,0.9649999737739564,0.4913464188575744,1.0,0.2989230751991272,0.1500069350004196,0.2039515525102615,0.0,5,0.025000000372529,0.0350000001490116,0.2100879698991775,0.0067072049714624,48626,spatial_patch,0.02,0
paviau_69719_spatial_patch_0.02000,0.7481142282485962,0.1171235591173172,0.5796845555305481,0.6457148790359497,0.9649999737739564,0.8066216111183167,1.0,0.272243469953537,0.5733857154846191,0.7683253884315491,0.4000000059604645,6,0.025000000372529,0.0350000001490116,0.0907793045043945,0.1327970921993255,69719,spatial_patch,0.02,0
paviau_186225_spatial_patch_0.02000,0.9202827215194702,0.0813936740159988,1.0,0.975000023841858,0.9649999737739564,0.959999978542328,1.0,0.4298999905586242,0.1284191608428955,0.1627876460552215,0.0,5,0.025000000372529,0.0350000001490116,0.0399999991059303,0.0001048955746227,186225,spatial_patch,0.02,0
paviau_185526_spatial_patch_0.02000,0.615750253200531,0.0840139538049697,0.2035216838121414,0.6031888723373413,0.9004939794540405,0.3531911075115204,1.0,0.1859308183193206,0.1346648931503296,0.1689696013927459,0.0,5,0.025000000372529,0.0567551292479038,0.2717548310756683,0.0167339574545621,185526,spatial_patch,0.02,0
paviau_200155_spatial_patch_0.02000,0.7280210852622986,0.042206335812807,0.3073647022247314,0.975000023841858,0.9649999737739564,0.4522948265075683,1.0,0.2909747064113617,0.0795982331037521,0.0844126939773559,0.0,5,0.025000000372529,0.0350000001490116,0.2267744988203048,0.0392245016992092,200155,spatial_patch,0.02,0
paviau_101038_spatial_patch_0.02000,0.8562802672386169,0.3500613570213318,0.4651287198066711,0.52693772315979,0.8616511225700378,0.6768975257873535,0.6000000238418579,0.1976579129695892,0.5812968015670776,0.977861225605011,0.800000011920929,3,0.4292266070842743,0.0701872631907463,0.1370288878679275,0.2112329751253128,101038,spatial_patch,0.02,1
paviau_140052_spatial_patch_0.02000,0.6305223703384399,0.1797065436840057,0.4060389697551727,0.975000023841858,0.9649999737739564,0.5368876457214355,1.0,0.1179225370287895,0.3455044627189636,0.4252174198627472,0.0,6,0.025000000372529,0.0350000001490116,0.191263198852539,0.0128384782001376,140052,spatial_patch,0.02,0
paviau_189138_spatial_patch_0.02000,0.9846857786178588,0.9101757407188416,1.0,0.975000023841858,0.9649999737739564,0.959999978542328,0.0,0.0192969571799039,0.1375270187854766,0.1796443462371826,0.0,3,0.025000000372529,0.0350000001490116,0.0399999991059303,0.0,189138,spatial_patch,0.02,1
paviau_194054_spatial_patch_0.02000,0.960933804512024,0.0405622571706771,0.5653101801872253,0.975000023841858,0.9649999737739564,0.6614542007446289,1.0,0.5371871590614319,0.0772468596696853,0.0811245590448379,0.0,5,0.025000000372529,0.0350000001490116,0.1427713185548782,0.1128987222909927,194054,spatial_patch,0.02,0
paviau_105412_spatial_patch_0.02000,0.9336705803871156,0.6584525108337402,0.5221965909004211,0.551253616809845,0.9649999737739564,0.959999978542328,0.4000000059604645,0.0940046533942222,0.3886730372905731,0.6119344830513,0.6000000238418579,7,0.4487464129924774,0.0350000001490116,0.0399999991059303,0.360343337059021,105412,spatial_patch,0.02,0
paviau_139414_spatial_patch_0.02000,0.9894465208053588,0.4864823222160339,0.5370986461639404,0.5671297907829285,0.9649999737739564,0.959999978542328,0.4000000059604645,0.2068199962377548,0.5009139180183411,0.9035202264785768,0.4000000059604645,0,0.4328702390193939,0.0350000001490116,0.0399999991059303,0.1202391311526298,139414,spatial_patch,0.02,0
paviau_135624_spatial_patch_0.02000,0.9613974690437316,0.1426979303359985,1.0,0.975000023841858,0.9649999737739564,0.959999978542328,1.0,0.4180114269256592,0.2259519547224044,0.2997238039970398,0.0,6,0.025000000372529,0.0350000001490116,0.0399999991059303,0.0,135624,spatial_patch,0.02,0
paviau_102117_spatial_patch_0.02000,0.9956425428390504,0.957708477973938,1.0,0.975000023841858,0.9649999737739564,0.959999978542328,0.0,0.0116929318755865,0.0836498290300369,0.0827623754739761,0.0,3,0.025000000372529,0.0350000001490116,0.0399999991059303,0.0,102117,spatial_patch,0.02,1
paviau_61971_spatial_patch_0.02000,0.5265602469444275,0.0617012605071067,0.1533091366291046,0.975000023841858,0.7655946016311646,0.2992697656154632,1.0,0.1493143439292907,0.1217251867055893,0.1283358186483383,0.0,5,0.025000000372529,0.104589857161045,0.2981259822845459,0.4509598612785339,61971,spatial_patch,0.02,0
paviau_142261_spatial_patch_0.02000,0.3800133168697357,0.5752810835838318,0.1287727802991867,0.544784665107727,0.9614928364753724,0.2707008123397827,0.4000000059604645,0.0282430723309516,0.5115946531295776,0.6246931552886963,0.4000000059604645,7,0.4552153050899505,0.0361659526824951,0.3127496540546417,0.3313142657279968,142261,spatial_patch,0.02,0
paviau_38915_spatial_patch_0.02000,0.7801332473754883,0.5799983143806458,0.5286929607391357,0.5582045912742615,0.9649999737739564,0.7993302345275879,0.4000000059604645,0.1402079612016677,0.4542236626148224,0.7454482913017273,0.4000000059604645,0,0.4417954087257385,0.0350000001490116,0.0932917818427085,0.1083206236362457,38915,spatial_patch,0.02,1
paviau_63770_spatial_patch_0.02000,0.8400272727012634,0.0120172584429383,0.0915742814540863,0.2069943249225616,0.9649999737739564,0.959999978542328,1.0,0.4621189832687378,0.4974421262741089,0.7566226720809937,0.4000000059604645,6,0.455284059047699,0.0350000001490116,0.0399999991059303,0.8211881518363953,63770,spatial_patch,0.02,0
paviau_79782_spatial_patch_0.02000,0.9968464970588684,0.9999575018882751,1.0,0.975000023841858,0.9649999737739564,0.959999978542328,0.0,0.0010046274401247,0.0002204395277658,8.098660327959806e-05,0.0,3,0.025000000372529,0.0350000001490116,0.0399999991059303,0.0,79782,spatial_patch,0.02,1
paviau_194015_spatial_patch_0.02000,0.9695147275924684,0.0193046890199184,1.0,0.975000023841858,0.9649999737739564,0.959999978542328,1.0,0.5873633623123169,0.0433828830718994,0.0386093966662883,0.0,5,0.025000000372529,0.0350000001490116,0.0399999991059303,0.0468861758708953,194015,spatial_patch,0.02,0
paviau_99790_spatial_patch_0.02000,0.8803401589393616,0.8898763656616211,0.3314454555511474,0.5457197427749634,0.4694885313510895,0.534381628036499,0.0,0.0103794522583484,0.1872987747192382,0.2031322568655014,0.0,5,0.454280287027359,0.2244327068328857,0.192282423377037,0.1082615852355957,99790,spatial_patch,0.02,1
paviau_111631_spatial_patch_0.02000,0.6790320873260498,0.3147015571594238,0.1523061543703079,0.5612606406211853,0.2929290235042572,0.8152337670326233,0.800000011920929,0.2577758431434631,0.597297728061676,0.9981139898300172,0.4000000059604645,7,0.4387393593788147,0.3109440803527832,0.0878240838646888,0.4348483979701996,111631,spatial_patch,0.02,0
paviau_195362_spatial_patch_0.02000,0.8924292325973511,0.0321807228028774,0.2029388546943664,0.975000023841858,0.9649999737739564,0.3525932729244232,1.0,0.4583256840705871,0.0647384673357009,0.0643615126609802,0.0,5,0.025000000372529,0.0350000001490116,0.2720391452312469,0.0787069201469421,195362,spatial_patch,0.02,0
paviau_101873_spatial_patch_0.02000,0.6436746120452881,0.4429216384887695,0.0890861228108406,0.5622529983520508,0.3766790628433227,0.2198522090911865,0.6000000238418579,0.1171151995658874,0.4923312664031982,0.8648167848587036,0.6000000238418579,1,0.4377469718456268,0.2679980099201202,0.3400821089744568,0.2404094040393829,101873,spatial_patch,0.02,0
paviau_118533_spatial_patch_0.02000,0.9283426403999328,0.4137154519557953,0.5151057839393616,0.5436124801635742,0.9649999737739564,0.6404612064361572,0.6000000238418579,0.1851175129413604,0.5591861009597778,0.8583748936653137,0.6000000238418579,1,0.4563875496387481,0.0350000001490116,0.1506662964820861,0.1215092837810516,118533,spatial_patch,0.02,0
paviau_67422_spatial_patch_0.02000,0.7503852844238281,0.3431854248046875,0.3194071352481842,0.540077269077301,0.873801052570343,0.4630265235900879,0.6000000238418579,0.1790546327829361,0.5071843266487122,0.9379258751869202,0.6000000238418579,5,0.459922730922699,0.0659576952457428,0.2221358269453048,0.0870603248476982,67422,spatial_patch,0.02,0
paviau_184069_spatial_patch_0.02000,0.997735857963562,0.7082899212837219,0.518482506275177,0.5472583174705505,0.9649999737739564,0.959999978542328,0.2000000029802322,0.1130536422133445,0.2850719690322876,0.5790514349937439,0.2000000029802322,1,0.4527416825294494,0.0350000001490116,0.0399999991059303,0.1214305758476257,184069,spatial_patch,0.02,1
paviau_32778_spatial_patch_0.02000,0.9588276743888856,0.895214855670929,1.0,0.975000023841858,0.9649999737739564,0.959999978542328,0.2000000029802322,0.0168729368597269,0.1526817381381988,0.2095700353384018,0.2000000029802322,3,0.025000000372529,0.0350000001490116,0.0399999991059303,0.0,32778,spatial_patch,0.02,1
paviau_186334_spatial_patch_0.02000,0.8202204704284668,0.5758164525032043,0.5267484188079834,0.5561289191246033,0.9649999737739564,0.959999978542328,0.4000000059604645,0.1833192110061645,0.3910793662071228,0.8106693029403687,0.4000000059604645,0,0.4438710808753967,0.0350000001490116,0.0399999991059303,0.1820763647556305,186334,spatial_patch,0.02,1
paviau_47088_spatial_patch_0.02000,0.97110915184021,0.9828237295150756,1.0,0.975000023841858,0.9649999737739564,0.959999978542328,0.0,0.0036447255406528,0.0498612858355045,0.0266353860497474,0.0,0,0.025000000372529,0.0350000001490116,0.0399999991059303,0.0,47088,spatial_patch,0.02,1
paviau_108239_spatial_patch_0.02000,0.5888239741325378,0.2470760345458984,0.2068036049604416,0.4117046892642975,0.5513647794723511,0.3565467298030853,0.800000011920929,0.1570596843957901,0.6142762899398804,0.8646594285964966,0.6000000238418579,6,0.4515227079391479,0.1887633800506591,0.2701621055603027,0.3067090511322021,108239,spatial_patch,0.02,1
paviau_26216_spatial_patch_0.02000,0.7189414501190186,0.09621362388134,0.3925465047359466,0.6987500190734863,0.9649999737739564,0.5257265567779541,1.0,0.2255240082740783,0.1441994160413742,0.1924390941858291,0.0,5,0.025000000372529,0.0350000001490116,0.1958170086145401,0.0110891107469797,26216,spatial_patch,0.02,0
paviau_204490_spatial_patch_0.02000,0.5743056535720825,0.92347514629364,0.0719170644879341,0.5376858115196228,0.4251070022583008,0.1952637284994125,0.0,0.115485668182373,0.1412124782800674,0.1365536451339721,0.0,1,0.4437085390090942,0.2448035925626754,0.3539837896823883,0.1697384268045425,204490,spatial_patch,0.02,1
paviau_75014_spatial_patch_0.02000,0.9735649228096008,0.9915431141853333,0.7196286916732788,0.975000023841858,0.7735390663146973,0.8057506084442139,0.0,0.0090959891676902,0.0227888766676187,0.0166178829967975,0.0,3,0.025000000372529,0.1016760990023613,0.0910789296030998,0.0024137364234775,75014,spatial_patch,0.02,1
paviau_172607_spatial_patch_0.02000,0.6984239220619202,0.2961109578609466,0.1538019925355911,0.3804345428943634,0.4616932272911072,0.2998262941837311,0.800000011920929,0.084622822701931,0.2765799760818481,0.5922367572784424,0.2000000029802322,1,0.4902697205543518,0.2279539704322815,0.2978458404541015,0.1368178576231002,172607,spatial_patch,0.02,1
paviau_161370_spatial_patch_0.02000,0.9913502931594848,0.9883496165275574,1.0,0.975000023841858,0.9649999737739564,0.959999978542328,0.0,0.0023716094437986,0.0288800708949565,0.0233008135110139,0.0,3,0.025000000372529,0.0350000001490116,0.0399999991059303,0.0,161370,spatial_patch,0.02,1
paviau_94379_spatial_patch_0.02000,0.7120396494865417,0.3199311792850494,0.3009866774082184,0.9682244062423706,0.6573721170425415,0.4465575814247131,0.800000011920929,0.2270614206790924,0.2914972901344299,0.6416583061218262,0.2000000029802322,5,0.031775563955307,0.1456627249717712,0.2292714715003967,0.350765973329544,94379,spatial_patch,0.02,1
paviau_198293_spatial_patch_0.02000,0.9603838324546814,0.0328321754932403,0.1526526510715484,0.2809396684169769,0.9649999737739564,0.959999978542328,1.0,0.5470256805419922,0.4447884261608124,0.8433765769004822,0.4000000059604645,6,0.4511385560035705,0.0350000001490116,0.0399999991059303,0.786553680896759,198293,spatial_patch,0.02,0
paviau_177897_spatial_patch_0.02000,0.8427731394767761,0.2055418789386749,0.5313994884490967,0.561086893081665,0.9649999737739564,0.8858041167259216,0.800000011920929,0.2998317182064056,0.6141181588172913,0.9429224133491516,0.6000000238418579,2,0.4389131069183349,0.0350000001490116,0.0640911683440208,0.3122259676456451,177897,spatial_patch,0.02,0
paviau_159979_spatial_patch_0.02000,0.9651181101799012,0.5253154635429382,0.5215270519256592,0.5505344867706299,0.9649999737739564,0.959999978542328,0.2000000029802322,0.1780309528112411,0.4877613186836242,0.817289412021637,0.800000011920929,7,0.4494655132293701,0.0350000001490116,0.0399999991059303,0.4226713180541992,159979,spatial_patch,0.02,0
paviau_115617_spatial_patch_0.02000,0.7431069016456604,0.5800855755805969,0.5308003425598145,0.560449481010437,0.9649999737739564,0.959999978542328,0.0,0.0254201088100671,0.4008187055587768,0.7687285542488098,0.0,7,0.4395505487918854,0.0350000001490116,0.0399999991059303,0.2192238569259643,115617,spatial_patch,0.02,0
paviau_204881_spatial_patch_0.02000,0.7853448987007141,0.2977589964866638,0.2615532577037811,0.3844108879566192,0.5534608960151672,0.4101803600788116,0.6000000238418579,0.1278177946805954,0.2805386483669281,0.5965024828910828,0.4000000059604645,1,0.4948389530181885,0.1878795325756073,0.2453939914703369,0.1078571751713752,204881,spatial_patch,0.02,1
paviau_34752_spatial_patch_0.02000,0.9283412098884584,0.9493710398674012,0.7457346320152283,0.975000023841858,0.9649999737739564,0.7909792065620422,0.0,0.0053089396096765,0.0911967679858207,0.1012566089630127,0.0,1,0.025000000372529,0.0350000001490116,0.0961813405156135,0.0029398866463452,34752,spatial_patch,0.02,1
paviau_199442_spatial_patch_0.02000,0.95786052942276,0.5619860291481018,0.518487274646759,0.547263503074646,0.9649999737739564,0.959999978542328,0.6000000238418579,0.1336353570222854,0.3154047131538391,0.8749507069587708,0.4000000059604645,5,0.452736496925354,0.0350000001490116,0.0399999991059303,0.2030478417873382,199442,spatial_patch,0.02,0
paviau_109342_spatial_patch_0.02000,0.5935638546943665,0.3123454749584198,0.0154166230931878,0.9661141633987428,0.3371214568614959,0.0866846144199371,1.0,0.0427874289453029,0.2843809127807617,0.6251179575920105,0.0,1,0.025000000372529,0.2877931296825409,0.4224584102630615,0.6381241679191589,109342,spatial_patch,0.02,0
paviau_16105_spatial_patch_0.02000,0.666857898235321,0.9882190823554992,0.5202872157096863,0.6987494230270386,0.8973352909088135,0.6274141669273376,0.0,0.1202149018645286,0.0357299521565437,0.0177692156285047,0.0,0,0.025000000372529,0.0578378066420555,0.1556262820959091,0.010342102497816,16105,spatial_patch,0.02,1
paviau_158886_spatial_patch_0.02000,0.940197765827179,0.6722107529640198,0.2817296087741852,0.3975809812545776,0.9649999737739564,0.959999978542328,0.2000000029802322,0.0736475810408592,0.4506839513778686,0.4990928173065185,0.2000000029802322,0,0.4452358484268188,0.0350000001490116,0.0399999991059303,0.4074420034885406,158886,spatial_patch,0.02,0
paviau_148030_spatial_patch_0.02000,0.8846502304077148,0.1616242229938507,0.5309132933616638,0.560569703578949,0.9649999737739564,0.863572895526886,1.0,0.3632733523845672,0.5626170635223389,0.897979199886322,0.4000000059604645,2,0.439430296421051,0.0350000001490116,0.071477323770523,0.3527096807956695,148030,spatial_patch,0.02,0
paviau_22133_spatial_patch_0.02000,0.9879277348518372,0.4187962412834167,0.5176308155059814,0.5463399887084961,0.9649999737739564,0.959999978542328,0.6000000238418579,0.2436416149139404,0.4954415261745453,0.9428383111953736,0.6000000238418579,5,0.4536600112915039,0.0350000001490116,0.0399999991059303,0.1480744928121566,22133,spatial_patch,0.02,0
paviau_77339_spatial_patch_0.02000,0.9962170720100404,0.9995404481887816,1.0,0.975000023841858,0.9649999737739564,0.959999978542328,0.0,0.0012674166355282,0.0019129910506308,0.0008402614039368,0.0,4,0.025000000372529,0.0350000001490116,0.0399999991059303,0.0,77339,spatial_patch,0.02,1
paviau_103137_spectral_structured_0.00500,0.9982224106788636,0.8553251028060913,0.9164356589317322,0.91055566072464,0.9649999737739564,0.959999978542328,0.0,0.0508477352559566,0.2359880357980728,0.253208726644516,0.0,3,0.0894443169236183,0.0350000001490116,0.0399999991059303,0.0,103137,spectral_structured,0.005,1
paviau_206969_spectral_structured_0.00500,0.9993950128555298,0.9735632538795472,0.7735489010810852,0.7924515008926392,0.9649999737739564,0.959999978542328,0.0,0.0087240487337112,0.0584455095231533,0.0511813275516033,0.0,1,0.207548514008522,0.0350000001490116,0.0399999991059303,0.0,206969,spectral_structured,0.005,1
paviau_186200_spectral_structured_0.00500,0.6205943822860718,0.96082866191864,0.0843591019511222,0.939915120601654,0.2503096759319305,0.213278129696846,0.0,0.0989191904664039,0.0752326622605323,0.0783426538109779,0.0,1,0.0600848719477653,0.3344694077968597,0.3437517583370209,0.5883211493492126,186200,spectral_structured,0.005,1
paviau_30957_spectral_structured_0.00500,0.8762564659118652,0.9297040700912476,0.4558391869068146,0.810032844543457,0.6082146167755127,0.5771626234054565,0.0,0.0337186641991138,0.1223732754588127,0.1375848352909088,0.0,1,0.1428011506795883,0.1652591079473495,0.1751331835985183,0.0180647652596235,30957,spectral_structured,0.005,1
paviau_112067_spectral_structured_0.00500,0.6107039451599121,0.387430727481842,0.0539719574153423,0.975000023841858,0.2785278856754303,0.1669646650552749,0.800000011920929,0.026704866439104,0.3074434101581573,0.7758244872093201,0.800000011920929,1,0.025000000372529,0.3187521994113922,0.3706217110157013,0.6285603046417236,112067,spectral_structured,0.005,0
paviau_201788_spectral_structured_0.00500,0.997431218624115,0.9290469884872437,0.7739517092704773,0.7928004264831543,0.9649999737739564,0.959999978542328,0.0,0.0218890607357025,0.121050901710987,0.1396855413913726,0.0,1,0.2071995586156845,0.0350000001490116,0.0399999991059303,0.0,201788,spectral_structured,0.005,1
paviau_178974_spectral_structured_0.00500,0.9990697503089904,0.965030550956726,0.7232984900474548,0.7481118440628052,0.9649999737739564,0.959999978542328,0.0,0.0120459962636232,0.0713812336325645,0.0687387585639953,0.0,1,0.2518881559371948,0.0350000001490116,0.0399999991059303,0.0,178974,spectral_structured,0.005,1
paviau_205100_spectral_structured_0.00500,0.9422704577445984,0.0903971791267395,1.0,0.975000023841858,0.9649999737739564,0.959999978542328,1.0,0.4330914318561554,0.1450434476137161,0.1827065348625183,0.0,5,0.025000000372529,0.0350000001490116,0.0399999991059303,0.0,205100,spectral_structured,0.005,0
paviau_75985_spectral_structured_0.00500,0.9967256784439088,1.0,0.840283989906311,0.8489733934402466,0.9649999737739564,0.959999978542328,0.0,0.0011357461335137,6.706890758323425e-07,9.99999993922529e-09,0.0,4,0.1510266214609146,0.0350000001490116,0.0399999991059303,0.0,75985,spectral_structured,0.005,1
paviau_116110_spectral_structured_0.00500,0.8685134053230286,0.8108130097389221,0.6136178970336914,0.8438853621482849,0.9649999737739564,0.6971339583396912,0.0,0.003777323057875,0.2313659787178039,0.3744392991065979,0.0,5,0.1561146676540374,0.0350000001490116,0.1295852661132812,0.0,116110,spectral_structured,0.005,1
paviau_167096_spectral_structured_0.00500,0.5309743881225586,0.4931807219982147,0.310887724161148,0.975000023841858,0.9649999737739564,0.455447793006897,0.4000000059604645,0.0320068150758743,0.5291896462440491,0.8590839505195618,0.4000000059604645,7,0.025000000372529,0.0350000001490116,0.2254073619842529,0.0053568724542856,167096,spectral_structured,0.005,1
paviau_82348_spectral_structured_0.00500,0.4942319691181183,0.2896478474140167,0.3113462626934051,0.8554185032844543,0.9536551833152772,0.4558573961257934,1.0,0.0631756708025932,0.3000953793525696,0.5893133878707886,0.0,2,0.1445814967155456,0.0387784019112587,0.2252300232648849,0.0036669590044766,82348,spectral_structured,0.005,0
paviau_162200_spectral_structured_0.00500,0.9364749193191528,0.1839201748371124,0.5772140622138977,0.6569963097572327,0.9649999737739564,0.959999978542328,1.0,0.3392371535301208,0.5741097927093506,0.6954308152198792,0.4000000059604645,7,0.1037251725792884,0.0350000001490116,0.0399999991059303,0.0447119437158107,162200,spectral_structured,0.005,0
paviau_109590_spectral_structured_0.00500,0.7904602885246277,0.7224587798118591,0.6144179701805115,0.6458850502967834,0.8349114656448364,0.8894602060317993,0.0,0.011544500477612,0.3773144483566284,0.481834352016449,0.0,0,0.3541149497032165,0.0795886814594268,0.0628841072320938,0.0001479835191275,109590,spectral_structured,0.005,0
paviau_8986_spectral_structured_0.00500,0.9986566305160522,0.9976081252098083,0.8275557160377502,0.8383874297142029,0.9649999737739564,0.959999978542328,0.0,0.0005846710992045,0.0083484910428524,0.0039942204020917,0.0,3,0.1616125851869583,0.0350000001490116,0.0399999991059303,0.0,8986,spectral_structured,0.005,1
paviau_184095_spectral_structured_0.00500,0.9709954261779784,0.0282821133732795,0.1230965927243232,0.6006087064743042,0.9649999737739564,0.263823002576828,1.0,0.5740801692008972,0.1464091092348098,0.0885267406702041,0.0,7,0.025000000372529,0.0350000001490116,0.3163447082042694,0.1641851067543029,184095,spectral_structured,0.005,0
paviau_181445_spectral_structured_0.00500,0.9847753643989564,0.0894592255353927,1.0,0.975000023841858,0.9649999737739564,0.959999978542328,1.0,0.5038527250289917,0.140439748764038,0.1798414289951324,0.0,5,0.025000000372529,0.0350000001490116,0.0399999991059303,3.0652783607365564e-05,181445,spectral_structured,0.005,0
paviau_153338_spectral_structured_0.00500,0.5330596566200256,0.1228935047984123,0.2535131573677063,0.4894553422927856,0.9649999737739564,0.402552992105484,1.0,0.1071910187602043,0.233978658914566,0.2732691764831543,0.0,6,0.2794087529182434,0.0350000001490116,0.2488409131765365,0.0413472205400466,153338,spectral_structured,0.005,0
paviau_148157_spectral_structured_0.00500,0.9962724447250366,0.0301661640405654,0.6462661623954773,0.7050269842147827,0.9649999737739564,0.845944881439209,1.0,0.6175942420959473,0.2973413467407226,0.2524209916591644,0.0,7,0.025000000372529,0.0350000001490116,0.0773921832442283,0.0139052867889404,148157,spectral_structured,0.005,0
paviau_204399_spectral_structured_0.00500,0.8909018635749817,0.2115120738744735,1.0,0.975000023841858,0.9649999737739564,0.959999978542328,0.800000011920929,0.2591937780380249,0.238504946231842,0.4240348935127258,0.2000000029802322,5,0.025000000372529,0.0350000001490116,0.0399999991059303,0.0,204399,spectral_structured,0.005,0
paviau_26216_spectral_structured_0.00500,0.6808300614356995,0.902608036994934,0.0346998572349548,0.8528058528900146,0.7516250014305115,0.1318786740303039,0.0,0.0391664840281009,0.1455666571855545,0.1947259306907653,0.0,1,0.1471941471099853,0.1097452268004417,0.3923381268978119,0.2931455969810486,26216,spectral_structured,0.005,1
paviau_190522_spectral_structured_0.00500,0.5298085808753967,0.0109828123822808,0.0442646443843841,0.2256255447864532,0.1597777009010315,0.1500807404518127,1.0,0.2971031963825226,0.60324627161026,0.782667875289917,0.4000000059604645,3,0.1126537546515464,0.389397382736206,0.3809102773666382,0.4801217019557953,190522,spectral_structured,0.005,0
paviau_200152_spectral_structured_0.00500,0.6885879635810852,0.9415091872215272,0.0892287567257881,0.7922106981277466,0.8645144701004028,0.220048502087593,0.0,0.0583434700965881,0.1041527241468429,0.1157310530543327,0.0,1,0.2077893316745758,0.0691881477832794,0.3399730622768402,0.048385813832283,200152,spectral_structured,0.005,1
paviau_177027_spectral_structured_0.00500,0.9927480816841124,0.2552715241909027,1.0,0.975000023841858,0.9649999737739564,0.959999978542328,0.800000011920929,0.3608829379081726,0.2585461735725403,0.5105451345443726,0.2000000029802322,5,0.025000000372529,0.0350000001490116,0.0399999991059303,0.0,177027,spectral_structured,0.005,0
paviau_37784_spectral_structured_0.00500,0.7620267868041992,0.123926393687725,0.986270010471344,0.975000023841858,0.9649999737739564,0.9511847496032716,1.0,0.2260807156562805,0.1705512553453445,0.247857391834259,0.0,5,0.025000000372529,0.0350000001490116,0.042819008231163,0.0002462116535753,37784,spectral_structured,0.005,0
paviau_154026_spectral_structured_0.00500,0.4139192998409271,0.1788151860237121,0.0927684307098388,0.7259842753410339,0.259957879781723,0.2248825430870056,0.800000011920929,0.0605814717710018,0.570066511631012,0.8410212993621826,0.6000000238418579,0,0.2167474925518036,0.3290306031703949,0.3372965157032013,0.1022040247917175,154026,spectral_structured,0.005,0
paviau_171590_spectral_structured_0.00500,0.9892235994338988,0.437065839767456,0.6825039982795715,0.7108639478683472,0.9649999737739564,0.959999978542328,0.6000000238418579,0.228210374712944,0.3120055198669433,0.8741632103919983,0.4000000059604645,1,0.2891360819339752,0.0350000001490116,0.0399999991059303,0.0024251353461295,171590,spectral_structured,0.005,1
paviau_35364_spectral_structured_0.00500,0.5844734311103821,0.8305302262306213,0.0166154187172651,0.9504284858703612,0.3841505646705627,0.0900491848587989,0.0,0.0379120782017707,0.2073048055171966,0.338895708322525,0.0,1,0.0495715327560901,0.2643483877182007,0.4201198220252991,0.6050291657447815,35364,spectral_structured,0.005,1
paviau_189222_spectral_structured_0.00500,0.9985970854759216,0.9685141444206238,1.0,0.975000023841858,0.9649999737739564,0.959999978542328,0.0,0.0108661893755197,0.063696950674057,0.0629624351859092,0.0,1,0.025000000372529,0.0350000001490116,0.0399999991059303,8.022256952244788e-05,189222,spectral_structured,0.005,1
paviau_29280_spectral_structured_0.00500,0.6060746312141418,0.8784075975418091,0.0795401856303215,0.8436416387557983,0.3757710754871368,0.20643050968647,0.0,0.0510152727365493,0.1687325090169906,0.2431110292673111,0.0,1,0.1563583612442016,0.2684434056282043,0.3476101160049438,0.436541348695755,29280,spectral_structured,0.005,1
paviau_205144_spectral_structured_0.00500,0.8582755327224731,0.2570663690567016,1.0,0.975000023841858,0.9649999737739564,0.959999978542328,0.800000011920929,0.2188917994499206,0.265786200761795,0.5159525871276855,0.2000000029802322,5,0.025000000372529,0.0350000001490116,0.0399999991059303,0.0016749126370996,205144,spectral_structured,0.005,0
paviau_30063_spectral_structured_0.00500,0.9601373672485352,0.9721314311027528,0.70439612865448,0.8198214173316956,0.7626420855522156,0.959999978542328,0.0,0.0113589139655232,0.0674706026911735,0.0480117239058017,0.0,0,0.1801785826683044,0.1056760624051094,0.0399999991059303,7.0785013122076634e-06,30063,spectral_structured,0.005,1
paviau_103902_spectral_structured_0.00500,0.9877250790596008,0.7934600710868835,0.7928496599197388,0.8135459423065186,0.9649999737739564,0.959999978542328,0.2000000029802322,0.0584689900279045,0.231813907623291,0.4130790829658508,0.2000000029802322,1,0.1715183407068252,0.0350000001490116,0.0399999991059303,0.0012845860328525,103902,spectral_structured,0.005,0
paviau_115822_spectral_structured_0.00500,0.9981426000595092,0.7461153864860535,0.7889195084571838,0.805698573589325,0.9649999737739564,0.959999978542328,0.2000000029802322,0.0929128006100654,0.2578766345977783,0.5077654719352722,0.2000000029802322,1,0.1943014562129974,0.0350000001490116,0.0399999991059303,0.0276339165866374,115822,spectral_structured,0.005,0
paviau_42660_spectral_structured_0.00500,0.9555819630622864,0.4241660535335541,0.3938404023647308,0.5074070692062378,0.9649999737739564,0.959999978542328,0.4000000059604645,0.2144414782524109,0.5244445204734802,0.9853923320770264,0.4000000059604645,0,0.2919895350933075,0.0350000001490116,0.0399999991059303,0.0953760594129562,42660,spectral_structured,0.005,1
paviau_32448_spectral_structured_0.00500,0.9640076756477356,0.5049250721931458,0.341754138469696,0.4542585015296936,0.9649999737739564,0.9534802436828612,0.6000000238418579,0.1773456186056137,0.5741227269172668,0.7866988182067871,0.4000000059604645,0,0.1975364536046981,0.0350000001490116,0.0420838631689548,0.4079306423664093,32448,spectral_structured,0.005,1
paviau_110179_spectral_structured_0.00500,0.9023629426956176,0.2494489252567291,0.6994767189025879,0.7327075004577637,0.9649999737739564,0.7586835622787476,0.800000011920929,0.3033580482006073,0.2985339760780334,0.5157719254493713,0.2000000029802322,7,0.2672924995422363,0.0350000001490116,0.1074793264269828,5.5531436373712495e-05,110179,spectral_structured,0.005,0
paviau_206092_spectral_structured_0.00500,0.6629141569137573,0.9384523034095764,0.1279287338256836,0.8201494216918945,0.4964571297168731,0.2696850895881653,0.0,0.064487800002098,0.105312280356884,0.123075820505619,0.0,1,0.1798506081104278,0.2124259918928146,0.3132786750793457,0.2982497811317444,206092,spectral_structured,0.005,1
paviau_179376_spectral_structured_0.00500,0.9972748160362244,0.7074648141860962,0.8019419312477112,0.8168120384216309,0.9649999737739564,0.959999978542328,0.2000000029802322,0.1121656224131584,0.2751118540763855,0.5850644707679749,0.2000000029802322,1,0.1831879615783691,0.0350000001490116,0.0399999991059303,0.003162243636325,179376,spectral_structured,0.005,1
paviau_193148_spectral_structured_0.00500,0.9678914546966552,0.9124147295951844,0.6803230047225952,0.7088387608528137,0.9649999737739564,0.959999978542328,0.0,0.0122794220224022,0.1696559786796569,0.1429657787084579,0.0,0,0.2911612391471863,0.0350000001490116,0.0399999991059303,0.0064968178048729,193148,spectral_structured,0.005,1
paviau_199058_spectral_structured_0.00500,0.9934999346733092,0.5554836988449097,0.6422349810600281,0.6728846430778503,0.9649999737739564,0.959999978542328,0.4000000059604645,0.1852221488952636,0.3258785009384155,0.8837319612503052,0.4000000059604645,1,0.3271153569221496,0.0350000001490116,0.0399999991059303,0.0001135883503593,199058,spectral_structured,0.005,1
paviau_192326_spectral_structured_0.00500,0.6790075302124023,0.9633713364601136,0.1394783109426498,0.6906305551528931,0.8097253441810608,0.2833840548992157,0.0,0.0772992521524429,0.0714903324842453,0.0732572078704834,0.0,1,0.3093694746494293,0.088564708828926,0.3061972856521606,0.0401303321123123,192326,spectral_structured,0.005,1
paviau_173275_spectral_structured_0.00500,0.982268214225769,0.3725733757019043,0.4086675345897674,0.5191167593002319,0.9037742614746094,0.959999978542328,0.6000000238418579,0.2553961873054504,0.3005295991897583,0.7451480627059937,0.4000000059604645,1,0.2965897023677826,0.0556325614452362,0.0399999991059303,0.2606090009212494,173275,spectral_structured,0.005,1
paviau_89859_spectral_structured_0.00500,0.703538179397583,0.6112900972366333,0.8211368918418884,0.8330152630805969,0.9649999737739564,0.9220354557037354,0.4000000059604645,0.0134760839864611,0.4534685909748077,0.6303319334983826,0.4000000059604645,7,0.1669847518205642,0.0350000001490116,0.0522222965955734,0.0,89859,spectral_structured,0.005,1
paviau_170209_spectral_structured_0.00500,0.9946982860565186,0.9714112877845764,0.7646406888961792,0.7847083210945129,0.9649999737739564,0.959999978542328,0.0,0.006803898140788,0.0676790699362754,0.046475738286972,0.0,1,0.2152916640043258,0.0350000001490116,0.0399999991059303,9.165746632788796e-07,170209,spectral_structured,0.005,1
paviau_102886_spectral_structured_0.00500,0.9835805296897888,0.2533121705055237,0.8587716817855835,0.8641948699951172,0.9649999737739564,0.959999978542328,1.0,0.3412356078624725,0.2602472603321075,0.5073509812355042,0.0,1,0.1358051300048828,0.0350000001490116,0.0399999991059303,0.0080630201846361,102886,spectral_structured,0.005,0
paviau_169407_spectral_structured_0.00500,0.7864702939987183,0.2428176701068878,0.695141613483429,0.975000023841858,0.9649999737739564,0.7556276917457581,0.800000011920929,0.2862904071807861,0.4314565658569336,0.5888590216636658,0.2000000029802322,2,0.025000000372529,0.0350000001490116,0.1085587590932846,0.0,169407,spectral_structured,0.005,0
paviau_30630_spectral_structured_0.00500,0.9064934849739076,0.1584345549345016,0.9399935603141784,0.9290368556976318,0.9649999737739564,0.959999978542328,1.0,0.32118621468544,0.1999014168977737,0.3170908987522125,0.0,5,0.0709631517529487,0.0350000001490116,0.0399999991059303,0.0287699755281209,30630,spectral_structured,0.005,0
paviau_178696_spectral_structured_0.00500,0.9988189339637756,0.7695540189743042,0.8945510983467102,0.8931536078453064,0.9649999737739564,0.959999978542328,0.2000000029802322,0.0872642695903778,0.2460255771875381,0.4608086943626404,0.2000000029802322,1,0.1068463921546936,0.0350000001490116,0.0399999991059303,0.0089489482343196,178696,spectral_structured,0.005,1
paviau_146674_spectral_structured_0.00500,0.5704209208488464,0.1567466259002685,0.296782374382019,0.975000023841858,0.9649999737739564,0.4427546858787536,1.0,0.1082041338086128,0.4854386448860168,0.5302251577377319,0.0,2,0.025000000372529,0.0350000001490116,0.2309332638978958,0.0018282716628164,146674,spectral_structured,0.005,0
paviau_36113_spectral_structured_0.00500,0.9964390397071838,0.983682096004486,0.7364950180053711,0.7623713612556458,0.9649999737739564,0.8982740640640259,0.0,0.0064362133853137,0.0379320122301578,0.0326354838907718,0.0,1,0.2315120100975036,0.0350000001490116,0.0599829666316509,0.0,36113,spectral_structured,0.005,1
paviau_117251_spectral_structured_0.00500,0.9984279870986938,0.9826458096504213,0.654448926448822,0.7098934650421143,0.9649999737739564,0.959999978542328,0.0,0.0043188473209738,0.0448187440633773,0.0310016609728336,0.0,3,0.2250992208719253,0.0350000001490116,0.0399999991059303,0.0008509546751156,117251,spectral_structured,0.005,1
paviau_194720_spectral_structured_0.00500,0.7540110945701599,0.0186789352446794,0.2439040690660476,0.5772534012794495,0.9649999737739564,0.3933333456516266,1.0,0.3429837226867676,0.0460797995328903,0.038431704044342,0.0,5,0.1945301592350006,0.0350000001490116,0.2530396282672882,0.0348023772239685,194720,spectral_structured,0.005,0
paviau_122920_spectral_structured_0.00500,0.7628223896026611,0.2810695767402649,0.685307502746582,0.7705104947090149,0.9649999737739564,0.748676061630249,0.800000011920929,0.1471674591302871,0.2831388711929321,0.5662513375282288,0.2000000029802322,5,0.2294895052909851,0.0350000001490116,0.1110211089253425,0.0017276102444157,122920,spectral_structured,0.005,1
paviau_47271_spectral_structured_0.00500,0.7330190539360046,0.1574281007051468,0.6975546479225159,0.8777598142623901,0.8281288146972656,0.7573292851448059,1.0,0.1878985464572906,0.2061937600374221,0.3170778751373291,0.0,5,0.1222401782870292,0.0819941908121109,0.1079574823379516,0.0051044872961938,47271,spectral_structured,0.005,0
paviau_49642_spectral_structured_0.00500,0.535321056842804,0.0032215493265539,0.050509076565504,0.4384236335754394,0.3891298770904541,0.1610947698354721,1.0,0.2476492524147033,0.0604710169136524,0.0501477643847465,0.0,3,0.0372244603931903,0.2619310617446899,0.3741662800312042,0.0279037617146968,49642,spectral_structured,0.005,0
paviau_109608_spectral_structured_0.00500,0.9419689178466796,0.3967050611972809,0.2600599229335785,0.6913715600967407,0.9649999737739564,0.4087695181369781,0.6000000238418579,0.1904717087745666,0.3105621933937073,0.7948967218399048,0.4000000059604645,0,0.3086284101009369,0.0350000001490116,0.2460297793149948,0.0092025725170969,109608,spectral_structured,0.005,0
paviau_36446_spectral_structured_0.00500,0.995623767375946,0.9918746948242188,0.935935914516449,0.9258717894554138,0.9649999737739564,0.959999978542328,0.0,0.0030223981011658,0.0214884355664253,0.016248919069767,0.0,1,0.0741281881928443,0.0350000001490116,0.0399999991059303,2.6361012714914978e-06,36446,spectral_structured,0.005,1
paviau_170374_spectral_structured_0.00500,0.9115883111953736,0.8860045671463013,0.6680002212524414,0.8334784507751465,0.9649999737739564,0.7363749146461487,0.0,0.0049806423485279,0.1614870876073837,0.2279878705739975,0.0,1,0.1665215343236923,0.0350000001490116,0.115401953458786,0.0048814518377184,170374,spectral_structured,0.005,1
paviau_62409_spectral_structured_0.00500,0.8747453689575195,0.9419134259223938,0.8874844908714294,0.8874848484992981,0.9649999737739564,0.8894602060317993,0.0,0.0282480362802743,0.1331131756305694,0.0844336077570915,0.0,0,0.1125151440501213,0.0350000001490116,0.0628841072320938,0.0,62409,spectral_structured,0.005,1
paviau_204254_spectral_structured_0.00500,0.6553354263305664,0.9737837314605712,0.1216475591063499,0.9011940956115724,0.2610599994659424,0.2620490193367004,0.0,0.0970881730318069,0.0552215464413166,0.0524325370788574,0.0,1,0.0470956116914749,0.3284136950969696,0.3172768950462341,0.5443241596221924,204254,spectral_structured,0.005,1
paviau_6614_spectral_structured_0.00500,0.9989644289016724,0.9966113567352296,0.9509982466697692,0.9375833868980408,0.9649999737739564,0.959999978542328,0.0,0.0009289197041653,0.0103114126250147,0.0067772818729281,0.0,3,0.0624166019260883,0.0350000001490116,0.0399999991059303,0.0,6614,spectral_structured,0.005,1
paviau_186182_spectral_structured_0.00500,0.99923837184906,0.9294255971908568,0.7903290390968323,0.8069061636924744,0.9649999737739564,0.959999978542328,0.0,0.0247448123991489,0.1161117851734161,0.1411487013101577,0.0,1,0.1930938065052032,0.0350000001490116,0.0399999991059303,0.0041992100887,186182,spectral_structured,0.005,1
paviau_198824_spectral_structured_0.00500,0.9580902457237244,0.2259372472763061,0.7377708554267883,0.7610496282577515,0.9649999737739564,0.959999978542328,1.0,0.3230340778827667,0.2469554096460342,0.4529609084129333,0.0,5,0.2389503568410873,0.0350000001490116,0.0399999991059303,0.0120107801631093,198824,spectral_structured,0.005,0
paviau_139481_spectral_structured_0.00500,0.9180036187171936,0.3321040868759155,0.501626193523407,0.927967369556427,0.9124563932418824,0.6130598187446594,0.6000000238418579,0.2043972462415695,0.5175949931144714,0.8872666954994202,0.4000000059604645,0,0.0720326229929924,0.0526699982583522,0.1611319333314895,0.0012835325906053,139481,spectral_structured,0.005,0
paviau_203591_spectral_structured_0.00500,0.606438398361206,0.9769876599311828,0.0999783277511596,0.975000023841858,0.6178084015846252,0.2345203161239624,0.0,0.1217752173542976,0.0498552434146404,0.046024665236473,0.0,1,0.025000000372529,0.1613840013742447,0.3320119380950928,0.4550160467624664,203591,spectral_structured,0.005,1
paviau_20185_spectral_structured_0.00500,0.8522948622703552,0.6877130270004272,0.639032244682312,0.6987494230270386,0.7785630822181702,0.959999978542328,0.0,0.0394633151590824,0.4679937064647674,0.4412601292133331,0.0,0,0.025000000372529,0.0998401194810867,0.0399999991059303,0.0120867826044559,20185,spectral_structured,0.005,1
paviau_27985_spectral_structured_0.00500,0.9841238856315612,0.2433408498764038,0.7951159477233887,0.8109989762306213,0.9649999737739564,0.959999978542328,1.0,0.3520882129669189,0.2526995241641998,0.4867101907730102,0.0,5,0.1890010088682174,0.0350000001490116,0.0399999991059303,0.0002261539193568,27985,spectral_structured,0.005,0
paviau_169523_spectral_structured_0.00500,0.8212321996688843,0.5545815825462341,0.2811659574508667,0.7392081618309021,0.6143257021903992,0.4284767508506775,0.6000000238418579,0.1052522510290145,0.3136292994022369,0.8906179666519165,0.6000000238418579,1,0.1785296946763992,0.1627878248691558,0.2372209727764129,0.0372310355305671,169523,spectral_structured,0.005,1
paviau_189285_spectral_structured_0.00500,0.6161202192306519,0.9798797369003296,0.1038476377725601,0.7501442432403564,0.5435272455215454,0.239585667848587,0.0,0.1209764257073402,0.0448350459337234,0.040240079164505,0.0,1,0.2498557418584823,0.192080408334732,0.3292614221572876,0.1767154186964035,189285,spectral_structured,0.005,1
paviau_195738_spectral_structured_0.00500,0.8675066232681274,0.2471611499786377,0.3794735968112945,0.975000023841858,0.9649999737739564,0.5148015022277832,1.0,0.2122387140989303,0.2576134800910949,0.4951460063457489,0.0,5,0.025000000372529,0.0350000001490116,0.2003113925457,0.0081208785995841,195738,spectral_structured,0.005,0
paviau_203812_spectral_structured_0.00500,0.878625750541687,0.935049533843994,0.4897983968257904,0.975000023841858,0.7166708111763,0.6038817167282104,0.0,0.0369452573359012,0.1249708831310272,0.1161867827177047,0.0,1,0.025000000372529,0.1228282302618026,0.1646796017885208,0.0128553872928023,203812,spectral_structured,0.005,1
paviau_101845_spectral_structured_0.00500,0.9423574805259703,0.7342913746833801,0.8834196925163269,0.8915497660636902,0.9649999737739564,0.8934406042098999,0.2000000029802322,0.0442298948764801,0.2701072096824646,0.5291652083396912,0.2000000029802322,1,0.0567754544317722,0.0350000001490116,0.0615724101662635,0.1186429485678672,101845,spectral_structured,0.005,0
paviau_176179_spectral_structured_0.00500,0.7001430988311768,0.6171413064002991,0.936825394630432,0.975000023841858,0.9649999737739564,0.9191740155220032,0.0,0.0280018560588359,0.4492618143558502,0.6403958797454834,0.0,7,0.025000000372529,0.0350000001490116,0.0531522557139396,0.0013708777260035,176179,spectral_structured,0.005,1
paviau_95033_spectral_structured_0.00500,0.5850058197975159,0.1211321651935577,0.1323110908269882,0.415478378534317,0.2697343230247497,0.4270336925983429,1.0,0.2021154016256332,0.4032586514949798,0.557841956615448,0.800000011920929,2,0.0775752216577529,0.323589026927948,0.2378607988357544,0.0655049383640289,95033,spectral_structured,0.005,0
paviau_187011_spectral_structured_0.00500,0.8834777474403381,0.9110169410705566,0.6812006831169128,0.7096540331840515,0.9649999737739564,0.959999978542328,0.0,0.054364051669836,0.1869682818651199,0.1252781450748443,0.0,0,0.2903459370136261,0.0350000001490116,0.0399999991059303,0.0,187011,spectral_structured,0.005,1
paviau_164568_spectral_structured_0.00500,0.9868978261947632,0.9422407746315002,0.805817723274231,0.8201006054878235,0.9649999737739564,0.959999978542328,0.0,0.0083498889580369,0.1052939817309379,0.1135140359401702,0.0,1,0.1798994094133377,0.0350000001490116,0.0399999991059303,0.0008058154489845,164568,spectral_structured,0.005,1
paviau_120487_spectral_structured_0.00500,0.9895213842391968,0.7574583888053894,0.6737363934516907,0.7027011513710022,0.9649999737739564,0.959999978542328,0.2000000029802322,0.074471890926361,0.3009404838085174,0.4584926664829254,0.2000000029802322,0,0.2972988784313202,0.0350000001490116,0.0399999991059303,0.1083258464932441,120487,spectral_structured,0.005,0
paviau_17121_spectral_structured_0.00500,0.8284828066825867,0.9107398390769958,0.6375240087509155,0.6907758116722107,0.9649999737739564,0.959999978542328,0.0,0.0601764358580112,0.168497085571289,0.1595565527677536,0.0,0,0.2600230574607849,0.0350000001490116,0.0399999991059303,7.279521378222853e-05,17121,spectral_structured,0.005,1
paviau_204149_spectral_structured_0.00500,0.6944383978843689,0.9717501997947692,0.1239107847213745,0.7164087891578674,0.4463863372802734,0.2648164629936218,0.0,0.0853810608386993,0.06887087225914,0.0438855551183223,0.0,1,0.2456675767898559,0.234937384724617,0.3158235549926758,0.1957273483276367,204149,spectral_structured,0.005,1
paviau_172607_spectral_structured_0.01000,0.7924821376800537,0.6498559713363647,0.1067437827587127,0.767858624458313,0.4322255551815033,0.2433314770460128,0.4000000059604645,0.0136128710582852,0.2980957329273224,0.6991865038871765,0.4000000059604645,3,0.2321413904428482,0.241482064127922,0.3272390961647033,0.4095193743705749,172607,spectral_structured,0.01,0
paviau_76943_spectral_structured_0.01000,0.998457670211792,0.5054885149002075,0.7039593458175659,0.7306009531021118,0.9649999737739564,0.959999978542328,0.4000000059604645,0.2083788514137268,0.4441835880279541,0.8943532705307007,0.4000000059604645,5,0.2693990767002105,0.0350000001490116,0.0399999991059303,0.0040308339521288,76943,spectral_structured,0.01,0
paviau_199065_spectral_structured_0.01000,0.850057065486908,0.2103755176067352,0.4227583706378937,0.682646632194519,0.6399002075195312,0.5505649447441101,0.800000011920929,0.2259187251329422,0.2426976859569549,0.4235890209674835,0.2000000029802322,1,0.3173533678054809,0.1525550782680511,0.1857333034276962,0.0298658665269613,199065,spectral_structured,0.01,1
paviau_27561_spectral_structured_0.01000,0.9291219115257264,0.1342044025659561,0.2314636260271072,0.6880537271499634,0.3762957155704498,0.959999978542328,1.0,0.469080239534378,0.1795152723789215,0.2684188783168793,0.0,5,0.3119462728500366,0.2681860029697418,0.0399999991059303,0.0789697393774986,27561,spectral_structured,0.01,0
paviau_173277_spectral_structured_0.01000,0.6308200359344482,0.3405961990356445,0.1104034259915351,0.4993057548999786,0.4049732983112335,0.2480116635560989,0.6000000238418579,0.0438438542187213,0.2960622906684875,0.6824424266815186,0.4000000059604645,1,0.3294464647769928,0.2543167173862457,0.3247259855270386,0.0367391891777515,173277,spectral_structured,0.01,1
paviau_66740_spectral_structured_0.01000,0.940427839756012,0.4535342454910278,0.4021157026290893,0.6883028149604797,0.9649999737739564,0.5336540341377258,0.6000000238418579,0.1676270216703415,0.5602646470069885,0.8880957961082458,0.6000000238418579,5,0.3116971552371979,0.0350000001490116,0.1925786733627319,0.0023711915127933,66740,spectral_structured,0.01,0
paviau_36043_spectral_structured_0.01000,0.9962244033813475,0.2968831956386566,0.6901108622550964,0.717899739742279,0.9649999737739564,0.959999978542328,0.800000011920929,0.334940105676651,0.3099556863307953,0.6080537438392639,0.800000011920929,5,0.2821002900600433,0.0350000001490116,0.0399999991059303,0.0054232277907431,36043,spectral_structured,0.01,0
paviau_101038_spectral_structured_0.01000,0.5485764741897583,0.6218014359474182,0.0207639932632446,0.340637594461441,0.2092159688472747,0.1009308919310569,0.4000000059604645,0.0097158644348382,0.3578875362873077,0.7289562821388245,0.4000000059604645,1,0.3627215027809143,0.3584637641906738,0.4126690030097961,0.2564787864685058,101038,spectral_structured,0.01,0
paviau_201526_spectral_structured_0.01000,0.9980924725532532,0.0363950282335281,0.7797130942344666,0.7977811694145203,0.9649999737739564,0.959999978542328,1.0,0.6101734042167664,0.0711475014686584,0.0727908983826637,0.0,5,0.2022188156843185,0.0350000001490116,0.0399999991059303,0.0115992687642574,201526,spectral_structured,0.01,0
paviau_201140_spectral_structured_0.01000,0.8280731439590454,0.1245781853795051,0.5179440975189209,0.8502547740936279,0.6235777735710144,0.6820920705795288,1.0,0.3410575687885284,0.1713041812181472,0.2491936385631561,0.0,5,0.1497452408075332,0.1590657085180282,0.1351094990968704,0.007084350567311,201140,spectral_structured,0.01,0
paviau_28261_spectral_structured_0.01000,0.9981626868247986,0.19744274020195,0.6759832501411438,0.7047985196113586,0.9649999737739564,0.959999978542328,0.800000011920929,0.4212552309036255,0.2304113358259201,0.3960752189159393,0.2000000029802322,5,0.2952015101909637,0.0350000001490116,0.0399999991059303,0.0285929460078477,28261,spectral_structured,0.01,0
paviau_204149_spectral_structured_0.01000,0.618819534778595,0.0294617563486099,0.0923834964632988,0.457354724407196,0.3638875484466553,0.224360242486,1.0,0.4539046287536621,0.1765091270208358,0.1674225777387619,0.0,3,0.3076060116291046,0.2743103206157684,0.3375848531723022,0.0373056791722774,204149,spectral_structured,0.01,0
paviau_204381_spectral_structured_0.01000,0.9985047578811646,0.2204036861658096,0.6589885354042053,0.6888390183448792,0.9649999737739564,0.959999978542328,1.0,0.4026156365871429,0.2447084635496139,0.4421400129795074,0.0,5,0.3111609518527984,0.0350000001490116,0.0399999991059303,9.769710231921636e-06,204381,spectral_structured,0.01,0
paviau_73885_spectral_structured_0.01000,0.9550338983535768,0.6511879563331604,0.6131043434143066,0.7540729641914368,0.6959731578826904,0.959999978542328,0.4000000059604645,0.0842026472091674,0.3350303173065185,0.6789944767951965,0.4000000059604645,5,0.245927020907402,0.1307038962841034,0.0399999991059303,0.0093354219570755,73885,spectral_structured,0.01,0
paviau_119612_spectral_structured_0.01000,0.9778217673301696,0.0118756620213389,0.2408220618963241,0.3699869811534881,0.9649999737739564,0.959999978542328,1.0,0.6182386875152588,0.5927585959434509,0.9734475016593932,0.6000000238418579,6,0.3671857714653015,0.0350000001490116,0.0399999991059303,0.6173014640808105,119612,spectral_structured,0.01,0
paviau_202322_spectral_structured_0.01000,0.9852964282035828,0.1163679137825965,0.6946360468864441,0.7220651507377625,0.9649999737739564,0.959999978542328,1.0,0.4841713309288025,0.1710516810417175,0.234831228852272,0.0,5,0.2779348492622375,0.0350000001490116,0.0399999991059303,0.0114215286448597,202322,spectral_structured,0.01,0
paviau_182109_spectral_structured_0.01000,0.9991360306739808,0.0657084882259368,0.3174238801002502,0.4409669935703277,0.9649999737739564,0.959999978542328,1.0,0.5683431625366211,0.1103188171982765,0.1314169764518737,0.0,5,0.2975734174251556,0.0350000001490116,0.0399999991059303,0.683707058429718,182109,spectral_structured,0.01,0
paviau_120527_spectral_structured_0.01000,0.9860106706619264,0.3960610032081604,1.0,0.975000023841858,0.9649999737739564,0.959999978542328,0.6000000238418579,0.2469771355390548,0.3140893280506134,0.7947018146514893,0.6000000238418579,1,0.025000000372529,0.0350000001490116,0.0399999991059303,0.0,120527,spectral_structured,0.01,0
paviau_38110_spectral_structured_0.01000,0.9443992972373962,0.3969225287437439,0.6556680798530579,0.685694694519043,0.7937543392181396,0.959999978542328,0.800000011920929,0.2037832885980606,0.3126576840877533,0.7959706783294678,0.2000000029802322,5,0.314305305480957,0.0943195447325706,0.0399999991059303,0.0328649990260601,38110,spectral_structured,0.01,0
paviau_111749_spectral_structured_0.01000,0.9991028308868408,0.5946586728096008,0.8088723421096802,0.8226863741874695,0.9649999737739564,0.959999978542328,0.4000000059604645,0.1649369001388549,0.3177593350410461,0.8069009184837341,0.4000000059604645,1,0.1773135960102081,0.0350000001490116,0.0399999991059303,0.0112118078395724,111749,spectral_structured,0.01,0
paviau_50792_spectral_structured_0.01000,0.9939659237861632,0.9996607303619384,0.6692535281181335,0.6985051035881042,0.9649999737739564,0.959999978542328,0.0,0.0020054050255566,0.0014871510211378,0.000563787703868,0.0,4,0.3014948964118957,0.0350000001490116,0.0399999991059303,0.0,50792,spectral_structured,0.01,1
paviau_75931_spectral_structured_0.01000,0.9870120882987976,0.4015496969223022,0.7969845533370972,0.8125929832458496,0.9649999737739564,0.959999978542328,0.6000000238418579,0.246687039732933,0.5061553716659546,0.9785932898521424,0.6000000238418579,5,0.1874070018529892,0.0350000001490116,0.0399999991059303,0.0,75931,spectral_structured,0.01,0
paviau_189965_spectral_structured_0.01000,0.998499035835266,0.0904276669025421,0.4138830900192261,0.5251501202583313,0.9649999737739564,0.959999978542328,1.0,0.5334932804107666,0.1381552368402481,0.1808575093746185,0.0,5,0.2672323882579803,0.0350000001490116,0.0399999991059303,0.507352352142334,189965,spectral_structured,0.01,0
paviau_7568_spectral_structured_0.01000,0.9700793623924256,0.5453615784645081,0.2532993257045746,0.3818723261356354,0.9649999737739564,0.959999978542328,0.4000000059604645,0.1559391617774963,0.5083165764808655,0.7381802201271057,0.4000000059604645,6,0.3538632094860077,0.0350000001490116,0.0399999991059303,0.6082627177238464,7568,spectral_structured,0.01,0
paviau_64792_spectral_structured_0.01000,0.993574321269989,0.0546584017574787,0.552377462387085,0.6232974529266357,0.9649999737739564,0.959999978542328,1.0,0.5716885328292847,0.4044513404369354,0.3317751586437225,0.0,6,0.3031561374664306,0.0350000001490116,0.0399999991059303,0.2069277763366699,64792,spectral_structured,0.01,0
paviau_112711_spectral_structured_0.01000,0.6710352301597595,0.9681211113929749,0.3793107569217682,0.7164632081985474,0.5935020446777344,0.5146647095680237,0.0,0.1021054610610008,0.0811337530612945,0.0435460805892944,0.0,5,0.2835367619991302,0.1712515503168106,0.2003679126501083,0.0108184302225708,112711,spectral_structured,0.01,1
paviau_173254_spectral_structured_0.01000,0.9980778694152832,0.5691144466400146,0.6124313473701477,0.6439314484596252,0.9649999737739564,0.959999978542328,0.4000000059604645,0.1783849447965622,0.333120048046112,0.8520916104316711,0.4000000059604645,1,0.3560685217380523,0.0350000001490116,0.0399999991059303,0.0349478237330913,173254,spectral_structured,0.01,1
paviau_86474_spectral_structured_0.01000,0.9952710270881652,0.6313631534576416,0.6539570689201355,0.6840710043907166,0.9649999737739564,0.959999978542328,0.4000000059604645,0.1379611641168594,0.3194686472415924,0.7293961048126221,0.4000000059604645,5,0.3159289956092834,0.0350000001490116,0.0399999991059303,0.0002494595537427,86474,spectral_structured,0.01,0
paviau_38785_spectral_structured_0.01000,0.9771804809570312,0.3009991645812988,0.372762382030487,0.7078511118888855,0.907167911529541,0.5091485977172852,0.800000011920929,0.3036036789417267,0.3203624188899994,0.6210034489631653,0.2000000029802322,3,0.2921488881111145,0.0544730871915817,0.2026515156030655,0.0120672211050987,38785,spectral_structured,0.01,0
paviau_189281_spectral_structured_0.01000,0.9990031123161316,0.1015181243419647,0.4510294795036316,0.5568357110023499,0.9649999737739564,0.959999978542328,1.0,0.5232195854187012,0.1495034545660019,0.2030425071716308,0.0,5,0.2230199426412582,0.0350000001490116,0.0399999991059303,0.4509877860546112,189281,spectral_structured,0.01,0
paviau_84360_spectral_structured_0.01000,0.7923973202705383,0.4002398550510406,0.3984974324703216,0.5104786157608032,0.9649999737739564,0.959999978542328,0.6000000238418579,0.0867352858185768,0.4126823246479034,0.8583004474639893,0.4000000059604645,7,0.3020954132080078,0.0350000001490116,0.0399999991059303,0.2943637371063232,84360,spectral_structured,0.01,0
paviau_52093_spectral_structured_0.01000,0.9687739610671996,0.2383002340793609,0.6653335690498352,0.6948234438896179,0.9649999737739564,0.9086291193962096,0.6000000238418579,0.3430339395999908,0.2715460062026977,0.4838204383850097,0.6000000238418579,5,0.3051765263080597,0.0350000001490116,0.0565901584923267,0.0071302759461104,52093,spectral_structured,0.01,0
paviau_49134_spectral_structured_0.01000,0.9680810570716858,0.778077244758606,0.6636769771575928,0.6932641267776489,0.9649999737739564,0.959999978542328,0.2000000029802322,0.0508992783725261,0.257934957742691,0.4370034337043762,0.2000000029802322,0,0.3067359030246734,0.0350000001490116,0.0399999991059303,0.0,49134,spectral_structured,0.01,1
paviau_36106_spectral_structured_0.01000,0.4043596982955932,0.0028162389062345,0.0247138272970914,0.2171633839607238,0.1068175733089447,0.1119025945663452,1.0,0.248702734708786,0.1062106788158416,0.113533891737461,0.0,3,0.3108886778354645,0.4257189035415649,0.4053219556808471,0.0115243149921298,36106,spectral_structured,0.01,0
paviau_176569_spectral_structured_0.01000,0.9333773851394652,0.3911402225494385,0.7241005897521973,0.7488325834274292,0.9649999737739564,0.959999978542328,0.4000000059604645,0.2321581244468689,0.4845032691955566,0.899819552898407,0.6000000238418579,2,0.2511674165725708,0.0350000001490116,0.0399999991059303,0.0310807041823864,176569,spectral_structured,0.01,0
paviau_194672_spectral_structured_0.01000,0.9984616041183472,0.3446215689182281,0.6503013372421265,0.6805941462516785,0.9649999737739564,0.959999978542328,0.800000011920929,0.3099304437637329,0.2957254946231842,0.6899755001068115,0.2000000029802322,5,0.3194058537483215,0.0350000001490116,0.0399999991059303,0.0062291729263961,194672,spectral_structured,0.01,0
paviau_150081_spectral_structured_0.01000,0.9302121996879578,0.0471900440752506,0.2844894826412201,0.4837074875831604,0.4269855320453644,0.959999978542328,1.0,0.4794142544269562,0.4867787957191467,0.5976811051368713,0.0,5,0.3129654228687286,0.2439249753952026,0.0399999991059303,0.2096018344163894,150081,spectral_structured,0.01,0
paviau_196058_spectral_structured_0.01000,0.998522698879242,0.0909697040915489,0.6920679807662964,0.719703197479248,0.9649999737739564,0.959999978542328,1.0,0.5363225340843201,0.1414214819669723,0.1826714873313903,0.0,5,0.2802968025207519,0.0350000001490116,0.0399999991059303,0.0,196058,spectral_structured,0.01,0
paviau_53504_spectral_structured_0.01000,0.9976014494895936,0.990909457206726,0.5890750885009766,0.6207000613212585,0.9649999737739564,0.959999978542328,0.0,0.0020129375625401,0.0304112136363983,0.0122880171984434,0.0,4,0.3792999386787414,0.0350000001490116,0.0399999991059303,0.1145422384142875,53504,spectral_structured,0.01,1
paviau_146424_spectral_structured_0.01000,0.969089925289154,0.9998822212219238,0.4864943027496338,0.5833155512809753,0.9649999737739564,0.6778844594955444,0.0,0.0106966383755207,0.0005398982902988,0.0002353206509724,0.0,8,0.2616793215274811,0.0350000001490116,0.1366637349128723,0.001172402058728,146424,spectral_structured,0.01,1
paviau_167164_spectral_structured_0.01000,0.9471943378448486,0.930724322795868,0.7346715927124023,0.7582907676696777,0.9649999737739564,0.8589177131652832,0.0,0.0280150342732667,0.125674158334732,0.1319904178380966,0.0,1,0.2417092323303222,0.0350000001490116,0.073034256696701,0.0004385794745758,167164,spectral_structured,0.01,1
paviau_29749_spectral_structured_0.01000,0.9519459009170532,0.9792097806930542,0.6731765270233154,0.7021779417991638,0.8790115714073181,0.959999978542328,0.0,0.0034108760301023,0.0460143648087978,0.0415800362825393,0.0,3,0.2978220880031585,0.064151756465435,0.0399999991059303,0.000219277004362,29749,spectral_structured,0.01,1
paviau_117852_spectral_structured_0.01000,0.9996895790100098,0.6767847537994385,0.6615096926689148,0.6912206411361694,0.9649999737739564,0.959999978542328,0.2000000029802322,0.1271206140518188,0.3594605028629303,0.6028541922569275,0.2000000029802322,1,0.3087793588638305,0.0350000001490116,0.0399999991059303,0.0814055576920509,117852,spectral_structured,0.01,0
paviau_28303_spectral_structured_0.01000,0.7018998265266418,0.931786835193634,0.1438203752040863,0.4496726393699646,0.4805815517902374,0.2884287536144256,0.0,0.069247618317604,0.1347429901361465,0.1050242856144905,0.0,1,0.4296302795410156,0.2194615304470062,0.3036181628704071,0.0630263239145279,28303,spectral_structured,0.01,1
paviau_204734_spectral_structured_0.01000,0.9983605742454528,0.0946848839521408,0.6441599130630493,0.6747292280197144,0.9649999737739564,0.959999978542328,1.0,0.5271021127700806,0.1436079740524292,0.1896076500415802,0.0,5,0.3252707719802856,0.0350000001490116,0.0399999991059303,0.0610306113958358,204734,spectral_structured,0.01,0
paviau_205263_spectral_structured_0.01000,0.7940468788146973,0.7868057489395142,0.2643216848373413,0.677855908870697,0.5731802582740784,0.4127890765666961,0.2000000029802322,0.0862175822257995,0.2900323867797851,0.3803736269474029,0.2000000029802322,1,0.322144091129303,0.1796308308839798,0.2442205250263214,0.0321914702653884,205263,spectral_structured,0.01,1
paviau_198985_spectral_structured_0.01000,0.9974794983863832,0.0077910684049129,0.2934176027774811,0.4163872301578522,0.9649999737739564,0.959999978542328,1.0,0.665332555770874,0.4394733309745788,0.6139917969703674,0.4000000059604645,6,0.2719438076019287,0.0350000001490116,0.0399999991059303,0.6545135974884033,198985,spectral_structured,0.01,0
paviau_206048_spectral_structured_0.01000,0.9944224953651428,0.055390615016222,0.6577237844467163,0.6876423954963684,0.9649999737739564,0.959999978542328,1.0,0.5731405019760132,0.1002067103981971,0.1115209758281707,0.0,5,0.3123576045036316,0.0350000001490116,0.0399999991059303,0.0126102156937122,206048,spectral_structured,0.01,0
paviau_84432_spectral_structured_0.01000,0.996510684490204,0.504993736743927,0.5450029373168945,0.8707874417304993,0.9649999737739564,0.6462003588676453,0.4000000059604645,0.2037790119647979,0.3339905738830566,0.9829463958740234,0.4000000059604645,5,0.1292125582695007,0.0350000001490116,0.1484975516796112,0.0095816534012556,84432,spectral_structured,0.01,0
paviau_97675_spectral_structured_0.01000,0.7282248139381409,0.1610333621501922,0.6765651702880859,0.705341100692749,0.9649999737739564,0.959999978542328,1.0,0.3801152408123016,0.5050681829452515,0.8026658892631531,0.4000000059604645,2,0.2946588695049286,0.0350000001490116,0.0399999991059303,0.0163645818829536,97675,spectral_structured,0.01,0
paviau_37118_spectral_structured_0.01000,0.465730756521225,0.9851104617118835,0.0469531677663326,0.7056027054786682,0.150530457496643,0.1645607203245163,0.0,0.2048504203557968,0.0352358967065811,0.0297790002077817,0.0,1,0.2943972647190094,0.3954766988754272,0.3720692694187164,0.3214926719665527,37118,spectral_structured,0.01,1
paviau_199442_spectral_structured_0.01000,0.9966044425964355,0.0747094824910163,0.7168552875518799,0.7423064708709717,0.9649999737739564,0.959999978542328,1.0,0.5553461909294128,0.1209123581647872,0.1494200676679611,0.0,5,0.2576935291290283,0.0350000001490116,0.0399999991059303,0.0091004045680165,199442,spectral_structured,0.01,0
paviau_126279_spectral_structured_0.01000,0.9992693066596984,0.0168453454971313,0.4923177659511566,0.5752272605895996,0.9518617391586304,0.959999978542328,1.0,0.6489819884300232,0.3631596863269806,0.6531630754470825,0.4000000059604645,7,0.3326530456542969,0.0393775254487991,0.0399999991059303,0.1936178207397461,126279,spectral_structured,0.01,0
paviau_187201_spectral_structured_0.01000,0.6396498680114746,0.4045194983482361,0.2611455023288727,0.3883402049541473,0.8725472092628479,0.4474718868732452,0.6000000238418579,0.0323465205729007,0.3072073459625244,0.8090553283691406,0.4000000059604645,5,0.3201174736022949,0.0663929879665374,0.2288727313280105,0.2460335940122604,187201,spectral_structured,0.01,0
paviau_36878_spectral_structured_0.01000,0.969414472579956,0.0115608442574739,0.2250089198350906,0.3513348400592804,0.9649999737739564,0.959999978542328,1.0,0.6253901124000549,0.0696379542350769,0.0372476056218147,0.0,6,0.3217527568340301,0.0350000001490116,0.0399999991059303,0.7340160608291626,36878,spectral_structured,0.01,0
paviau_204566_spectral_structured_0.01000,0.8176887631416321,0.5349564552307129,0.2870464324951172,0.6909438967704773,0.5448243021965027,0.4338821172714233,0.6000000238418579,0.0486156716942787,0.3150587081909179,0.9299123883247375,0.4000000059604645,1,0.3090561330318451,0.1915301084518432,0.2348314523696899,0.0297783333808183,204566,spectral_structured,0.01,1
paviau_206245_spectral_structured_0.01000,0.9872792959213256,0.8519206643104553,0.6075212955474854,0.6390883326530457,0.9215502142906188,0.959999978542328,0.0,0.040302500128746,0.1929382681846618,0.2954365015029907,0.0,1,0.3609116673469543,0.0495802573859691,0.0399999991059303,0.0160355810075998,206245,spectral_structured,0.01,1
paviau_68198_spectral_structured_0.01000,0.9965136647224426,0.0490181818604469,0.5075026750564575,0.5872222185134888,0.9649999737739564,0.959999978542328,1.0,0.5881275534629822,0.157609611749649,0.1265136003494262,0.0,6,0.3260961472988128,0.0350000001490116,0.0399999991059303,0.2354482859373092,68198,spectral_structured,0.01,0
paviau_104218_spectral_structured_0.01000,0.7528204917907715,0.0155546823516488,0.0347942113876342,0.1448258757591247,0.1280519068241119,0.2266509383916854,1.0,0.4086500108242035,0.0835115611553192,0.0488766394555568,0.0,1,0.3291554152965545,0.410698652267456,0.3363217413425445,0.178284540772438,104218,spectral_structured,0.01,0
paviau_110703_spectral_structured_0.01000,0.9994534850120544,0.4579579532146454,0.653849184513092,0.6839685440063477,0.9649999737739564,0.959999978542328,0.4000000059604645,0.2383220642805099,0.313943475484848,0.915931761264801,0.4000000059604645,1,0.3160314559936523,0.0350000001490116,0.0399999991059303,0.0001381838956149,110703,spectral_structured,0.01,0
paviau_120116_spectral_structured_0.01000,0.9665569067001344,0.027354821562767,0.3365975618362427,0.4582964479923248,0.9649999737739564,0.959999978542328,1.0,0.5689318180084229,0.1704202741384506,0.1135810539126396,0.0,7,0.2964471876621246,0.0350000001490116,0.0399999991059303,0.4410314857959747,120116,spectral_structured,0.01,0
paviau_166302_spectral_structured_0.01000,0.9824641346931458,0.1894207000732422,0.6458628177642822,0.6763585209846497,0.9649999737739564,0.959999978542328,0.800000011920929,0.3995473682880401,0.2439672648906707,0.3870638608932495,0.2000000029802322,5,0.3236415088176727,0.0350000001490116,0.0399999991059303,0.0082209594547748,166302,spectral_structured,0.01,0
paviau_165923_spectral_structured_0.01000,0.7288538217544556,0.7757148742675781,0.0637447237968444,0.6956943273544312,0.1780719310045242,0.285708487033844,0.0,0.0525153800845146,0.267471045255661,0.4353074729442596,0.0,1,0.3043056726455688,0.3776569068431854,0.3050070106983185,0.274929016828537,165923,spectral_structured,0.01,1
paviau_83079_spectral_structured_0.01000,0.9979506134986876,0.2596440613269806,0.5470663905143738,0.57761549949646,0.9649999737739564,0.959999978542328,0.800000011920929,0.367312490940094,0.2671259045600891,0.5212648510932922,0.800000011920929,5,0.4223845303058624,0.0350000001490116,0.0399999991059303,0.0213050916790962,83079,spectral_structured,0.01,0
paviau_26534_spectral_structured_0.01000,0.8496384620666504,0.0185661613941192,0.0967232808470726,0.4846847057342529,0.4710398912429809,0.2302024364471435,1.0,0.5257962346076965,0.1103009432554245,0.0878657326102256,0.0,3,0.2406395077705383,0.2237347066402435,0.3343710899353027,0.1140331476926803,26534,spectral_structured,0.01,0
paviau_167680_spectral_structured_0.01000,0.9822654724121094,0.1984159797430038,0.850536584854126,0.857437014579773,0.9649999737739564,0.959999978542328,0.800000011920929,0.394478976726532,0.2272713929414749,0.3969425857067108,0.2000000029802322,5,0.1425630003213882,0.0350000001490116,0.0399999991059303,0.0,167680,spectral_structured,0.01,0
paviau_202794_spectral_structured_0.01000,0.80245441198349,6.194722459440527e-07,0.0489630214869976,0.0912989526987075,0.3578884899616241,0.1584218889474868,1.0,0.4825851321220398,0.2610764801502228,0.5143235325813293,0.2000000029802322,3,0.2760581076145172,0.2772992849349975,0.3757915794849396,0.2869632840156555,202794,spectral_structured,0.01,0
paviau_113915_spectral_structured_0.01000,0.9951000809669496,0.374618649482727,0.7123158574104309,0.7381991744041443,0.9649999737739564,0.959999978542328,0.6000000238418579,0.2816758155822754,0.4389070570468902,0.82801353931427,0.4000000059604645,7,0.2618008255958557,0.0350000001490116,0.0399999991059303,0.0088251419365406,113915,spectral_structured,0.01,0
paviau_110624_spectral_structured_0.01000,0.9545673727989196,9.99999993922529e-09,0.0395020171999931,0.1991570591926574,0.3709773421287536,0.1412462741136551,1.0,0.6367143392562866,0.4860079288482666,0.8395803570747375,0.4000000059604645,4,0.2724957764148712,0.2708015739917755,0.3864113390445709,0.5095484852790833,110624,spectral_structured,0.01,0
paviau_116167_spectral_structured_0.01000,0.9997277855873108,0.7573670744895935,0.6707634329795837,0.6999202370643616,0.9649999737739564,0.959999978542328,0.0,0.0919672101736068,0.2522203922271728,0.4852581620216369,0.0,1,0.3000797629356384,0.0350000001490116,0.0399999991059303,0.0,116167,spectral_structured,0.01,0
paviau_109366_spectral_structured_0.01000,0.9997829794883728,0.6478999853134155,0.7155425548553467,0.7437201738357544,0.9649999737739564,0.959999978542328,0.4000000059604645,0.1407231092453003,0.3045479953289032,0.7009091973304749,0.4000000059604645,1,0.2503276467323303,0.0350000001490116,0.0399999991059303,0.004339599981904,109366,spectral_structured,0.01,0
paviau_192198_spectral_structured_0.01000,0.5817615985870361,0.7749986052513123,0.0165348500013351,0.6854016780853271,0.1593175232410431,0.0898265466094017,0.2000000029802322,0.0236840061843395,0.2426991462707519,0.4499940574169159,0.2000000029802322,1,0.3145983517169952,0.3896975219249725,0.4202740490436554,0.4501450657844543,192198,spectral_structured,0.01,0
paviau_60239_spectral_structured_0.01000,0.975592076778412,0.1387952417135238,0.6681175827980042,0.7308393120765686,0.9649999737739564,0.8366006016731262,1.0,0.4477623105049133,0.2449699640274047,0.3066798448562622,0.0,2,0.1045048087835311,0.0350000001490116,0.0805489048361778,0.0113243721425533,60239,spectral_structured,0.01,0
paviau_137669_spectral_structured_0.01000,0.990028440952301,0.1674713045358657,0.2386877685785293,0.3640429079532623,0.9649999737739564,0.959999978542328,0.800000011920929,0.4352994561195373,0.2692840695381164,0.3607764542102813,0.2000000029802322,6,0.3056796789169311,0.0350000001490116,0.0399999991059303,0.701707124710083,137669,spectral_structured,0.01,0
paviau_184512_spectral_structured_0.01000,0.9984082579612732,0.1872168928384781,0.6830123662948608,0.7113354206085205,0.9649999737739564,0.959999978542328,1.0,0.4335550963878631,0.2194549292325973,0.3744357526302337,0.0,5,0.2886646091938019,0.0350000001490116,0.0399999991059303,8.189922482415568e-06,184512,spectral_structured,0.01,0
paviau_174299_spectral_structured_0.01000,0.6151266694068909,0.6562756299972534,0.0545758381485939,0.7631886005401611,0.3864046633243561,0.1679726243019104,0.4000000059604645,0.0019201834220439,0.2962382435798645,0.686347246170044,0.4000000059604645,3,0.236811414361,0.2632526159286499,0.3700164258480072,0.476413369178772,174299,spectral_structured,0.01,0
paviau_123563_spectral_structured_0.01000,0.9989885687828064,0.6233247518539429,0.650248646736145,0.6805440187454224,0.9649999737739564,0.959999978542328,0.4000000059604645,0.1501786857843399,0.3491747379302978,0.7293053865432739,0.4000000059604645,0,0.3194559812545776,0.0350000001490116,0.0399999991059303,0.0062094717286527,123563,spectral_structured,0.01,0
paviau_200480_spectral_structured_0.01000,0.998813271522522,0.1535940915346145,0.7621309757232666,0.7825179100036621,0.9649999737739564,0.959999978542328,1.0,0.4657002687454223,0.1952521800994873,0.3071969747543335,0.0,5,0.2174820899963379,0.0350000001490116,0.0399999991059303,0.0,200480,spectral_structured,0.01,0
paviau_13399_spectral_structured_0.01000,0.9413964748382568,0.786121666431427,0.4963010549545288,0.7572649717330933,0.8341461420059204,0.6089354753494263,0.0,0.0457520820200443,0.3205811679363251,0.3226909041404724,0.0,3,0.2427350431680679,0.0798596739768982,0.1627234518527984,0.0027804786805063,13399,spectral_structured,0.01,1
paviau_85755_spectral_structured_0.01000,0.9443843364715576,0.1636959463357925,0.7225357294082642,0.7474260926246643,0.9649999737739564,0.9330345392227172,0.800000011920929,0.3839989304542541,0.5333121418952942,0.8654008507728577,0.6000000238418579,2,0.2525739371776581,0.0350000001490116,0.0486591830849647,0.0252674855291843,85755,spectral_structured,0.01,0
paviau_25864_spectral_structured_0.02000,0.998376965522766,0.3122468888759613,0.4495207965373993,0.6651855111122131,0.5692483186721802,0.959999978542328,0.800000011920929,0.3324359357357025,0.2991099953651428,0.6297727227210999,0.800000011920929,5,0.3348145186901092,0.1812661588191986,0.0399999991059303,0.0488588102161884,25864,spectral_structured,0.02,0
paviau_26549_spectral_structured_0.02000,0.9985138773918152,0.4086619615554809,0.5059418082237244,0.6573017835617065,0.6141993403434753,0.959999978542328,0.4000000059604645,0.2679257988929748,0.337794154882431,0.8277031779289246,0.4000000059604645,5,0.3426982164382934,0.1628388017416,0.0399999991059303,0.1346832066774368,26549,spectral_structured,0.02,0
paviau_114476_spectral_structured_0.02000,0.9997383952140808,0.4443403780460357,0.6362079381942749,0.6670897006988525,0.9649999737739564,0.959999978542328,0.6000000238418579,0.2471718788146972,0.3194236159324646,0.890978991985321,0.6000000238418579,1,0.3329102694988251,0.0350000001490116,0.0399999991059303,0.1204191371798515,114476,spectral_structured,0.02,0
paviau_172243_spectral_structured_0.02000,0.9751313924789428,0.6310051083564758,0.1259323507547378,0.6382985711097717,0.9649999737739564,0.2672730386257171,0.4000000059604645,0.1131417900323867,0.3053900003433227,0.7359588146209717,0.4000000059604645,3,0.3617013990879059,0.0350000001490116,0.3145376145839691,0.1247923374176025,172243,spectral_structured,0.02,0
paviau_156409_spectral_structured_0.02000,0.9961842894554138,0.3096409142017364,0.3617220520973205,0.4779143631458282,0.9649999737739564,0.959999978542328,0.6000000238418579,0.3291640281677246,0.4495545327663421,0.7227490544319153,0.6000000238418579,0,0.3331427574157715,0.0350000001490116,0.0399999991059303,0.2082594186067581,156409,spectral_structured,0.02,0
paviau_158886_spectral_structured_0.02000,0.9959285855293274,0.6603193879127502,0.627127468585968,0.6583020687103271,0.9649999737739564,0.959999978542328,0.2000000029802322,0.1285028308629989,0.4635592997074127,0.504004955291748,0.2000000029802322,0,0.3416979312896728,0.0350000001490116,0.0399999991059303,0.1418915390968322,158886,spectral_structured,0.02,0
paviau_178633_spectral_structured_0.02000,0.8538254499435425,0.4968141913414001,0.1775572150945663,0.6104585528373718,0.3208000957965851,0.5285876989364624,0.4000000059604645,0.2210699915885925,0.3395192921161651,0.9953909516334534,0.4000000059604645,1,0.3895414769649505,0.2962080240249634,0.1946460455656051,0.1154742911458015,178633,spectral_structured,0.02,1
paviau_75933_spectral_structured_0.02000,0.9995517134666444,0.6215863227844238,0.6415324211120605,0.672210693359375,0.823679506778717,0.959999978542328,0.2000000029802322,0.1524843722581863,0.4238405227661133,0.6629701256752014,0.2000000029802322,5,0.3277892768383026,0.0835768580436706,0.0399999991059303,0.0235219430178403,75933,spectral_structured,0.02,0
paviau_143439_spectral_structured_0.02000,0.9603431820869446,0.9871811270713806,0.5677085518836975,0.5990036129951477,0.94415682554245,0.8425494432449341,0.0,0.0105968676507473,0.0312154404819011,0.0256377235054969,0.0,3,0.4009963870048523,0.041957177221775,0.0785375013947486,0.0583562776446342,143439,spectral_structured,0.02,1
paviau_202494_spectral_structured_0.02000,0.998921275138855,0.7312989830970764,0.6131553649902344,0.6446438431739807,0.9649999737739564,0.959999978542328,0.2000000029802322,0.1013128757476806,0.2648631632328033,0.5374020934104919,0.2000000029802322,3,0.3553561568260193,0.0350000001490116,0.0399999991059303,0.014499214477837,202494,spectral_structured,0.02,0
paviau_162031_spectral_structured_0.02000,0.9945188164711,0.0559697560966014,0.3071646988391876,0.4293632507324219,0.9649999737739564,0.959999978542328,1.0,0.5773196816444397,0.3977571725845337,0.7740833759307861,0.4000000059604645,2,0.3696811497211456,0.0350000001490116,0.0399999991059303,0.5233839750289917,162031,spectral_structured,0.02,0
paviau_110703_spectral_structured_0.02000,0.999786913394928,0.7767608165740967,0.5787445306777954,0.6102645397186279,0.9649999737739564,0.959999978542328,0.2000000029802322,0.0842969790101051,0.2448122948408126,0.44544717669487,0.2000000029802322,1,0.3897354900836944,0.0350000001490116,0.0399999991059303,0.0741310492157936,110703,spectral_structured,0.02,0
paviau_81005_spectral_structured_0.02000,0.9858241081237792,0.3055516183376312,0.6441181302070618,0.6746891736984253,0.9649999737739564,0.959999978542328,0.800000011920929,0.3271230459213257,0.4959945380687713,0.7514496445655823,0.2000000029802322,2,0.3253108263015747,0.0350000001490116,0.0399999991059303,0.1282569468021392,81005,spectral_structured,0.02,0
paviau_46408_spectral_structured_0.02000,0.990667760372162,0.268000066280365,0.1048892214894294,0.2081630527973175,0.9649999737739564,0.959999978542328,0.800000011920929,0.3547861278057098,0.4202766418457031,0.6280505657196045,0.2000000029802322,6,0.3616144955158233,0.0350000001490116,0.0399999991059303,0.8446637988090515,46408,spectral_structured,0.02,0
paviau_128127_spectral_structured_0.02000,0.9924331903457642,0.1459059417247772,0.251697838306427,0.3795296549797058,0.8910552859306335,0.959999978542328,0.800000011920929,0.4623217582702636,0.5639577507972717,0.681213915348053,0.800000011920929,6,0.3297659754753113,0.0599953159689903,0.0399999991059303,0.6970567107200623,128127,spectral_structured,0.02,0
paviau_194388_spectral_structured_0.02000,0.9989306330680848,0.2624092996120453,0.6177713871002197,0.6659632325172424,0.6994423270225525,0.959999978542328,0.800000011920929,0.3697847723960876,0.2665152847766876,0.5261936783790588,0.2000000029802322,5,0.3340367674827575,0.1293769478797912,0.0399999991059303,0.1118512079119682,194388,spectral_structured,0.02,0
paviau_117173_spectral_structured_0.02000,0.9997908473014832,0.7950248718261719,0.6370344161987305,0.6678860783576965,0.9649999737739564,0.959999978542328,0.2000000029802322,0.0767775624990463,0.2339069992303848,0.4088754653930664,0.2000000029802322,1,0.3321139216423034,0.0350000001490116,0.0399999991059303,0.0369310416281223,117173,spectral_structured,0.02,0
paviau_36113_spectral_structured_0.02000,0.9494094848632812,0.0036851202603429,0.2325427234172821,0.4153862595558166,0.3773612380027771,0.4840711057186126,1.0,0.6446210145950317,0.1591382920742035,0.1442856937646865,0.0,3,0.3576900959014892,0.2676636576652527,0.21315698325634,0.1086073294281959,36113,spectral_structured,0.02,0
paviau_94430_spectral_structured_0.02000,0.8478599190711975,0.9719001650810242,0.2564209997653961,0.5843087434768677,0.4005588889122009,0.6609438061714172,0.0,0.060418501496315,0.0593891702592372,0.0557569935917854,0.0,3,0.4156912565231323,0.2564266324043274,0.1429620385169983,0.0964836031198501,94430,spectral_structured,0.02,1
paviau_86393_spectral_structured_0.02000,0.9995798468589784,0.5016831755638123,0.4612779319286346,0.5355677008628845,0.9649999737739564,0.959999978542328,0.6000000238418579,0.2135878652334213,0.4504743814468384,0.9180850982666016,0.6000000238418579,1,0.3988421559333801,0.0350000001490116,0.0399999991059303,0.1655491143465042,86393,spectral_structured,0.02,0
paviau_60025_spectral_structured_0.02000,0.9924473762512208,0.0136455055326223,0.2477808594703674,0.3762807846069336,0.8677347302436829,0.959999978542328,1.0,0.6479703187942505,0.1380835175514221,0.0993861034512519,0.0,6,0.3432296216487884,0.0680662244558334,0.0399999991059303,0.7357476353645325,60025,spectral_structured,0.02,0
paviau_85840_spectral_structured_0.02000,0.6342064738273621,0.9830990433692932,0.0161608625203371,0.6170383095741272,0.0856585055589675,0.2155174612998962,0.0,0.1420140266418457,0.049900259822607,0.0234711803495883,0.0,4,0.3829616904258728,0.4413950741291046,0.3424980044364929,0.4231403470039367,85840,spectral_structured,0.02,1
paviau_167792_spectral_structured_0.02000,0.99342280626297,0.0315498113632202,0.291951984167099,0.4177961945533752,0.9649999737739564,0.959999978542328,1.0,0.6114734411239624,0.3746977746486664,0.7464674115180969,0.4000000059604645,2,0.3420896530151367,0.0350000001490116,0.0399999991059303,0.6727353930473328,167792,spectral_structured,0.02,0
paviau_91528_spectral_structured_0.02000,0.994988203048706,0.1017864122986793,0.58175128698349,0.6133123636245728,0.9649999737739564,0.959999978542328,1.0,0.5143899321556091,0.4328028559684753,0.5408946871757507,0.2000000029802322,2,0.3866876661777496,0.0350000001490116,0.0399999991059303,0.2591865956783294,91528,spectral_structured,0.02,0
paviau_115478_spectral_structured_0.02000,0.999848484992981,0.4409596920013428,0.6376015543937683,0.668432354927063,0.9649999737739564,0.959999978542328,0.6000000238418579,0.2491927742958068,0.395565390586853,0.9351467490196228,0.6000000238418579,1,0.331567645072937,0.0350000001490116,0.0399999991059303,0.0441587269306182,115478,spectral_structured,0.02,0
paviau_98253_spectral_structured_0.02000,0.4268265664577484,0.198551520705223,0.0614789091050624,0.6786710023880005,0.3603442013263702,0.1791956126689911,0.800000011920929,0.1127435788512229,0.481167197227478,0.7826389074325562,0.6000000238418579,3,0.3213289976119995,0.2760735154151916,0.363341748714447,0.3117628991603851,98253,spectral_structured,0.02,1
paviau_203536_spectral_structured_0.02000,0.5535393357276917,0.0340903438627719,0.0343253761529922,0.3764642775058746,0.3416052162647247,0.1311260312795639,1.0,0.2600330114364624,0.3189878463745117,0.5321281552314758,0.2000000029802322,3,0.3305078744888305,0.2855076789855957,0.3928186297416687,0.033835545182228,203536,spectral_structured,0.02,0
paviau_66088_spectral_structured_0.02000,0.9917019009590148,0.9990585446357728,0.6187369227409363,0.6501200795173645,0.9649999737739564,0.959999978542328,0.0,0.0027748092543333,0.0038657330442219,0.0013905267696827,0.0,4,0.3498798906803131,0.0350000001490116,0.0399999991059303,0.0828709006309509,66088,spectral_structured,0.02,1
paviau_61663_spectral_structured_0.02000,0.9668208956718444,9.99999993922529e-09,0.0651096850633621,0.1618894189596176,0.4915088415145874,0.7879621982574463,1.0,0.6361019015312195,0.2267280369997024,0.3131310045719147,0.2000000029802322,4,0.4347459077835083,0.2146091312170028,0.0972284451127052,0.6673845648765564,61663,spectral_structured,0.02,0
paviau_114067_spectral_structured_0.02000,0.9216282963752748,0.6383534669876099,0.075612835586071,0.6721838116645813,0.1958695501089096,0.6783452033996582,0.4000000059604645,0.0981295257806778,0.3074263036251068,0.7200401425361633,0.4000000059604645,1,0.3278161883354187,0.3665733635425567,0.1364933550357818,0.2579707503318786,114067,spectral_structured,0.02,0
paviau_70131_spectral_structured_0.02000,0.9998297691345216,0.3703706562519073,0.6406891345977783,0.6714012026786804,0.9649999737739564,0.959999978542328,0.800000011920929,0.292853832244873,0.3855847120285034,0.7831448316574097,0.800000011920929,5,0.3285987973213196,0.0350000001490116,0.0399999991059303,0.0494015738368034,70131,spectral_structured,0.02,0
paviau_134612_spectral_structured_0.02000,0.9938753247261048,0.0134163945913314,0.181963711977005,0.3116673231124878,0.9649999737739564,0.959999978542328,1.0,0.6497862339019775,0.1459321230649948,0.0807050988078117,0.0,6,0.4185721278190613,0.0350000001490116,0.0399999991059303,0.7857534289360046,134612,spectral_structured,0.02,0
paviau_181080_spectral_structured_0.02000,0.9984891414642334,0.3636552393436432,0.3738831877708435,0.4892431199550628,0.8652372360229492,0.959999978542328,0.800000011920929,0.2972081899642944,0.3108606934547424,0.7314262390136719,0.800000011920929,5,0.3173351883888244,0.0689361989498138,0.0399999991059303,0.5105215311050415,181080,spectral_structured,0.02,0
paviau_204493_spectral_structured_0.02000,0.9904245734214784,0.4608873724937439,0.3412258625030517,0.4617335498332977,0.575226902961731,0.959999978542328,0.6000000238418579,0.2302907407283783,0.4051117300987243,0.9875720739364624,0.6000000238418579,3,0.3212374448776245,0.1787814497947693,0.0399999991059303,0.3538479804992676,204493,spectral_structured,0.02,0
paviau_167490_spectral_structured_0.02000,0.99871826171875,0.4247373938560486,0.4934631288051605,0.6724528670310974,0.6043832302093506,0.959999978542328,0.6000000238418579,0.25921830534935,0.3105430603027344,0.8495240211486816,0.6000000238418579,5,0.327547162771225,0.1668137907981872,0.0399999991059303,0.0274956356734037,167490,spectral_structured,0.02,0
paviau_115423_spectral_structured_0.02000,0.9996065497398376,0.3518784046173095,0.5808218121528625,0.6250512003898621,0.9649999737739564,0.959999978542328,0.6000000238418579,0.3047443032264709,0.3274385631084442,0.7152000069618225,0.6000000238418579,1,0.3561034202575683,0.0350000001490116,0.0399999991059303,0.1540030390024185,115423,spectral_structured,0.02,0
paviau_118881_spectral_structured_0.02000,0.9998196959495544,0.8314786553382874,0.6410952806472778,0.6717910766601562,0.9649999737739564,0.959999978542328,0.0,0.0622829459607601,0.2064150422811508,0.3370423316955566,0.0,1,0.3282089531421661,0.0350000001490116,0.0399999991059303,0.0678867176175117,118881,spectral_structured,0.02,0
paviau_58905_spectral_structured_0.02000,0.997684121131897,0.6089372038841248,0.4618122279644012,0.6673631072044373,0.5791693925857544,0.959999978542328,0.4000000059604645,0.1586686074733734,0.320181131362915,0.7768537402153015,0.4000000059604645,5,0.3326368927955627,0.1771487593650818,0.0399999991059303,0.0476683005690574,58905,spectral_structured,0.02,0
paviau_141380_spectral_structured_0.02000,0.5425668954849243,0.0075085195712745,0.0515329949557781,0.4167795181274414,0.1583769917488098,0.3948002159595489,1.0,0.3540365397930145,0.5041489601135254,0.9671168923377992,0.4000000059604645,5,0.3389820158481598,0.3903117477893829,0.2523691952228546,0.1463730335235595,141380,spectral_structured,0.02,0
paviau_143757_spectral_structured_0.02000,0.985452115535736,0.6256251931190491,0.6013525128364563,0.6329732537269592,0.751954972743988,0.959999978542328,0.2000000029802322,0.1444795578718185,0.4644148051738739,0.6260004639625549,0.800000011920929,7,0.3670267462730407,0.1096229776740074,0.0399999991059303,0.3673019707202911,143757,spectral_structured,0.02,0
paviau_106950_spectral_structured_0.02000,0.9997792840003968,0.7847449779510498,0.6537726521492004,0.6838958859443665,0.9649999737739564,0.959999978542328,0.2000000029802322,0.0810431316494941,0.2371381074190139,0.430491030216217,0.2000000029802322,1,0.3161041140556335,0.0350000001490116,0.0399999991059303,0.0861020013689994,106950,spectral_structured,0.02,0
paviau_117502_spectral_structured_0.02000,0.9998196959495544,0.75790935754776,0.6331326365470886,0.6641212701797485,0.9649999737739564,0.959999978542328,0.2000000029802322,0.0922128334641456,0.2518992125988006,0.4841812252998352,0.2000000029802322,1,0.3358787298202514,0.0350000001490116,0.0399999991059303,0.0854859426617622,117502,spectral_structured,0.02,0
paviau_168988_spectral_structured_0.02000,0.9988552331924438,0.3892809748649597,0.557503879070282,0.5884841680526733,0.8983640074729919,0.959999978542328,0.6000000238418579,0.2795080840587616,0.3913935124874115,0.8171210289001465,0.6000000238418579,5,0.4115158319473266,0.0574850142002105,0.0399999991059303,0.0794667601585388,168988,spectral_structured,0.02,0
paviau_108916_spectral_structured_0.02000,0.998600423336029,0.1385201960802078,0.3740069568157196,0.4895384311676025,0.8871708512306213,0.959999978542328,1.0,0.4801605343818664,0.4872592687606811,0.952378273010254,0.4000000059604645,7,0.3149313330650329,0.0613331720232963,0.0399999991059303,0.3423680365085602,108916,spectral_structured,0.02,0
paviau_115278_spectral_structured_0.02000,0.9981285929679872,0.2657720148563385,0.5873739719390869,0.6650059223175049,0.6767180562019348,0.959999978542328,0.800000011920929,0.3650127053260803,0.3230233788490295,0.5548863410949707,0.2000000029802322,7,0.3349941074848175,0.1381205320358276,0.0399999991059303,0.0873435214161872,115278,spectral_structured,0.02,0
paviau_201811_spectral_structured_0.02000,0.9989551305770874,0.7298601269721985,0.5635760426521301,0.5947561860084534,0.9649999737739564,0.959999978542328,0.2000000029802322,0.1019088625907898,0.2700330913066864,0.5386558175086975,0.2000000029802322,3,0.4052438139915466,0.0350000001490116,0.0399999991059303,0.0538184307515621,201811,spectral_structured,0.02,0
paviau_122552_spectral_structured_0.02000,0.980042278766632,0.5144690275192261,0.6357209086418152,0.6666200757026672,0.9649999737739564,0.959999978542328,0.6000000238418579,0.1986653059720993,0.3741525709629059,0.9434739351272584,0.6000000238418579,0,0.3333799242973327,0.0350000001490116,0.0399999991059303,0.0553350746631622,122552,spectral_structured,0.02,0
paviau_199749_spectral_structured_0.02000,0.7041804790496826,0.058269165456295,0.0734751597046852,0.4359384775161743,0.3597562313079834,0.1975818574428558,1.0,0.3280340135097503,0.4094536602497101,0.8681188821792603,0.4000000059604645,3,0.364967405796051,0.2763667106628418,0.3526521623134613,0.0825110971927642,199749,spectral_structured,0.02,0
paviau_28928_spectral_structured_0.02000,0.997458040714264,0.3010742366313934,0.4025447368621826,0.6653504371643066,0.5305944085121155,0.959999978542328,0.800000011920929,0.3396549522876739,0.4795359075069427,0.7700244784355164,0.800000011920929,5,0.3346495628356933,0.1975968182086944,0.0399999991059303,0.075777418911457,28928,spectral_structured,0.02,0
paviau_63047_spectral_structured_0.02000,0.9914685487747192,1.0,0.6102102994918823,0.6417433023452759,0.9649999737739564,0.959999978542328,0.0,0.002965462161228,6.706890758323425e-07,9.99999993922529e-09,0.0,4,0.3582566976547241,0.0350000001490116,0.0399999991059303,0.1321168690919876,63047,spectral_structured,0.02,1
paviau_143739_spectral_structured_0.02000,0.9884618520736694,0.7434713244438171,0.2661373913288116,0.3817108273506164,0.9649999737739564,0.959999978542328,0.2000000029802322,0.0801950693130493,0.2593188285827636,0.5130183100700378,0.2000000029802322,1,0.4636030197143554,0.0350000001490116,0.0399999991059303,0.5096732974052429,143739,spectral_structured,0.02,0
paviau_95381_spectral_structured_0.02000,0.8860885500907898,0.0036699993070214,0.150259643793106,0.2754915654659271,0.9649999737739564,0.959999978542328,1.0,0.6622866988182068,0.2468386590480804,0.3269339501857757,0.800000011920929,2,0.3967412412166595,0.0350000001490116,0.0399999991059303,0.7177274823188782,95381,spectral_structured,0.02,0
paviau_188377_spectral_structured_0.02000,0.9982268214225768,0.1077572479844093,0.2371686995029449,0.3654144406318664,0.9649999737739564,0.959999978542328,1.0,0.5126661062240601,0.5175533294677734,0.6004953384399414,0.4000000059604645,6,0.3378847539424896,0.0350000001490116,0.0399999991059303,0.7676236629486084,188377,spectral_structured,0.02,0
paviau_128132_spectral_structured_0.02000,0.9915153980255128,0.3636641502380371,0.3190363049507141,0.4288131892681122,0.9649999737739564,0.959999978542328,0.800000011920929,0.2923014163970947,0.4839518070220947,0.8609375357627869,0.4000000059604645,6,0.4313201606273651,0.0350000001490116,0.0399999991059303,0.5215904712677002,128132,spectral_structured,0.02,0
paviau_182801_spectral_structured_0.02000,0.9987704157829284,0.2371577769517898,0.5477442145347595,0.5830532908439636,0.6466097235679626,0.959999978542328,0.800000011920929,0.3909147977828979,0.2519893646240234,0.4750526547431946,0.800000011920929,5,0.4169467091560364,0.1498990505933761,0.0399999991059303,0.0452202707529068,182801,spectral_structured,0.02,0
paviau_165805_spectral_structured_0.02000,0.9984386563301086,0.6929441690444946,0.5532727241516113,0.5840916633605957,0.8890664577484131,0.959999978542328,0.4000000059604645,0.1202831044793129,0.2873767614364624,0.6119330525398254,0.4000000059604645,5,0.4159083366394043,0.0606799833476543,0.0399999991059303,0.0359942242503166,165805,spectral_structured,0.02,0
paviau_57889_spectral_structured_0.02000,0.9959073066711426,0.5026552677154541,0.3832226991653442,0.6701755523681641,0.5143243670463562,0.959999978542328,0.6000000238418579,0.2130452692508697,0.372378259897232,0.9708410501480104,0.6000000238418579,5,0.3298244178295135,0.2046148926019668,0.0399999991059303,0.0430969111621379,57889,spectral_structured,0.02,0
paviau_132542_spectral_structured_0.02000,0.6187723278999329,5.492420768860029e-06,0.0130892731249332,0.0356589071452617,0.2890333533287048,0.3465979993343353,1.0,0.3537837862968445,0.1311981528997421,0.1678109169006347,0.0,5,0.44307342171669,0.3130427300930023,0.2748998999595642,0.3768993616104126,132542,spectral_structured,0.02,0
paviau_114063_spectral_structured_0.02000,0.9989251494407654,0.7107195258140564,0.6273439526557922,0.6632177233695984,0.9649999737739564,0.959999978542328,0.2000000029802322,0.1104697212576866,0.3226212859153747,0.5568262338638306,0.2000000029802322,1,0.3290086090564728,0.0350000001490116,0.0399999991059303,0.1524269133806228,114063,spectral_structured,0.02,0
paviau_171100_spectral_structured_0.02000,0.9988018274307252,0.6647526025772095,0.6340450644493103,0.6650028228759766,0.9649999737739564,0.959999978542328,0.2000000029802322,0.130544513463974,0.4508498013019562,0.4850061535835266,0.2000000029802322,0,0.3349971771240234,0.0350000001490116,0.0399999991059303,0.0758501887321472,171100,spectral_structured,0.02,0
paviau_194941_spectral_structured_0.02000,0.9951483607292176,0.2128857672214508,0.2443391680717468,0.4079537391662597,0.3889102339744568,0.8020399212837219,0.800000011920929,0.4081617295742035,0.462344765663147,0.5933723449707031,0.4000000059604645,7,0.3275631964206695,0.2620374262332916,0.0923569500446319,0.3509811460971832,194941,spectral_structured,0.02,0
paviau_182297_spectral_structured_0.02000,0.9930114150047302,0.3018281459808349,0.5863440632820129,0.6179510951042175,0.9649999737739564,0.959999978542328,0.800000011920929,0.333425760269165,0.3205659091472626,0.6224949955940247,0.2000000029802322,2,0.3820489048957824,0.0350000001490116,0.0399999991059303,0.0990151837468147,182297,spectral_structured,0.02,0
paviau_162950_spectral_structured_0.02000,0.995653510093689,0.2488231807947158,0.5402088165283203,0.5704129338264465,0.9649999737739564,0.959999978542328,1.0,0.3772602081298828,0.2907826900482178,0.5118365287780762,0.0,2,0.4295870661735534,0.0350000001490116,0.0399999991059303,0.1171981021761894,162950,spectral_structured,0.02,0
paviau_170037_spectral_structured_0.02000,0.9993163347244264,0.4168370068073272,0.6315054893493652,0.6625474691390991,0.9649999737739564,0.959999978542328,0.6000000238418579,0.2634025514125824,0.318239688873291,0.8363640308380127,0.6000000238418579,5,0.3374525606632232,0.0350000001490116,0.0399999991059303,0.0163194108754396,170037,spectral_structured,0.02,0
paviau_95367_spectral_structured_0.02000,0.9910876154899596,0.0533883012831211,0.2131146192550659,0.3430197834968567,0.9649999737739564,0.959999978542328,1.0,0.5782589912414551,0.2723808884620666,0.2653694450855255,0.800000011920929,2,0.3922789692878723,0.0350000001490116,0.0399999991059303,0.7347069978713989,95367,spectral_structured,0.02,0
paviau_120537_spectral_structured_0.02000,0.9929091930389404,0.7573240399360657,0.4820792376995086,0.6156483292579651,0.5953680276870728,0.959999978542328,0.2000000029802322,0.0823354050517082,0.272907018661499,0.4771506786346435,0.2000000029802322,1,0.3816820085048675,0.1704881489276886,0.0399999991059303,0.153482899069786,120537,spectral_structured,0.02,0
paviau_120565_spectral_structured_0.02000,0.999810516834259,0.6104732155799866,0.6345617771148682,0.6655017137527466,0.9649999737739564,0.959999978542328,0.2000000029802322,0.1586836278438568,0.3050872683525085,0.7788630127906799,0.2000000029802322,1,0.3344982862472534,0.0350000001490116,0.0399999991059303,0.123742751777172,120565,spectral_structured,0.02,0
paviau_33002_spectral_structured_0.02000,0.999570906162262,0.2168756127357483,0.6338078379631042,0.66477370262146,0.7980117201805115,0.959999978542328,1.0,0.40774667263031,0.2431817799806594,0.435147225856781,0.0,5,0.33522629737854,0.092780590057373,0.0399999991059303,0.0738022774457931,33002,spectral_structured,0.02,0
paviau_200141_spectral_structured_0.02000,0.9981701374053956,0.4033231735229492,0.5117089748382568,0.6267876029014587,0.6187133193016052,0.959999978542328,0.6000000238418579,0.2725026607513428,0.3134796023368835,0.8088276386260986,0.6000000238418579,5,0.3732124269008636,0.1610197871923446,0.0399999991059303,0.0553301535546779,200141,spectral_structured,0.02,0
paviau_203191_spectral_structured_0.02000,0.5078282356262207,0.0180301945656538,0.0410393103957176,0.4220230877399444,0.2422808706760406,0.1441435813903808,1.0,0.3174456059932709,0.3478632867336273,0.8859381675720215,0.4000000059604645,3,0.3279969692230224,0.339049220085144,0.3845979869365692,0.0966640636324882,203191,spectral_structured,0.02,0
paviau_95989_spectral_structured_0.02000,0.9875588417053224,0.5792407393455505,0.6173124313354492,0.6487250328063965,0.9649999737739564,0.959999978542328,0.2000000029802322,0.1664653569459915,0.4526929259300232,0.7198377251625061,0.2000000029802322,2,0.3512749671936035,0.0350000001490116,0.0399999991059303,0.1572562456130981,95989,spectral_structured,0.02,0
paviau_203182_spectral_structured_0.02000,0.9962322115898132,0.489156037569046,0.605338990688324,0.636928915977478,0.9649999737739564,0.959999978542328,0.4000000059604645,0.2135832011699676,0.3183979392051697,0.9792234897613524,0.4000000059604645,3,0.3630711138248443,0.0350000001490116,0.0399999991059303,0.0583516284823417,203182,spectral_structured,0.02,0
paviau_42326_spectral_structured_0.02000,0.9957809448242188,0.1307747811079025,0.0936743095517158,0.2003161907196045,0.9649999737739564,0.959999978542328,0.800000011920929,0.4845204949378967,0.2530436217784881,0.2948935627937317,0.2000000029802322,6,0.3994745910167694,0.0350000001490116,0.0399999991059303,0.8543263077735901,42326,spectral_structured,0.02,0
paviau_157790_spectral_structured_0.02000,0.996976375579834,0.2299183160066604,0.5755959153175354,0.6070638298988342,0.9386321306228638,0.959999978542328,0.800000011920929,0.3903776705265045,0.5246983766555786,0.7091913819313049,0.800000011920929,7,0.3929361701011657,0.043812621384859,0.0399999991059303,0.4439296424388885,157790,spectral_structured,0.02,0
paviau_117129_spectral_structured_0.02000,0.9996951818466188,0.6834607124328613,0.6312648057937622,0.6637041568756104,0.9649999737739564,0.959999978542328,0.4000000059604645,0.12417484074831,0.2924088835716247,0.6297985911369324,0.4000000059604645,1,0.3340451419353485,0.0350000001490116,0.0399999991059303,0.1372484117746353,117129,spectral_structured,0.02,0
paviau_192326_spectral_structured_0.02000,0.9991275668144226,0.2105449140071869,0.5295056104660034,0.5590709447860718,0.7679470181465149,0.959999978542328,1.0,0.4129519760608673,0.2411101758480072,0.4230630695819855,0.0,5,0.4409290552139282,0.103725716471672,0.0399999991059303,0.0708823129534721,192326,spectral_structured,0.02,0
paviau_204766_spectral_structured_0.02000,0.9981796741485596,0.5230417847633362,0.4394756853580475,0.6618837714195251,0.5610833764076233,0.959999978542328,0.4000000059604645,0.2035731673240661,0.3187570571899414,0.9527711868286132,0.6000000238418579,5,0.3381161987781524,0.1846769303083419,0.0399999991059303,0.0410001352429389,204766,spectral_structured,0.02,0
paviau_115760_spectral_structured_0.02000,0.9996144771575928,0.6610002517700195,0.6301900148391724,0.6612734794616699,0.9649999737739564,0.959999978542328,0.4000000059604645,0.134054958820343,0.3771547377109527,0.6282868385314941,0.4000000059604645,1,0.3387265205383301,0.0350000001490116,0.0399999991059303,0.204203650355339,115760,spectral_structured,0.02,0
paviau_182406_spectral_structured_0.02000,0.9267654418945312,0.9473652839660645,0.6464461088180542,0.6769161224365234,0.8650574684143066,0.8810840249061584,0.0,0.0124800475314259,0.0938467681407928,0.1052694469690322,0.0,3,0.3230839073657989,0.0689988434314727,0.0656526461243629,0.0036710400599986,182406,spectral_structured,0.02,1
paviau_34003_spectral_structured_0.02000,0.9993302822113036,0.4028621912002563,0.5512818098068237,0.5820185542106628,0.8178389072418213,0.959999978542328,0.4000000059604645,0.2716919183731079,0.3279922604560852,0.8133253455162048,0.4000000059604645,5,0.4179814755916595,0.0856600478291511,0.0399999991059303,0.0105196600779891,34003,spectral_structured,0.02,0
paviau_197793_spsa_blackbox_0.00500,0.9928948283195496,0.8927446007728577,0.7249876260757446,0.749629020690918,0.9649999737739564,0.959999978542328,0.0,0.0280463546514511,0.1550774127244949,0.2145107686519622,0.0,1,0.2503709495067596,0.0350000001490116,0.0399999991059303,0.0,197793,spsa_blackbox,0.005,1
paviau_99830_spsa_blackbox_0.00500,0.9050434827804564,0.6754722595214844,0.756271243095398,0.7773883938789368,0.9649999737739564,0.959999978542328,0.0,0.0441791638731956,0.3654244244098663,0.5916625261306763,0.0,5,0.2226115763187408,0.0350000001490116,0.0399999991059303,0.0009515792480669,99830,spsa_blackbox,0.005,1
paviau_99524_spsa_blackbox_0.00500,0.9898577332496644,0.9784889221191406,0.7140268683433533,0.739749014377594,0.9649999737739564,0.959999978542328,0.0,0.0044802166521549,0.053982138633728,0.0380162633955478,0.0,0,0.260250985622406,0.0350000001490116,0.0399999991059303,0.000411885412177,99524,spsa_blackbox,0.005,1
paviau_189285_spsa_blackbox_0.00500,0.9992762207984924,0.9835805296897888,0.7754368782043457,0.7940863370895386,0.9649999737739564,0.959999978542328,0.0,0.0046462337486445,0.0381202958524227,0.0328387767076492,0.0,1,0.2059136629104614,0.0350000001490116,0.0399999991059303,0.0003094493586104,189285,spsa_blackbox,0.005,1
paviau_113054_spsa_blackbox_0.00500,0.9981867671012878,0.9680189490318298,0.6932429075241089,0.7207844257354736,0.9649999737739564,0.959999978542328,0.0,0.008772668428719,0.0804041177034378,0.0476295985281467,0.0,5,0.2792155742645263,0.0350000001490116,0.0399999991059303,0.0,113054,spsa_blackbox,0.005,1
paviau_186048_spsa_blackbox_0.00500,0.9808138012886048,0.8392419815063477,0.7043547630310059,0.7309615015983582,0.9649999737739564,0.959999978542328,0.0,0.0451439470052719,0.2325000464916229,0.3037635684013366,0.0,7,0.2690385282039642,0.0350000001490116,0.0399999991059303,0.0,186048,spsa_blackbox,0.005,1
paviau_28727_spsa_blackbox_0.00500,0.9984845519065856,0.9960725903511048,0.8757384419441223,0.8780076503753662,0.9649999737739564,0.959999978542328,0.0,0.0007630420150235,0.0116865625604987,0.0078548407182097,0.0,3,0.121992327272892,0.0350000001490116,0.0399999991059303,0.0,28727,spsa_blackbox,0.005,1
paviau_172597_spsa_blackbox_0.00500,0.9983807802200316,0.8154013752937317,0.4717165231704712,0.5626901984214783,0.9649999737739564,0.959999978542328,0.2000000029802322,0.0652907043695449,0.2206880003213882,0.3681220412254333,0.800000011920929,1,0.3243108093738556,0.0350000001490116,0.0399999991059303,0.119014672935009,172597,spsa_blackbox,0.005,1
paviau_64396_spsa_blackbox_0.00500,0.996442973613739,0.9880122542381288,0.795683741569519,0.8114835619926453,0.9649999737739564,0.959999978542328,0.0,0.0045829489827156,0.0355337522923946,0.0181390028446912,0.0,4,0.1885164678096771,0.0350000001490116,0.0399999991059303,0.0,64396,spsa_blackbox,0.005,1
paviau_2818_spsa_blackbox_0.00500,0.951163113117218,0.9752658605575562,0.7145530581474304,0.7402251958847046,0.9649999737739564,0.959999978542328,0.0,0.0101957283914089,0.0628507733345031,0.0431314744055271,0.0,0,0.2597748041152954,0.0350000001490116,0.0399999991059303,0.0,2818,spsa_blackbox,0.005,1
paviau_205092_spsa_blackbox_0.00500,0.9971603155136108,0.9279474020004272,0.9725648164749146,0.9541776776313782,0.9649999737739564,0.959999978542328,0.0,0.0212290752679109,0.1178409159183502,0.1441047340631485,0.0,1,0.0458223186433315,0.0350000001490116,0.0399999991059303,0.0,205092,spsa_blackbox,0.005,1
paviau_86474_spsa_blackbox_0.00500,0.9988424181938172,0.7798715233802795,0.7555739879608154,0.7767765522003174,0.9649999737739564,0.959999978542328,0.0,0.0803677961230278,0.2521468102931976,0.4350883066654205,0.0,1,0.2232234477996826,0.0350000001490116,0.0399999991059303,0.0,86474,spsa_blackbox,0.005,1
paviau_200480_spsa_blackbox_0.00500,0.9983951449394226,0.8502256274223328,0.7250455021858215,0.7496811151504517,0.9649999737739564,0.959999978542328,0.0,0.0515020042657852,0.2039142400026321,0.2939890325069427,0.0,1,0.2503189146518707,0.0350000001490116,0.0399999991059303,0.001594008761458,200480,spsa_blackbox,0.005,1
paviau_148258_spsa_blackbox_0.00500,0.9964423775672911,0.9989445209503174,0.5134434700012207,0.7324244379997253,0.9649999737739564,0.6221674084663391,0.0,0.0014429268194362,0.0037824152968823,0.0021079084835946,0.0,8,0.1223354637622833,0.0350000001490116,0.1576327085494995,0.0,148258,spsa_blackbox,0.005,1
paviau_158651_spsa_blackbox_0.00500,0.9617686867713928,0.9910169839859008,0.3425966203212738,0.7994979619979858,0.9649999737739564,0.4833434820175171,0.0,0.0064867758192121,0.0274647753685712,0.0145300393924117,0.0,0,0.2005020380020141,0.0350000001490116,0.2134649008512497,5.046116712037474e-06,158651,spsa_blackbox,0.005,1
paviau_74661_spsa_blackbox_0.00500,0.9975311160087584,0.9777536988258362,0.7801448702812195,0.7981535792350769,0.9649999737739564,0.959999978542328,0.0,0.0048350556753575,0.056715689599514,0.0391246601939201,0.0,0,0.2018464058637619,0.0350000001490116,0.0399999991059303,0.0,74661,spsa_blackbox,0.005,1
paviau_185318_spsa_blackbox_0.00500,0.99662846326828,0.9400680065155028,0.6942358016967773,0.7216973304748535,0.9649999737739564,0.959999978542328,0.0,0.0192586183547973,0.1032131165266037,0.1198639124631881,0.0,3,0.2783026993274688,0.0350000001490116,0.0399999991059303,0.0,185318,spsa_blackbox,0.005,1
paviau_56906_spsa_blackbox_0.00500,0.9977593421936036,1.0,0.6950055360794067,0.7224047183990479,0.9649999737739564,0.959999978542328,0.0,0.0007768106879666,6.706890758323425e-07,9.99999993922529e-09,0.0,4,0.2775953114032745,0.0350000001490116,0.0399999991059303,0.0006086932262405,56906,spsa_blackbox,0.005,1
paviau_57520_spsa_blackbox_0.00500,0.4991411566734314,0.2587527632713318,0.2340785413980484,0.5584641695022583,0.9649999737739564,0.3837824761867523,0.800000011920929,0.109666496515274,0.6039066910743713,0.895319402217865,0.6000000238418579,2,0.2164892554283142,0.0350000001490116,0.257427304983139,0.0061697345227003,57520,spsa_blackbox,0.005,0
paviau_197254_spsa_blackbox_0.00500,0.55718594789505,0.0196976382285356,0.2431775629520416,0.439008504152298,0.9649999737739564,0.3926315307617187,1.0,0.2111941874027252,0.0800662115216255,0.0525512509047985,0.0,6,0.2191648185253143,0.0350000001490116,0.2533607184886932,0.1298360824584961,197254,spsa_blackbox,0.005,0
paviau_150149_spsa_blackbox_0.00500,0.9944542050361632,0.9985418915748596,0.5774217247962952,0.6597951650619507,0.9649999737739564,0.7448632717132568,0.0,0.0021774834021925,0.0050040129572153,0.0029142424464225,0.0,8,0.1600060164928436,0.0350000001490116,0.112375721335411,0.0,150149,spsa_blackbox,0.005,1
paviau_99153_spsa_blackbox_0.00500,0.4819070994853973,0.241246148943901,0.0093956226482987,0.964515507221222,0.1548739522695541,0.067581221461296,1.0,0.0679727867245674,0.2667442560195923,0.4872131943702698,0.0,1,0.0354845151305198,0.3926085829734802,0.4360719323158264,0.6644828915596008,99153,spsa_blackbox,0.005,0
paviau_174143_spsa_blackbox_0.00500,0.885201632976532,0.6868075728416443,0.8198666572570801,0.8319492936134338,0.9649999737739564,0.959999978542328,0.0,0.0825659185647964,0.3476749062538147,0.5826168060302734,0.0,7,0.1680506914854049,0.0350000001490116,0.0399999991059303,0.0,174143,spsa_blackbox,0.005,1
paviau_197247_spsa_blackbox_0.00500,0.99298357963562,0.947836935520172,0.6801509261131287,0.7086788415908813,0.9649999737739564,0.959999978542328,0.0,0.0106893135234713,0.0988439247012138,0.1017701998353004,0.0,0,0.291321188211441,0.0350000001490116,0.0399999991059303,0.0201542861759662,197247,spsa_blackbox,0.005,1
paviau_154248_spsa_blackbox_0.00500,0.5743148922920227,0.0403525754809379,0.5346341729164124,0.8288686871528625,0.9649999737739564,0.6383495330810547,1.0,0.1997981518507003,0.2989839911460876,0.2762702703475952,0.0,2,0.1711312979459762,0.0350000001490116,0.1514662653207779,0.0356280617415905,154248,spsa_blackbox,0.005,0
paviau_205211_spsa_blackbox_0.00500,0.9994025230407716,0.927518367767334,0.7411869764328003,0.7640833258628845,0.9649999737739564,0.959999978542328,0.0,0.0253620576113462,0.1335427165031433,0.1325755417346954,0.0,1,0.2359166890382766,0.0350000001490116,0.0399999991059303,0.0,205211,spsa_blackbox,0.005,1
paviau_203152_spsa_blackbox_0.00500,0.9995198249816896,0.965673327445984,0.7029826045036316,0.7297095656394958,0.9649999737739564,0.959999978542328,0.0,0.0114969788119196,0.0683321580290794,0.068556398153305,0.0,1,0.2702904045581817,0.0350000001490116,0.0399999991059303,0.0,203152,spsa_blackbox,0.005,1
paviau_108239_spsa_blackbox_0.00500,0.9958322644233704,0.6986256837844849,0.2170005887746811,0.6716373562812805,0.9649999737739564,0.3668609857559204,0.2000000029802322,0.1108339875936508,0.3992120921611786,0.4908275306224823,0.2000000029802322,6,0.2075517028570175,0.0350000001490116,0.2652996182441711,0.0155223235487937,108239,spsa_blackbox,0.005,1
paviau_186561_spsa_blackbox_0.00500,0.9684607982635498,0.9672507047653198,0.1851800829172134,0.780692458152771,0.9649999737739564,0.3340889513492584,0.0,0.000574666832108,0.0656168907880783,0.0654984265565872,0.0,1,0.2193075269460678,0.0350000001490116,0.2809256017208099,0.0212921313941478,186561,spsa_blackbox,0.005,1
paviau_148116_spsa_blackbox_0.00500,0.9969679713249208,0.999510943889618,0.4490557610988617,0.7215261459350586,0.9649999737739564,0.5717564821243286,0.0,0.0011087930761277,0.0019275841768831,0.0009753436897881,0.0,8,0.1073502525687217,0.0350000001490116,0.1772717088460922,0.0,148116,spsa_blackbox,0.005,1
paviau_169208_spsa_blackbox_0.00500,0.9988605976104736,0.920381724834442,0.7812551259994507,0.7991108298301697,0.9649999737739564,0.959999978542328,0.0,0.0269916430115699,0.1489222794771194,0.1344460248947143,0.0,1,0.2008891552686691,0.0350000001490116,0.0399999991059303,0.0,169208,spsa_blackbox,0.005,1
paviau_177365_spsa_blackbox_0.00500,0.9905012845993042,0.926197111606598,0.7389115691184998,0.7620634436607361,0.9649999737739564,0.959999978542328,0.0,0.015716515481472,0.119869515299797,0.1476047337055206,0.0,1,0.2379365414381027,0.0350000001490116,0.0399999991059303,0.0,177365,spsa_blackbox,0.005,1
paviau_139414_spsa_blackbox_0.00500,0.6527071595191956,0.2751608192920685,0.9555052518844604,0.975000023841858,0.9649999737739564,0.9313173890113832,0.800000011920929,0.0834503397345542,0.4199057519435882,0.6391919255256653,0.800000011920929,2,0.025000000372529,0.0350000001490116,0.049214232712984,1.0044313967227936e-05,139414,spsa_blackbox,0.005,1
paviau_55813_spsa_blackbox_0.00500,0.9732990860939026,0.6507657766342163,0.4812923669815063,0.5816114544868469,0.9649999737739564,0.959999978542328,0.2000000029802322,0.1195151954889297,0.3283125162124634,0.6827797889709473,0.2000000029802322,7,0.1884491145610809,0.0350000001490116,0.0399999991059303,0.2014022320508957,55813,spsa_blackbox,0.005,1
paviau_206969_spsa_blackbox_0.00500,0.9997429251670836,0.9548608064651488,0.6985957622528076,0.7256979942321777,0.9649999737739564,0.959999978542328,0.0,0.0156636144965887,0.0850704386830329,0.0897281467914581,0.0,1,0.2743020057678222,0.0350000001490116,0.0399999991059303,0.0,206969,spsa_blackbox,0.005,1
paviau_202538_spsa_blackbox_0.00500,0.9954718351364136,0.9599205851554872,0.983954131603241,0.962860107421875,0.9649999737739564,0.959999978542328,0.0,0.0133054042235016,0.0799766182899475,0.0782982259988784,0.0,1,0.0371398665010929,0.0350000001490116,0.0399999991059303,0.0,202538,spsa_blackbox,0.005,1
paviau_202464_spsa_blackbox_0.00500,0.9991388320922852,0.9764255285263062,0.829917848110199,0.8403586149215698,0.9649999737739564,0.959999978542328,0.0,0.0078611895442008,0.0588275007903575,0.0395653545856475,0.0,1,0.1596413552761078,0.0350000001490116,0.0399999991059303,0.0,202464,spsa_blackbox,0.005,1
paviau_166484_spsa_blackbox_0.00500,0.9989911913871764,0.973540186882019,0.8165530562400818,0.8291646838188171,0.9649999737739564,0.959999978542328,0.0,0.008797051385045,0.0556237511336803,0.0529192388057708,0.0,1,0.1708353012800216,0.0350000001490116,0.0399999991059303,0.0,166484,spsa_blackbox,0.005,1
paviau_119884_spsa_blackbox_0.00500,0.6156452894210815,0.7560480237007141,0.2988370060920715,0.7650164365768433,0.9446917176246644,0.4446152448654175,0.0,0.0218775440007448,0.2960705757141113,0.463835746049881,0.0,5,0.2349835485219955,0.0417778044939041,0.2301195561885833,0.0073610926046967,119884,spsa_blackbox,0.005,1
paviau_47297_spsa_blackbox_0.00500,0.9797779321670532,0.4544612467288971,0.7083924412727356,0.7346378564834595,0.9649999737739564,0.959999978542328,0.4000000059604645,0.2062155902385711,0.5222470760345459,0.9192346334457396,0.4000000059604645,0,0.2653621435165405,0.0350000001490116,0.0399999991059303,0.0,47297,spsa_blackbox,0.005,1
paviau_85491_spsa_blackbox_0.00500,0.9935789108276368,0.9977200627326964,0.7915067672729492,0.8079144358634949,0.9649999737739564,0.959999978542328,0.0,0.002619485836476,0.0078976992517709,0.0040558301843702,0.0,4,0.1920855939388275,0.0350000001490116,0.0399999991059303,0.0,85491,spsa_blackbox,0.005,1
paviau_37082_spsa_blackbox_0.00500,0.9984124898910522,0.950794756412506,0.7206156253814697,0.7456980347633362,0.9649999737739564,0.959999978542328,0.0,0.0159282758831977,0.0892835929989814,0.0984099954366684,0.0,1,0.2543019652366638,0.0350000001490116,0.0399999991059303,0.0,37082,spsa_blackbox,0.005,1
paviau_199354_spsa_blackbox_0.00500,0.9947252869606018,0.7308946251869202,0.1908221244812011,0.2934399545192718,0.9649999737739564,0.959999978542328,0.2000000029802322,0.099099151790142,0.2803194522857666,0.5322810411453247,0.2000000029802322,3,0.2408631742000579,0.0350000001490116,0.0399999991059303,0.838420569896698,199354,spsa_blackbox,0.005,1
paviau_96456_spsa_blackbox_0.00500,0.9980474710464478,0.6123589277267456,0.5338759422302246,0.6227169632911682,0.9649999737739564,0.959999978542328,0.2000000029802322,0.1537075042724609,0.5035331845283508,0.601058304309845,0.2000000029802322,0,0.1310918927192688,0.0350000001490116,0.0399999991059303,0.0227277260273695,96456,spsa_blackbox,0.005,1
paviau_166305_spsa_blackbox_0.00500,0.9867432117462158,0.8673540949821472,0.39513099193573,0.50678950548172,0.9649999737739564,0.959999978542328,0.2000000029802322,0.0330494828522205,0.1942939311265945,0.2552694380283355,0.2000000029802322,1,0.3129034340381622,0.0350000001490116,0.0399999991059303,0.3189173340797424,166305,spsa_blackbox,0.005,1
paviau_36093_spsa_blackbox_0.00500,0.9997536540031432,0.9753034114837646,0.7404106259346008,0.7633945345878601,0.9649999737739564,0.959999978542328,0.0,0.0085595054551959,0.0527003742754459,0.0493930988013744,0.0,1,0.2366054952144622,0.0350000001490116,0.0399999991059303,0.0,36093,spsa_blackbox,0.005,1
paviau_11960_spsa_blackbox_0.00500,0.7772976160049438,0.7073579430580139,0.3783381879329681,0.4948941469192505,0.9649999737739564,0.9254612326622008,0.0,0.0430570505559444,0.4363150000572204,0.4019771814346313,0.0,0,0.2784831523895263,0.0350000001490116,0.0511105582118034,0.1084579154849052,11960,spsa_blackbox,0.005,1
paviau_184835_spsa_blackbox_0.00500,0.99963641166687,0.950191617012024,0.8020551800727844,0.8169082403182983,0.9649999737739564,0.959999978542328,0.0,0.0171104054898023,0.0927498489618301,0.098366767168045,0.0,1,0.183091789484024,0.0350000001490116,0.0399999991059303,0.0,184835,spsa_blackbox,0.005,1
paviau_203591_spsa_blackbox_0.00500,0.9990336894989014,0.9878609776496888,0.8325966000556946,0.8425903916358948,0.9649999737739564,0.959999978542328,0.0,0.0029640267603099,0.0298629030585289,0.0242780186235904,0.0,1,0.1574096232652664,0.0350000001490116,0.0399999991059303,0.0,203591,spsa_blackbox,0.005,1
paviau_22831_spsa_blackbox_0.00500,0.9838953614234924,0.901944935321808,0.7552722692489624,0.7765117883682251,0.9649999737739564,0.9183896780014038,0.0,0.0178178586065769,0.1475195586681366,0.1955708563327789,0.0,1,0.2234882116317749,0.0350000001490116,0.0534073822200298,0.0004512224113568,22831,spsa_blackbox,0.005,1
paviau_99724_spsa_blackbox_0.00500,0.5652338862419128,0.562572717666626,0.3244421184062958,0.7823960185050964,0.7252504229545593,0.4674758017063141,0.4000000059604645,0.1850974857807159,0.4143218398094177,0.8161724209785461,0.4000000059604645,7,0.2176039814949035,0.1195921227335929,0.2202247083187103,0.0063204295001924,99724,spsa_blackbox,0.005,1
paviau_161370_spsa_blackbox_0.00500,0.9983711838722228,0.9851880669593812,0.6845120787620544,0.7127254009246826,0.9649999737739564,0.959999978542328,0.0,0.0048413844779133,0.0350876748561859,0.0296238120645284,0.0,3,0.287274569272995,0.0350000001490116,0.0399999991059303,0.0,161370,spsa_blackbox,0.005,1
paviau_135731_spsa_blackbox_0.00500,0.5695413947105408,0.3875564336776733,0.4260982871055603,0.7475401759147644,0.5501272082328796,0.6335153579711914,0.6000000238418579,0.0244387425482273,0.3873662948608398,0.8171437978744507,0.4000000059604645,2,0.252459853887558,0.1892858743667602,0.1533016711473465,0.0061445860192179,135731,spsa_blackbox,0.005,1
paviau_204226_spsa_blackbox_0.00500,0.999345600605011,0.9854415655136108,0.7581060528755188,0.7789968848228455,0.9649999737739564,0.959999978542328,0.0,0.0045126494951546,0.035100731998682,0.0289077851921319,0.0,1,0.2210031151771545,0.0350000001490116,0.0399999991059303,0.0,204226,spsa_blackbox,0.005,1
paviau_71505_spsa_blackbox_0.00500,0.9941389560699464,0.3803659677505493,0.2952453196048736,0.4190472960472107,0.7019106149673462,0.959999978542328,0.6000000238418579,0.2773086428642273,0.3518497347831726,0.7798899412155151,0.4000000059604645,1,0.2810432910919189,0.1284345537424087,0.0399999991059303,0.4327556788921356,71505,spsa_blackbox,0.005,1
paviau_164269_spsa_blackbox_0.00500,0.775495171546936,0.2415842413902282,0.533160924911499,0.6158903241157532,0.7241686582565308,0.6778843402862549,0.6000000238418579,0.1568330377340316,0.4623892307281494,0.595339834690094,0.4000000059604645,5,0.2752442359924316,0.1199992522597312,0.1366637796163559,0.0094052497297525,164269,spsa_blackbox,0.005,0
paviau_189459_spsa_blackbox_0.00500,0.870909571647644,0.5078084468841553,0.5329943895339966,0.7539042830467224,0.9649999737739564,0.6371039748191833,0.4000000059604645,0.1922989636659622,0.3772019445896148,0.9551947116851808,0.4000000059604645,7,0.2460957318544387,0.0350000001490116,0.151938647031784,9.034499271365348e-06,189459,spsa_blackbox,0.005,1
paviau_158107_spsa_blackbox_0.00500,0.9428877234458924,0.7476078867912292,0.6364008784294128,0.6672756671905518,0.9649999737739564,0.8799976110458374,0.0,0.0407096967101097,0.3579742610454559,0.4290128946304321,0.0,2,0.3327243328094482,0.0350000001490116,0.0660125762224197,0.0243400838226079,158107,spsa_blackbox,0.005,1
paviau_167460_spsa_blackbox_0.00500,0.9985675811767578,0.95865660905838,0.8139623403549194,0.8269832730293274,0.9649999737739564,0.959999978542328,0.0,0.0139747289940714,0.0783677250146865,0.0826867371797561,0.0,3,0.1730167120695114,0.0350000001490116,0.0399999991059303,0.0,167460,spsa_blackbox,0.005,1
paviau_200505_spsa_blackbox_0.00500,0.9995248317718506,0.9901413917541504,0.7195424437522888,0.7447310090065002,0.9649999737739564,0.959999978542328,0.0,0.0027790835592895,0.0251920334994792,0.0197171363979578,0.0,1,0.2552689909934997,0.0350000001490116,0.0399999991059303,0.0,200505,spsa_blackbox,0.005,1
paviau_197450_spsa_blackbox_0.00500,0.9974351525306702,0.9537177681922911,0.759530246257782,0.7802439332008362,0.9649999737739564,0.959999978542328,0.0,0.012408890761435,0.0853009521961212,0.0925641134381294,0.0,1,0.2197560667991638,0.0350000001490116,0.0399999991059303,0.0,197450,spsa_blackbox,0.005,1
paviau_189966_spsa_blackbox_0.00500,0.9996228218078612,0.9778180718421936,0.7953537702560425,0.8112019896507263,0.9649999737739564,0.959999978542328,0.0,0.0070717828348279,0.0499659441411495,0.0435862876474857,0.0,1,0.1887979805469513,0.0350000001490116,0.0399999991059303,0.0,189966,spsa_blackbox,0.005,1
paviau_165464_spsa_blackbox_0.00500,0.9980813264846802,0.7759751677513123,0.7069838643074036,0.7333566546440125,0.9649999737739564,0.959999978542328,0.0,0.0812912136316299,0.2425213754177093,0.4479557275772095,0.0,1,0.2666433453559875,0.0350000001490116,0.0399999991059303,0.0,165464,spsa_blackbox,0.005,1
paviau_202528_spsa_blackbox_0.00500,0.9993780851364136,0.990749180316925,0.7856696248054504,0.8029094934463501,0.9649999737739564,0.959999978542328,0.0,0.0032605570740997,0.0239079464226961,0.0185016207396984,0.0,1,0.1970904916524887,0.0350000001490116,0.0399999991059303,0.0,202528,spsa_blackbox,0.005,1
paviau_90977_spsa_blackbox_0.00500,0.9880136251449584,0.7798044085502625,0.6744794845581055,0.7033952474594116,0.9649999737739564,0.959999978542328,0.2000000029802322,0.0670094937086105,0.3401801586151123,0.3633206188678741,0.2000000029802322,5,0.2966047525405884,0.0350000001490116,0.0399999991059303,0.0,90977,spsa_blackbox,0.005,1
paviau_174878_spsa_blackbox_0.00500,0.9890263676643372,0.8559514880180359,0.8708145618438721,0.8740142583847046,0.9649999737739564,0.959999978542328,0.0,0.0428529903292655,0.2609894871711731,0.2122950404882431,0.0,7,0.125985711812973,0.0350000001490116,0.0399999991059303,0.0,174878,spsa_blackbox,0.005,1
paviau_67012_spsa_blackbox_0.00500,0.9741917252540588,0.8364946842193604,0.347385436296463,0.4642888605594635,0.9649999737739564,0.959999978542328,0.0,0.0330732725560665,0.2628142833709717,0.2486757636070251,0.0,7,0.3521550893783569,0.0350000001490116,0.0399999991059303,0.3532420098781585,67012,spsa_blackbox,0.005,1
paviau_185345_spsa_blackbox_0.00500,0.9629585146903992,0.63655024766922,0.7393234372138977,0.762429416179657,0.9649999737739564,0.959999978542328,0.2000000029802322,0.1097699031233787,0.3215171098709106,0.7180148363113403,0.2000000029802322,7,0.2375705987215042,0.0350000001490116,0.0399999991059303,0.0,185345,spsa_blackbox,0.005,1
paviau_33401_spsa_blackbox_0.00500,0.9997568726539612,0.9256159663200378,0.6996919512748718,0.7267017364501953,0.9649999737739564,0.959999978542328,0.0,0.0262402165681123,0.1205343380570411,0.148767665028572,0.0,1,0.2732982635498047,0.0350000001490116,0.0399999991059303,0.0,33401,spsa_blackbox,0.005,1
paviau_103902_spsa_blackbox_0.00500,0.9777740240097046,0.2976467907428741,0.6684772372245789,0.6977770328521729,0.9649999737739564,0.959999978542328,0.800000011920929,0.2993909418582916,0.2771327197551727,0.5952983498573303,0.2000000029802322,5,0.3022229373455047,0.0350000001490116,0.0399999991059303,0.0,103902,spsa_blackbox,0.005,1
paviau_199449_spsa_blackbox_0.00500,0.999214768409729,0.9929234981536864,0.7691749334335327,0.7922089099884033,0.9649999737739564,0.959999978542328,0.0,0.0017379535129293,0.0191583577543497,0.0141523797065019,0.0,1,0.1974035501480102,0.0350000001490116,0.0399999991059303,0.0067421183921396,199449,spsa_blackbox,0.005,1
paviau_172264_spsa_blackbox_0.00500,0.9967883825302124,0.6814753413200378,0.4365304708480835,0.5435564517974854,0.9649999737739564,0.959999978542328,0.4000000059604645,0.1182903200387954,0.2914632558822632,0.6345393657684326,0.6000000238418579,1,0.2687867283821106,0.0350000001490116,0.0399999991059303,0.2491071969270706,172264,spsa_blackbox,0.005,1
paviau_145791_spsa_blackbox_0.00500,0.8208113312721252,0.0013615543721243,0.4688620269298553,0.5712360739707947,0.9649999737739564,0.8818052411079407,1.0,0.4434350430965423,0.1162606254220008,0.1127651408314704,0.0,7,0.1931052058935165,0.0350000001490116,0.0654138401150703,0.2588184773921966,145791,spsa_blackbox,0.005,0
paviau_66332_spsa_blackbox_0.00500,0.9730321168899536,0.6544314622879028,0.5048305988311768,0.6002998948097229,0.9649999737739564,0.959999978542328,0.2000000029802322,0.1062058880925178,0.3423739969730377,0.6592470407485962,0.2000000029802322,7,0.162372276186943,0.0350000001490116,0.0399999991059303,0.1748311221599578,66332,spsa_blackbox,0.005,1
paviau_128458_spsa_blackbox_0.00500,0.9621203541755676,0.4119307100772857,0.5542265176773071,0.6383495330810547,0.9649999737739564,0.7675349116325378,0.6000000238418579,0.2278673648834228,0.3125025331974029,0.8251346945762634,0.4000000059604645,3,0.2250606119632721,0.0350000001490116,0.1043630391359329,0.0,128458,spsa_blackbox,0.005,1
paviau_158114_spsa_blackbox_0.00500,0.988153874874115,0.4422927498817444,0.8424871563911438,0.8507968783378601,0.9649999737739564,0.959999978542328,0.4000000059604645,0.2243722379207611,0.4622208476066589,0.9773584604263306,0.4000000059604645,2,0.1492031067609787,0.0350000001490116,0.0399999991059303,0.0,158114,spsa_blackbox,0.005,1
paviau_187544_spsa_blackbox_0.00500,0.999616265296936,0.9931520223617554,0.8547965288162231,0.8609372973442078,0.9649999737739564,0.959999978542328,0.0,0.0020931023173034,0.0186392832547426,0.0136959413066506,0.0,1,0.1390627175569534,0.0350000001490116,0.0399999991059303,0.0,187544,spsa_blackbox,0.005,1
paviau_117847_spsa_blackbox_0.00500,0.8409736752510071,0.659497082233429,0.6910919547080994,0.7188040614128113,0.9649999737739564,0.959999978542328,0.2000000029802322,0.0238729733973741,0.2928003370761871,0.6807810664176941,0.800000011920929,5,0.2811959385871887,0.0350000001490116,0.0399999991059303,0.0053122360259294,117847,spsa_blackbox,0.005,1
paviau_105253_spsa_blackbox_0.00500,0.9961121678352356,0.3472862839698791,0.9101707935333252,0.9055973887443542,0.9649999737739564,0.959999978542328,0.800000011920929,0.2988683581352234,0.2940928936004638,0.6946104168891907,0.2000000029802322,5,0.0944026187062263,0.0350000001490116,0.0399999991059303,0.0,105253,spsa_blackbox,0.005,1
paviau_52089_spsa_blackbox_0.00500,0.9992601275444032,0.9375444054603576,0.7265979051589966,0.7510738372802734,0.9649999737739564,0.959999978542328,0.0,0.0213118642568588,0.1069221943616867,0.1247604116797447,0.0,1,0.2489261925220489,0.0350000001490116,0.0399999991059303,0.0040258192457258,52089,spsa_blackbox,0.005,1
paviau_180771_spsa_blackbox_0.01000,0.9359302520751952,0.4749397933483124,0.5490870475769043,0.6720317006111145,0.9649999737739564,0.6492809653282166,0.4000000059604645,0.1426555216312408,0.3149082064628601,0.9498820304870604,0.4000000059604645,1,0.3279682993888855,0.0350000001490116,0.1473366916179657,0.0135176675394177,180771,spsa_blackbox,0.01,1
paviau_182443_spsa_blackbox_0.01000,0.9994767308235168,0.9560978412628174,0.6635595560073853,0.6931533813476562,0.9649999737739564,0.959999978542328,0.0,0.0147061478346586,0.083769179880619,0.0870271548628807,0.0,1,0.3068466186523437,0.0350000001490116,0.0399999991059303,0.0038441910874098,182443,spsa_blackbox,0.01,1
paviau_201120_spsa_blackbox_0.01000,0.9990642666816713,0.9539468288421632,0.6399664282798767,0.6707069873809814,0.9649999737739564,0.959999978542328,0.0,0.0148166446015238,0.0913415998220443,0.0879449695348739,0.0,1,0.3292930126190185,0.0350000001490116,0.0399999991059303,0.0021828662138432,201120,spsa_blackbox,0.01,1
paviau_162676_spsa_blackbox_0.01000,0.9832504391670228,0.4789051711559295,0.6653103232383728,0.6948016285896301,0.9649999737739564,0.959999978542328,0.4000000059604645,0.204545721411705,0.5583122372627258,0.8179327845573425,0.4000000059604645,7,0.3051983714103699,0.0350000001490116,0.0399999991059303,0.0086106481030583,162676,spsa_blackbox,0.01,1
paviau_53448_spsa_blackbox_0.01000,0.9980033040046692,0.8660545349121094,0.6344218254089355,0.6653665900230408,0.9649999737739564,0.959999978542328,0.0,0.0460132770240306,0.1880441606044769,0.2642504572868347,0.0,1,0.3346333801746368,0.0350000001490116,0.0399999991059303,0.0,53448,spsa_blackbox,0.01,1
paviau_30077_spsa_blackbox_0.01000,0.9927393794059752,0.9376274943351746,0.5046050548553467,0.5804054141044617,0.9649999737739564,0.959999978542328,0.0,0.02104402333498,0.1157622337341308,0.1200620755553245,0.0,3,0.3446952700614929,0.0350000001490116,0.0399999991059303,0.0042565590701997,30077,spsa_blackbox,0.01,1
paviau_62705_spsa_blackbox_0.01000,0.9953536987304688,0.9997754693031312,0.6084088087081909,0.639965295791626,0.9649999737739564,0.959999978542328,0.0,0.0015149657847359,0.0009612992289476,0.0004490616556722,0.0,4,0.360034704208374,0.0350000001490116,0.0399999991059303,0.0676148235797882,62705,spsa_blackbox,0.01,1
paviau_64792_spsa_blackbox_0.01000,0.9940061569213868,0.5578081607818604,0.3671525120735168,0.4829984903335571,0.9649999737739564,0.959999978542328,0.4000000059604645,0.1779331713914871,0.5610138177871704,0.6657983660697937,0.4000000059604645,0,0.3260481059551239,0.0350000001490116,0.0399999991059303,0.1280622482299804,64792,spsa_blackbox,0.01,1
paviau_97758_spsa_blackbox_0.01000,0.9853148460388184,0.4131472706794739,0.604773998260498,0.6363691091537476,0.9649999737739564,0.7833231687545776,0.6000000238418579,0.2370026856660843,0.5562466382980347,0.9475902318954468,0.4000000059604645,5,0.36363086104393,0.0350000001490116,0.0988417863845825,0.0029965844005346,97758,spsa_blackbox,0.01,1
paviau_63047_spsa_blackbox_0.01000,0.9961085915565492,1.0,0.6390722990036011,0.6698474884033203,0.9649999737739564,0.959999978542328,0.0,0.0013501874636858,6.706890758323425e-07,9.99999993922529e-09,0.0,4,0.3301525115966797,0.0350000001490116,0.0399999991059303,0.0290775001049041,63047,spsa_blackbox,0.01,1
paviau_100480_spsa_blackbox_0.01000,0.9747314453125,0.606955349445343,0.6304224133491516,0.6614987254142761,0.9649999737739564,0.959999978542328,0.4000000059604645,0.1225296705961227,0.3138580918312073,0.783305823802948,0.6000000238418579,5,0.3385013043880462,0.0350000001490116,0.0399999991059303,0.0066672838293015,100480,spsa_blackbox,0.01,1
paviau_163010_spsa_blackbox_0.01000,0.6004408001899719,0.9251312017440796,0.5465185046195984,0.682205855846405,0.9649999737739564,0.6473442912101746,0.0,0.0805209502577781,0.1483067870140075,0.1311817467212677,0.0,7,0.3177941441535949,0.0350000001490116,0.1480662226676941,0.0046504745259881,163010,spsa_blackbox,0.01,1
paviau_204511_spsa_blackbox_0.01000,0.9988722205162048,0.9541501998901368,0.6469902396202087,0.6774359345436096,0.9649999737739564,0.959999978542328,0.0,0.0149566503241658,0.0893852412700653,0.0889910608530044,0.0,1,0.3225640654563904,0.0350000001490116,0.0399999991059303,0.0,204511,spsa_blackbox,0.01,1
paviau_115278_spsa_blackbox_0.01000,0.9489462375640868,0.7148289680480957,0.6421266198158264,0.6727807521820068,0.9649999737739564,0.9197121262550354,0.0,0.0882787331938743,0.3296090364456177,0.5413849949836731,0.0,2,0.3272192478179931,0.0350000001490116,0.0529772825539112,0.0005598448915407,115278,spsa_blackbox,0.01,1
paviau_195362_spsa_blackbox_0.01000,0.9993964433670044,0.9674193263053894,0.5977358818054199,0.6496037840843201,0.9649999737739564,0.959999978542328,0.0,0.0103925429284572,0.0653566122055053,0.0651612728834152,0.0,1,0.3150644600391388,0.0350000001490116,0.0399999991059303,0.0085066584870219,195362,spsa_blackbox,0.01,1
paviau_128208_spsa_blackbox_0.01000,0.5075696110725403,0.3884225189685821,0.2099527269601822,0.6514557003974915,0.9011493921279908,0.3597498536109924,0.6000000238418579,0.0809134840965271,0.6286442279815674,0.9028900265693665,0.6000000238418579,2,0.3384073376655578,0.0565307103097438,0.2686467170715332,0.0196503773331642,128208,spsa_blackbox,0.01,1
paviau_130502_spsa_blackbox_0.01000,0.9967861175537108,0.941261112689972,0.6478083729743958,0.6782171726226807,0.9649999737739564,0.959999978542328,0.0,0.0210719890892505,0.101727046072483,0.1174747347831726,0.0,3,0.3217828273773193,0.0350000001490116,0.0399999991059303,0.0,130502,spsa_blackbox,0.01,1
paviau_203774_spsa_blackbox_0.01000,0.9974785447120668,0.442868560552597,0.5890464782714844,0.6206713318824768,0.9649999737739564,0.959999978542328,0.4000000059604645,0.2416862994432449,0.315971314907074,0.8867860436439514,0.4000000059604645,1,0.3793286681175232,0.0350000001490116,0.0399999991059303,0.0,203774,spsa_blackbox,0.01,1
paviau_199596_spsa_blackbox_0.01000,0.9976758360862732,0.8844259977340698,0.6219267249107361,0.6532377600669861,0.9649999737739564,0.959999978542328,0.0,0.0377546101808548,0.1653864234685897,0.2302256077528,0.0,1,0.3467622399330139,0.0350000001490116,0.0399999991059303,0.0458380654454231,199596,spsa_blackbox,0.01,1
paviau_111640_spsa_blackbox_0.01000,0.9952829480171204,0.8870866894721985,0.6317580342292786,0.6627918481826782,0.9649999737739564,0.959999978542328,0.0,0.0344276167452335,0.20418781042099,0.1852538436651229,0.0,6,0.3372081816196441,0.0350000001490116,0.0399999991059303,0.0117841269820928,111640,spsa_blackbox,0.01,1
paviau_116508_spsa_blackbox_0.01000,0.956041693687439,0.7989510297775269,0.6384684443473816,0.6692665815353394,0.9649999737739564,0.959999978542328,0.2000000029802322,0.0316436477005481,0.2331159710884094,0.4002973735332489,0.2000000029802322,5,0.3307333886623382,0.0350000001490116,0.0399999991059303,0.000122874524095,116508,spsa_blackbox,0.01,1
paviau_88499_spsa_blackbox_0.01000,0.6109469532966614,0.4704788625240326,0.472246915102005,0.6771489381790161,0.9649999737739564,0.5901423692703247,0.4000000059604645,0.0185450054705142,0.5461527109146118,0.8325099349021912,0.4000000059604645,7,0.3228510618209839,0.0350000001490116,0.1700312346220016,0.0077098766341805,88499,spsa_blackbox,0.01,1
paviau_158114_spsa_blackbox_0.01000,0.987111270427704,0.3883648514747619,0.6383936405181885,0.6691946387290955,0.9649999737739564,0.8957827687263489,0.4000000059604645,0.2546666860580444,0.4651898443698883,0.8771551251411438,0.4000000059604645,2,0.3308053612709045,0.0350000001490116,0.0608017407357692,0.0020147955510765,158114,spsa_blackbox,0.01,1
paviau_165079_spsa_blackbox_0.01000,0.9893651008605956,0.7136585712432861,0.6402985453605652,0.6710259914398193,0.9649999737739564,0.959999978542328,0.4000000059604645,0.0941684916615486,0.3042038679122925,0.5573475956916809,0.4000000059604645,0,0.328974038362503,0.0350000001490116,0.0399999991059303,0.0028773231897503,165079,spsa_blackbox,0.01,1
paviau_27574_spsa_blackbox_0.01000,0.9975813627243042,0.945229172706604,0.6448830962181091,0.675421416759491,0.9649999737739564,0.8306059837341309,0.0,0.0158421546220779,0.1022349447011947,0.1063120141625404,0.0,1,0.324578583240509,0.0350000001490116,0.0825819224119186,0.0006561167538166,27574,spsa_blackbox,0.01,1
paviau_201740_spsa_blackbox_0.01000,0.9743129014968872,0.8592682480812073,0.5918084383010864,0.6234445571899414,0.9649999737739564,0.959999978542328,0.0,0.0281863808631896,0.2641665339469909,0.2060287445783615,0.0,1,0.376555472612381,0.0350000001490116,0.0399999991059303,1.6014937500585802e-06,201740,spsa_blackbox,0.01,1
paviau_180416_spsa_blackbox_0.01000,0.941989004611969,0.8049859404563904,0.6495601534843445,0.6798879504203796,0.9649999737739564,0.7930310964584351,0.0,0.0231960900127887,0.2245851308107376,0.3900241553783417,0.0,1,0.3201120495796203,0.0350000001490116,0.0954701751470565,0.0130798025056719,180416,spsa_blackbox,0.01,1
paviau_171408_spsa_blackbox_0.01000,0.7472259998321533,0.8952697515487671,0.1753678917884826,0.6928958892822266,0.6062949895858765,0.3236064910888672,0.0,0.0246744826436042,0.1857617497444152,0.1899208575487136,0.0,1,0.3071041405200958,0.1660375446081161,0.2860360145568847,0.0491194427013397,171408,spsa_blackbox,0.01,1
paviau_114843_spsa_blackbox_0.01000,0.9932931661605836,0.702527642250061,0.6394004225730896,0.6701629757881165,0.9649999737739564,0.959999978542328,0.4000000059604645,0.1042237281799316,0.3727693855762481,0.525981068611145,0.4000000059604645,0,0.3298370540142059,0.0350000001490116,0.0399999991059303,5.848684668308124e-05,114843,spsa_blackbox,0.01,1
paviau_202184_spsa_blackbox_0.01000,0.9993815422058104,0.9283024668693542,0.5940490961074829,0.6256890892982483,0.9649999737739564,0.959999978542328,0.0,0.0248755235224962,0.1232212111353874,0.1403059363365173,0.0,1,0.3743109405040741,0.0350000001490116,0.0399999991059303,0.0004639780672732,202184,spsa_blackbox,0.01,1
paviau_78646_spsa_blackbox_0.01000,0.9727328419685364,0.3720064461231231,0.1860243678092956,0.3156723082065582,0.4573127627372741,0.959999978542328,0.6000000238418579,0.2572944164276123,0.36707204580307,0.7729005813598633,0.4000000059604645,1,0.4038146734237671,0.2299430072307586,0.0399999991059303,0.4811320006847381,78646,spsa_blackbox,0.01,1
paviau_87416_spsa_blackbox_0.01000,0.9957701563835144,0.355646550655365,0.3759194612503052,0.491120308637619,0.9649999737739564,0.959999978542328,0.6000000238418579,0.2945176959037781,0.373915821313858,0.7499879598617554,0.4000000059604645,3,0.3147158622741699,0.0350000001490116,0.0399999991059303,0.5072895288467407,87416,spsa_blackbox,0.01,1
paviau_79626_spsa_blackbox_0.01000,0.9032065868377686,0.8545829057693481,0.6506367325782776,0.6809135675430298,0.9649999737739564,0.959999978542328,0.0,0.0288221556693315,0.2048998773097992,0.2828298509120941,0.0,7,0.3190864324569702,0.0350000001490116,0.0399999991059303,0.0001138081133831,79626,spsa_blackbox,0.01,1
paviau_203430_spsa_blackbox_0.01000,0.988231599330902,0.9124908447265624,0.2621044814586639,0.3880136013031006,0.9649999737739564,0.8922045826911926,0.0,0.0212824940681457,0.1626554429531097,0.1355071067810058,0.0,1,0.400352418422699,0.0350000001490116,0.061979454010725,0.4673855900764465,203430,spsa_blackbox,0.01,1
paviau_167328_spsa_blackbox_0.01000,0.972402274608612,0.5843138098716736,0.6447861790657043,0.6753287315368652,0.9649999737739564,0.959999978542328,0.4000000059604645,0.1436748802661895,0.3123689889907837,0.8302976489067078,0.4000000059604645,1,0.3246712982654571,0.0350000001490116,0.0399999991059303,0.0014549517072737,167328,spsa_blackbox,0.01,1
paviau_69090_spsa_blackbox_0.01000,0.6389455199241638,0.8439835906028748,0.5048721432685852,0.6932271718978882,0.8935995101928711,0.6155675649642944,0.0,0.0363496430218219,0.2552739381790161,0.2515297830104828,0.0,7,0.3067728281021118,0.0591204278171062,0.1601663380861282,0.0041318996809422,69090,spsa_blackbox,0.01,1
paviau_116481_spsa_blackbox_0.01000,0.979720950126648,0.3369434177875519,0.637261688709259,0.6681050062179565,0.9649999737739564,0.959999978542328,0.6000000238418579,0.2836294770240783,0.2908169329166412,0.6738869547843933,0.4000000059604645,5,0.3318950235843658,0.0350000001490116,0.0399999991059303,0.0,116481,spsa_blackbox,0.01,1
paviau_34003_spsa_blackbox_0.01000,0.998823344707489,0.6787534952163696,0.5913692116737366,0.6230039000511169,0.9649999737739564,0.959999978542328,0.2000000029802322,0.1245133802294731,0.3867855370044708,0.515075147151947,0.2000000029802322,1,0.3769960701465606,0.0350000001490116,0.0399999991059303,0.0,34003,spsa_blackbox,0.01,1
paviau_115478_spsa_blackbox_0.01000,0.5506468415260315,0.5877431631088257,0.1583210676908493,0.4745830595493316,0.8633973598480225,0.3049006760120392,0.4000000059604645,0.0025762855075299,0.3085392117500305,0.8244922161102295,0.6000000238418579,5,0.3377910852432251,0.0695777758955955,0.295299768447876,0.0323300771415233,115478,spsa_blackbox,0.01,1
paviau_192289_spsa_blackbox_0.01000,0.9992585778236388,0.9831010699272156,0.6382730007171631,0.669078528881073,0.9649999737739564,0.959999978542328,0.0,0.0049044243060052,0.0408527180552482,0.0327180474996566,0.0,1,0.330921471118927,0.0350000001490116,0.0399999991059303,0.0022567468695342,192289,spsa_blackbox,0.01,1
paviau_90164_spsa_blackbox_0.01000,0.8012712597846985,0.4635198712348938,0.671862781047821,0.7009493112564087,0.9649999737739564,0.959999978542328,0.6000000238418579,0.109545923769474,0.5050811767578125,0.9256666898727416,0.6000000238418579,7,0.2990506887435913,0.0350000001490116,0.0399999991059303,0.0012835739180445,90164,spsa_blackbox,0.01,1
paviau_28261_spsa_blackbox_0.01000,0.9967579245567322,0.8016144633293152,0.6379917860031128,0.6688079833984375,0.9649999737739564,0.959999978542328,0.0,0.068420834839344,0.2269340008497238,0.3967232406139374,0.0,1,0.3311920166015625,0.0350000001490116,0.0399999991059303,0.0308027360588312,28261,spsa_blackbox,0.01,1
paviau_143625_spsa_blackbox_0.01000,0.4913671314716339,0.0392974205315113,0.2250134497880935,0.6709597110748291,0.9649999737739564,0.3748532831668854,1.0,0.2823865413665771,0.4304848611354828,0.8942762017250061,0.4000000059604645,7,0.3197961449623108,0.0350000001490116,0.2615654170513153,0.0624985806643962,143625,spsa_blackbox,0.01,0
paviau_16440_spsa_blackbox_0.01000,0.9845389127731324,0.7017723321914673,0.41739621758461,0.5191080570220947,0.9649999737739564,0.959999978542328,0.2000000029802322,0.0935005992650985,0.3043489456176758,0.5835756659507751,0.2000000029802322,0,0.3460550606250763,0.0350000001490116,0.0399999991059303,0.0025515893939882,16440,spsa_blackbox,0.01,1
paviau_101845_spsa_blackbox_0.01000,0.9616368412971495,0.5692986845970154,0.6326634287834167,0.6636676788330078,0.9649999737739564,0.959999978542328,0.6000000238418579,0.1229094266891479,0.3522199094295501,0.8415783643722534,0.4000000059604645,5,0.3363323211669922,0.0350000001490116,0.0399999991059303,0.0966080799698829,101845,spsa_blackbox,0.01,1
paviau_59621_spsa_blackbox_0.01000,0.9958525896072388,0.997586727142334,0.6066746115684509,0.6382510662078857,0.9649999737739564,0.959999978542328,0.0,0.0018886451143771,0.0087274136021733,0.0036632497794926,0.0,4,0.3617489337921142,0.0350000001490116,0.0399999991059303,0.07047139108181,59621,spsa_blackbox,0.01,1
paviau_64698_spsa_blackbox_0.01000,0.9992306232452391,0.6517372131347656,0.6353393793106079,0.6662521362304688,0.9649999737739564,0.959999978542328,0.4000000059604645,0.1374179869890213,0.320427805185318,0.6858461499214172,0.4000000059604645,1,0.3337478637695312,0.0350000001490116,0.0399999991059303,0.0672866180539131,64698,spsa_blackbox,0.01,1
paviau_155941_spsa_blackbox_0.01000,0.9664092063903807,0.0841143429279327,0.6437395215034485,0.6743266582489014,0.9649999737739564,0.959999978542328,1.0,0.5045992136001587,0.5734238624572754,0.6763914227485657,0.4000000059604645,2,0.3256733119487762,0.0350000001490116,0.0399999991059303,0.0757225826382637,155941,spsa_blackbox,0.01,0
paviau_113915_spsa_blackbox_0.01000,0.6826368570327759,0.4009719491004944,0.632912814617157,0.663908839225769,0.9649999737739564,0.8251864314079285,0.4000000059604645,0.1556193977594375,0.5515631437301636,0.9680538177490234,0.4000000059604645,2,0.3360911607742309,0.0350000001490116,0.0844253227114677,4.052050644531846e-05,113915,spsa_blackbox,0.01,1
paviau_95257_spsa_blackbox_0.01000,0.9149799942970276,0.7639973759651184,0.6358860731124878,0.6667793393135071,0.9649999737739564,0.959999978542328,0.2000000029802322,0.0616603642702102,0.310971587896347,0.4317204356193542,0.2000000029802322,0,0.3332206606864929,0.0350000001490116,0.0399999991059303,0.0095823621377348,95257,spsa_blackbox,0.01,1
paviau_100497_spsa_blackbox_0.01000,0.8488339781761169,0.6370528936386108,0.6423242688179016,0.6729702353477478,0.9649999737739564,0.959999978542328,0.2000000029802322,0.0349849313497543,0.301961600780487,0.7246406674385071,0.800000011920929,5,0.3270297348499298,0.0350000001490116,0.0399999991059303,0.0,100497,spsa_blackbox,0.01,1
paviau_206729_spsa_blackbox_0.01000,0.9998063445091248,0.9626836776733398,0.6440636515617371,0.6746370792388916,0.9649999737739564,0.959999978542328,0.0,0.0129020949825644,0.0741469487547874,0.0739020779728889,0.0,1,0.3253629207611084,0.0350000001490116,0.0399999991059303,0.0248307436704635,206729,spsa_blackbox,0.01,1
paviau_54741_spsa_blackbox_0.01000,0.978383719921112,0.4356656372547149,0.6407407522201538,0.6714507341384888,0.957375168800354,0.7862737774848938,0.6000000238418579,0.2183887064456939,0.5406696796417236,0.8789722919464111,0.6000000238418579,0,0.3285492956638336,0.0375372730195522,0.0978151783347129,0.007346567697823,54741,spsa_blackbox,0.01,1
paviau_69395_spsa_blackbox_0.01000,0.4141957461833954,0.067466028034687,0.1256837248802185,0.4773283898830414,0.4165646433830261,0.266971617937088,1.0,0.160449668765068,0.4472840130329132,0.5073086619377136,0.2000000029802322,0,0.3339598774909973,0.2488180994987487,0.3146951794624328,0.0509550794959068,69395,spsa_blackbox,0.01,0
paviau_198484_spsa_blackbox_0.01000,0.9308330416679382,0.8223992586135864,0.6417925953865051,0.6724603176116943,0.9649999737739564,0.841325044631958,0.0,0.014514023438096,0.2128871381282806,0.3551996350288391,0.0,1,0.3275396823883056,0.0350000001490116,0.0789510011672973,0.0009283524705097,198484,spsa_blackbox,0.01,1
paviau_86474_spsa_blackbox_0.01000,0.9987082481384276,0.7127091884613037,0.639614462852478,0.6703686714172363,0.9649999737739564,0.959999978542328,0.0,0.1084420531988143,0.2768540382385254,0.573370635509491,0.0,1,0.329631358385086,0.0350000001490116,0.0399999991059303,0.0003785038716159,86474,spsa_blackbox,0.01,1
paviau_68780_spsa_blackbox_0.01000,0.9972502589225768,0.4013675153255462,0.5171723961830139,0.592983603477478,0.8356284499168396,0.959999978542328,0.6000000238418579,0.2687390148639679,0.3335283696651459,0.8131968379020691,0.4000000059604645,1,0.3291990160942077,0.0793348848819732,0.0399999991059303,0.027284612879157,68780,spsa_blackbox,0.01,1
paviau_47432_spsa_blackbox_0.01000,0.9987264275550842,0.8034489750862122,0.5683375000953674,0.6252380609512329,0.9649999737739564,0.959999978542328,0.0,0.071097694337368,0.242991641163826,0.3836666345596313,0.0,0,0.333175390958786,0.0350000001490116,0.0399999991059303,0.0018594006542116,47432,spsa_blackbox,0.01,1
paviau_197076_spsa_blackbox_0.01000,0.9635019302368164,0.9150847792625428,0.449981540441513,0.6797056198120117,0.9649999737739564,0.572495698928833,0.0,0.0059310286305844,0.1348226070404052,0.1688459813594818,0.0,1,0.3202943503856659,0.0350000001490116,0.1769788116216659,2.1875732272746973e-05,197076,spsa_blackbox,0.01,1
paviau_186672_spsa_blackbox_0.01000,0.9971317052841188,0.9806119799613952,0.6340797543525696,0.6650362610816956,0.9649999737739564,0.959999978542328,0.0,0.0045055518858134,0.0534743592143058,0.0280136261135339,0.0,0,0.3349637389183044,0.0350000001490116,0.0399999991059303,0.0036549370270222,186672,spsa_blackbox,0.01,1
paviau_55843_spsa_blackbox_0.01000,0.9994128942489624,0.3951881825923919,0.6475691795349121,0.6779887080192566,0.9649999737739564,0.959999978542328,0.4000000059604645,0.2761878967285156,0.3218836188316345,0.7960444688796997,0.4000000059604645,1,0.3220113217830658,0.0350000001490116,0.0399999991059303,0.0,55843,spsa_blackbox,0.01,1
paviau_136055_spsa_blackbox_0.01000,0.9682266116142272,0.3142310380935669,0.4543415904045105,0.6680084466934204,0.9649999737739564,0.5759711861610413,0.6000000238418579,0.2756230235099792,0.4229869246482849,0.7252815365791321,0.4000000059604645,2,0.3319915235042572,0.0350000001490116,0.1756037920713424,0.006769326981157,136055,spsa_blackbox,0.01,1
paviau_44014_spsa_blackbox_0.01000,0.99825257062912,0.9940844774246216,0.6600908041000366,0.6898808479309082,0.9649999737739564,0.959999978542328,0.0,0.0009161737980321,0.0164966434240341,0.0118309985846281,0.0,3,0.3101191222667694,0.0350000001490116,0.0399999991059303,0.0,44014,spsa_blackbox,0.01,1
paviau_119482_spsa_blackbox_0.01000,0.975326418876648,0.3895524144172668,0.6488675475120544,0.6792276501655579,0.9649999737739564,0.959999978542328,0.6000000238418579,0.2346308529376983,0.331095427274704,0.7900568246841431,0.4000000059604645,6,0.3207723796367645,0.0350000001490116,0.0399999991059303,0.0314427278935909,119482,spsa_blackbox,0.01,1
paviau_53504_spsa_blackbox_0.01000,0.9979913234710692,0.9912900924682616,0.6148565411567688,0.6463157534599304,0.9649999737739564,0.959999978542328,0.0,0.0028214633930474,0.0285524688661098,0.011907335370779,0.0,4,0.3536842465400696,0.0350000001490116,0.0399999991059303,0.0588309504091739,53504,spsa_blackbox,0.01,1
paviau_116819_spsa_blackbox_0.01000,0.9936733245849608,0.284057080745697,0.6376200318336487,0.6684500575065613,0.9649999737739564,0.959999978542328,0.800000011920929,0.3392424583435058,0.2893732786178589,0.5738006830215454,0.2000000029802322,5,0.3315499126911163,0.0350000001490116,0.0399999991059303,0.0,116819,spsa_blackbox,0.01,1
paviau_75985_spsa_blackbox_0.01000,0.99710613489151,1.0,0.646373450756073,0.6768466234207153,0.9649999737739564,0.959999978542328,0.0,0.0010036417515948,6.706890758323425e-07,9.99999993922529e-09,0.0,4,0.323153406381607,0.0350000001490116,0.0399999991059303,0.0048571336083114,75985,spsa_blackbox,0.01,1
paviau_74843_spsa_blackbox_0.01000,0.5899269580841064,0.919018030166626,0.3527520298957824,0.674941897392273,0.9649999737739564,0.4921059608459472,0.0,0.1042101085186004,0.1487882137298584,0.1491368860006332,0.0,7,0.325058102607727,0.0350000001490116,0.2097685635089874,0.006211157888174,74843,spsa_blackbox,0.01,1
paviau_92674_spsa_blackbox_0.01000,0.9435033202171326,0.4875876307487488,0.2951903045177459,0.4209011495113373,0.9649999737739564,0.959999978542328,0.6000000238418579,0.1564932018518448,0.3348798453807831,0.9819914698600768,0.4000000059604645,5,0.3316965699195862,0.0350000001490116,0.0399999991059303,0.6789961457252502,92674,spsa_blackbox,0.01,1
paviau_140367_spsa_blackbox_0.01000,0.8701398968696594,0.8136191964149475,0.6398885250091553,0.6706320643424988,0.9649999737739564,0.8894602060317993,0.0,0.0698766410350799,0.3078545331954956,0.2820383310317993,0.0,0,0.3293679654598236,0.0350000001490116,0.0628841072320938,0.0004408948589116,140367,spsa_blackbox,0.01,1
paviau_194481_spsa_blackbox_0.01000,0.998770534992218,0.985444724559784,0.6218072175979614,0.6531211137771606,0.9649999737739564,0.959999978542328,0.0,0.0044208778999745,0.0379270873963832,0.0261819101870059,0.0,1,0.3468789160251617,0.0350000001490116,0.0399999991059303,0.0909021571278572,194481,spsa_blackbox,0.01,1
paviau_23250_spsa_blackbox_0.01000,0.9878053665161132,0.4139672815799713,0.6133708953857422,0.644855797290802,0.9649999737739564,0.959999978542328,0.6000000238418579,0.2455840855836868,0.5240927934646606,0.9179404377937316,0.6000000238418579,0,0.3551441729068756,0.0350000001490116,0.0399999991059303,0.1044402793049812,23250,spsa_blackbox,0.01,1
paviau_124455_spsa_blackbox_0.01000,0.9848966598510742,0.7030298709869385,0.6027459502220154,0.6712427139282227,0.9649999737739564,0.6891749501228333,0.0,0.1057610884308815,0.2975233197212219,0.5853340029716492,0.0,2,0.3287573158740997,0.0350000001490116,0.1325020492076873,0.0083004496991634,124455,spsa_blackbox,0.01,1
paviau_195747_spsa_blackbox_0.01000,0.9988517761230468,0.9458385705947876,0.6457809805870056,0.6762802600860596,0.9649999737739564,0.959999978542328,0.0,0.0169870369136333,0.0958770513534545,0.1083162054419517,0.0,1,0.3237197697162628,0.0350000001490116,0.0399999991059303,0.0093805762007832,195747,spsa_blackbox,0.01,1
paviau_205263_spsa_blackbox_0.01000,0.999415397644043,0.8396137356758118,0.6368799805641174,0.6677373647689819,0.9649999737739564,0.959999978542328,0.2000000029802322,0.0580161549150943,0.208672821521759,0.316962718963623,0.2000000029802322,1,0.332262635231018,0.0350000001490116,0.0399999991059303,0.0086207073181867,205263,spsa_blackbox,0.01,1
paviau_190116_spsa_blackbox_0.01000,0.9942254424095154,0.8587990403175354,0.6563409566879272,0.6863324642181396,0.9649999737739564,0.959999978542328,0.0,0.0475588887929916,0.2318137139081955,0.2549018859863281,0.0,7,0.3136675059795379,0.0350000001490116,0.0399999991059303,0.0024580501485615,190116,spsa_blackbox,0.01,1
paviau_201526_spsa_blackbox_0.01000,0.9985598921775818,0.9696767926216124,0.6400048732757568,0.6707438826560974,0.9649999737739564,0.959999978542328,0.0,0.0087236147373914,0.0618399493396282,0.0606453940272331,0.0,1,0.3292560875415802,0.0350000001490116,0.0399999991059303,0.0114829735830426,201526,spsa_blackbox,0.01,1
paviau_186361_spsa_blackbox_0.01000,0.8263943195343018,0.4437804222106933,0.5788096189498901,0.6103306412696838,0.9649999737739564,0.959999978542328,0.4000000059604645,0.1515017747879028,0.3332318365573883,0.8950951099395752,0.4000000059604645,7,0.3896693587303161,0.0350000001490116,0.0399999991059303,0.0036594399716705,186361,spsa_blackbox,0.01,1
paviau_118183_spsa_blackbox_0.01000,0.9399787187576294,0.4251136481761932,0.6384361982345581,0.6692355871200562,0.9649999737739564,0.959999978542328,0.6000000238418579,0.1719616204500198,0.3162825107574463,0.8519832491874695,0.4000000059604645,5,0.3307644128799438,0.0350000001490116,0.0399999991059303,0.0307366680353879,118183,spsa_blackbox,0.01,1
paviau_109953_spsa_blackbox_0.01000,0.885928213596344,0.5519814491271973,0.5603772401809692,0.6832841038703918,0.7771329283714294,0.6577633619308472,0.4000000059604645,0.152092844247818,0.3685403168201446,0.8698623180389404,0.6000000238418579,6,0.3167159259319305,0.1003622114658355,0.1441518366336822,0.0060729775577783,109953,spsa_blackbox,0.01,1
paviau_140145_spsa_blackbox_0.02000,0.9100298881530762,0.728781521320343,0.467675507068634,0.6578907370567322,0.9649999737739564,0.5865395665168762,0.2000000029802322,0.0473687089979648,0.3677593469619751,0.4594048857688904,0.800000011920929,2,0.3421092629432678,0.0350000001490116,0.1714428663253784,0.0933131128549575,140145,spsa_blackbox,0.02,1
paviau_98444_spsa_blackbox_0.02000,0.921535849571228,0.5806021094322205,0.2921436429023742,0.4029456973075866,0.8703341484069824,0.959999978542328,0.4000000059604645,0.134427472949028,0.3357332348823547,0.828187882900238,0.6000000238418579,5,0.4567830264568329,0.0671619400382042,0.0399999991059303,0.5773114562034607,98444,spsa_blackbox,0.02,1
paviau_120229_spsa_blackbox_0.02000,0.8221244812011719,0.3462963104248047,0.0781605616211891,0.5798550248146057,0.9649999737739564,0.2044411301612854,0.800000011920929,0.1233496442437172,0.2993507981300354,0.6942371726036072,0.800000011920929,1,0.4201449751853943,0.0350000001490116,0.3487380743026733,0.1332519054412841,120229,spsa_blackbox,0.02,0
paviau_52095_spsa_blackbox_0.02000,0.998847723007202,0.4964836239814758,0.5481363534927368,0.5787347555160522,0.9649999737739564,0.959999978542328,0.4000000059604645,0.2150837182998657,0.5006897449493408,0.8485054969787598,0.4000000059604645,1,0.4212652444839477,0.0350000001490116,0.0399999991059303,0.0973844155669212,52095,spsa_blackbox,0.02,1
paviau_82112_spsa_blackbox_0.02000,0.996022403240204,0.9963118433952332,0.5460377931594849,0.5765382647514343,0.9649999737739564,0.959999978542328,0.0,0.0022294663358479,0.0125370286405086,0.0059180916287004,0.0,4,0.4234617352485657,0.0350000001490116,0.0399999991059303,0.1772375553846359,82112,spsa_blackbox,0.02,1
paviau_205137_spsa_blackbox_0.02000,0.9946438074111938,0.7452868223190308,0.5466300845146179,0.5771586298942566,0.9649999737739564,0.959999978542328,0.2000000029802322,0.0873112976551055,0.2798645496368408,0.4987089335918426,0.2000000029802322,1,0.422841340303421,0.0350000001490116,0.0399999991059303,0.0933535620570182,205137,spsa_blackbox,0.02,1
paviau_198125_spsa_blackbox_0.02000,0.9966631531715392,0.917131006717682,0.5428831577301025,0.5732276439666748,0.9649999737739564,0.959999978542328,0.0,0.0238675717264413,0.1325882822275161,0.1646939367055893,0.0,1,0.4267723560333252,0.0350000001490116,0.0399999991059303,0.0688568875193595,198125,spsa_blackbox,0.02,1
paviau_115822_spsa_blackbox_0.02000,0.5062870383262634,0.304044634103775,0.0122206043452024,0.5622074007987976,0.2701469957828522,0.0770832374691963,0.800000011920929,0.152704656124115,0.6183274388313293,0.99060320854187,0.800000011920929,1,0.4377926290035248,0.3233608305454254,0.429227203130722,0.2678079009056091,115822,spsa_blackbox,0.02,0
paviau_202670_spsa_blackbox_0.02000,0.9832977056503296,0.9428017139434814,0.5356200933456421,0.5655654668807983,0.9649999737739564,0.959999978542328,0.0,0.0085896402597427,0.1106992810964584,0.1058950126171112,0.0,1,0.434434562921524,0.0350000001490116,0.0399999991059303,0.0954278632998466,202670,spsa_blackbox,0.02,1
paviau_206125_spsa_blackbox_0.02000,0.8548219203948975,0.6503025889396667,0.4404047429561615,0.6045619249343872,0.9649999737739564,0.5648267865180969,0.2000000029802322,0.029906315729022,0.2945822775363922,0.6993946433067322,0.2000000029802322,1,0.3954380452632904,0.0350000001490116,0.1800247281789779,0.0852433815598487,206125,spsa_blackbox,0.02,1
paviau_18826_spsa_blackbox_0.02000,0.9973794221878052,0.9328904747962952,0.5621877908706665,0.5933254957199097,0.9649999737739564,0.959999978542328,0.0,0.0199030358344316,0.1551927924156189,0.0921369940042495,0.0,0,0.4066745042800903,0.0350000001490116,0.0399999991059303,0.1101398468017578,18826,spsa_blackbox,0.02,1
paviau_113915_spsa_blackbox_0.02000,0.6393041610717773,0.3752025961875915,0.5741552710533142,0.6055961847305298,0.9649999737739564,0.8079463243484497,0.4000000059604645,0.0696853250265121,0.5292511582374573,0.9646153450012208,0.4000000059604645,2,0.3944038450717926,0.0350000001490116,0.0903238505125045,0.0790378376841545,113915,spsa_blackbox,0.02,1
paviau_110691_spsa_blackbox_0.02000,0.9913079142570496,0.2888940274715423,0.5424456000328064,0.5727676749229431,0.9649999737739564,0.959999978542328,0.800000011920929,0.3310929238796234,0.4960718154907226,0.9111458659172058,0.6000000238418579,5,0.4272322952747345,0.0350000001490116,0.0399999991059303,0.0870496109127998,110691,spsa_blackbox,0.02,1
paviau_71505_spsa_blackbox_0.02000,0.9926353096961976,0.3067021071910858,0.2209978550672531,0.3504570126533508,0.6653305292129517,0.959999978542328,0.6000000238418579,0.3256627023220062,0.5680821537971497,0.8973327279090881,0.800000011920929,1,0.4037701487541199,0.1425488591194152,0.0399999991059303,0.5401086807250977,71505,spsa_blackbox,0.02,1
paviau_12048_spsa_blackbox_0.02000,0.9989951252937316,0.8013586401939392,0.5787113904953003,0.6102309823036194,0.9649999737739564,0.959999978542328,0.2000000029802322,0.074208565056324,0.2364042252302169,0.3935969173908233,0.2000000029802322,3,0.3897690176963806,0.0350000001490116,0.0399999991059303,0.035839419811964,12048,spsa_blackbox,0.02,1
paviau_85491_spsa_blackbox_0.02000,0.9932131767272948,0.9934237003326416,0.5714585185050964,0.6028433442115784,0.9649999737739564,0.959999978542328,0.0,0.0038034243043512,0.0205347221344709,0.0099785448983311,0.0,4,0.3971566557884216,0.0350000001490116,0.0399999991059303,0.1299426555633545,85491,spsa_blackbox,0.02,1
paviau_140390_spsa_blackbox_0.02000,0.9710779190063475,0.3122789561748504,0.3119030296802521,0.429187148809433,0.9649999737739564,0.959999978542328,0.6000000238418579,0.2820691764354706,0.615608811378479,0.9068323969841005,0.6000000238418579,0,0.4011337459087372,0.0350000001490116,0.0399999991059303,0.3053264021873474,140390,spsa_blackbox,0.02,1
paviau_206858_spsa_blackbox_0.02000,0.9766724109649658,0.8947072625160217,0.5635235905647278,0.5947021245956421,0.9649999737739564,0.959999978542328,0.0,0.0179266594350337,0.1594839990139007,0.2078980505466461,0.0,1,0.4052979052066803,0.0350000001490116,0.0399999991059303,0.1037220954895019,206858,spsa_blackbox,0.02,1
paviau_123575_spsa_blackbox_0.02000,0.987374782562256,0.3882151246070862,0.5500298142433167,0.5807127952575684,0.9649999737739564,0.959999978542328,0.6000000238418579,0.2770245969295501,0.5053846836090088,0.9203929901123048,0.800000011920929,6,0.419287234544754,0.0350000001490116,0.0399999991059303,0.2372555881738662,123575,spsa_blackbox,0.02,1
paviau_176811_spsa_blackbox_0.02000,0.9979683756828308,0.5524990558624268,0.5444294214248657,0.5748517513275146,0.9649999737739564,0.959999978542328,0.4000000059604645,0.1832180619239807,0.5329239964485168,0.6630309820175171,0.4000000059604645,1,0.4251482486724853,0.0350000001490116,0.0399999991059303,0.1386999487876892,176811,spsa_blackbox,0.02,1
paviau_159132_spsa_blackbox_0.02000,0.993685781955719,0.6181192994117737,0.5308778285980225,0.5605319738388062,0.9649999737739564,0.959999978542328,0.2000000029802322,0.1417530328035354,0.4408688247203827,0.6505094170570374,0.2000000029802322,2,0.4394680261611938,0.0350000001490116,0.0399999991059303,0.2284889966249466,159132,spsa_blackbox,0.02,1
paviau_203494_spsa_blackbox_0.02000,0.9995903372764589,0.9271786212921144,0.5488715767860413,0.5795032382011414,0.9649999737739564,0.959999978542328,0.0,0.0254959668964147,0.1325226873159408,0.1349930316209793,0.0,1,0.4204967617988586,0.0350000001490116,0.0399999991059303,0.1257220804691314,203494,spsa_blackbox,0.02,1
paviau_73885_spsa_blackbox_0.02000,0.9906870722770692,0.2711911797523498,0.2400373518466949,0.3685232698917389,0.5203283429145813,0.959999978542328,0.6000000238418579,0.3473179638385772,0.3881048560142517,0.5988101959228516,0.4000000059604645,1,0.3970524966716766,0.20201475918293,0.0399999991059303,0.4978451430797577,73885,spsa_blackbox,0.02,1
paviau_144931_spsa_blackbox_0.02000,0.521244466304779,0.0683188810944557,0.2170644104480743,0.3814057111740112,0.5844864845275879,0.3669250309467315,1.0,0.2158383429050445,0.5999108552932739,0.9233261346817015,0.6000000238418579,2,0.4258701801300049,0.1749540567398071,0.2652695775032043,0.1877079755067825,144931,spsa_blackbox,0.02,1
paviau_36073_spsa_blackbox_0.02000,0.9975603818893432,0.8369331359863281,0.5523948073387146,0.5831780433654785,0.9649999737739564,0.959999978542328,0.2000000029802322,0.0584485493600368,0.2087215930223465,0.3237898647785187,0.2000000029802322,1,0.4168219566345215,0.0350000001490116,0.0399999991059303,0.1026510968804359,36073,spsa_blackbox,0.02,1
paviau_115425_spsa_blackbox_0.02000,0.9898024201393129,0.5991533398628235,0.2922232747077942,0.4025759100914001,0.9649999737739564,0.959999978542328,0.4000000059604645,0.1441411823034286,0.3945649564266205,0.7331592440605164,0.6000000238418579,5,0.4585761129856109,0.0350000001490116,0.0399999991059303,0.6259505748748779,115425,spsa_blackbox,0.02,1
paviau_180304_spsa_blackbox_0.02000,0.8820770978927612,0.4113354980945587,0.5720999240875244,0.6034986972808838,0.9649999737739564,0.959999978542328,0.4000000059604645,0.1929557025432586,0.4224894940853119,0.8929044008255005,0.4000000059604645,7,0.3965013027191162,0.0350000001490116,0.0399999991059303,0.0662805438041687,180304,spsa_blackbox,0.02,1
paviau_109353_spsa_blackbox_0.02000,0.993533968925476,0.4935373961925506,0.5201313495635986,0.5490338802337646,0.9649999737739564,0.959999978542328,0.4000000059604645,0.2116155624389648,0.5025350451469421,0.7745338678359985,0.4000000059604645,5,0.4509660899639129,0.0350000001490116,0.0399999991059303,0.1048876345157623,109353,spsa_blackbox,0.02,1
paviau_2207_spsa_blackbox_0.02000,0.9994475245475768,0.9881229400634766,0.5399073958396912,0.5700951814651489,0.9649999737739564,0.959999978542328,0.0,0.003502536099404,0.0308480281382799,0.0228002350777387,0.0,3,0.4299048185348511,0.0350000001490116,0.0399999991059303,0.0699737891554832,2207,spsa_blackbox,0.02,1
paviau_63951_spsa_blackbox_0.02000,0.8735875487327576,0.8537837266921997,0.5825223922729492,0.6140924692153931,0.9201449751853944,0.959999978542328,0.0,0.0234195888042449,0.2369983047246933,0.2415405660867691,0.0,7,0.3859075009822845,0.050056830048561,0.0399999991059303,0.1351571679115295,63951,spsa_blackbox,0.02,1
paviau_113051_spsa_blackbox_0.02000,0.9974716901779176,0.9597407579421996,0.5260418057441711,0.5553736686706543,0.9649999737739564,0.959999978542328,0.0,0.012664389796555,0.0891912579536438,0.0662281364202499,0.0,5,0.4446263313293457,0.0350000001490116,0.0399999991059303,0.1073808297514915,113051,spsa_blackbox,0.02,1
paviau_118685_spsa_blackbox_0.02000,0.9909235835075378,0.9999261498451232,0.3909240961074829,0.4921047985553741,0.9649999737739564,0.7849380373954773,0.0,0.0031081198249012,0.0003539868048392,0.0001477168698329,0.0,8,0.3835058510303497,0.0350000001490116,0.0982797145843505,0.204219564795494,118685,spsa_blackbox,0.02,1
paviau_94375_spsa_blackbox_0.02000,0.9746164679527284,0.6976453065872192,0.1917775869369506,0.3188977539539337,0.9384589791297911,0.959999978542328,0.4000000059604645,0.1021397039294242,0.3393107950687408,0.5760328769683838,0.6000000238418579,5,0.4660912752151489,0.043870847672224,0.0399999991059303,0.7456284165382385,94375,spsa_blackbox,0.02,1
paviau_64698_spsa_blackbox_0.02000,0.9988564252853394,0.4213370382785797,0.5686038732528687,0.5999215841293335,0.9649999737739564,0.959999978542328,0.4000000059604645,0.2581874430179596,0.3480148315429687,0.8567280173301697,0.4000000059604645,1,0.4000784158706665,0.0350000001490116,0.0399999991059303,0.1871266961097717,64698,spsa_blackbox,0.02,1
paviau_115119_spsa_blackbox_0.02000,0.9882783889770508,0.3933044672012329,0.5371171236038208,0.5671494007110596,0.9649999737739564,0.959999978542328,0.4000000059604645,0.2559712529182434,0.4021612107753753,0.830673336982727,0.4000000059604645,5,0.4328505992889404,0.0350000001490116,0.0399999991059303,0.0408597625792026,115119,spsa_blackbox,0.02,1
paviau_147347_spsa_blackbox_0.02000,0.9126526117324828,0.4497078359127044,0.5512844324111938,0.5820212364196777,0.9649999737739564,0.959999978542328,0.4000000059604645,0.1709587126970291,0.6587016582489014,0.7498133182525635,0.4000000059604645,7,0.4179787337779999,0.0350000001490116,0.0399999991059303,0.1481643915176391,147347,spsa_blackbox,0.02,1
paviau_204054_spsa_blackbox_0.02000,0.9929897785186768,0.7643811702728271,0.6041062474250793,0.6357071399688721,0.9649999737739564,0.959999978542328,0.2000000029802322,0.0763375014066696,0.2485313266515731,0.4712292850017547,0.2000000029802322,1,0.3642928302288055,0.0350000001490116,0.0399999991059303,0.0719912052154541,204054,spsa_blackbox,0.02,1
paviau_22477_spsa_blackbox_0.02000,0.9293058514595032,0.5812790989875793,0.1119313091039657,0.5713147521018982,0.9649999737739564,0.2499487400054931,0.4000000059604645,0.0902034044265747,0.370364785194397,0.810103714466095,0.4000000059604645,1,0.4286852478981018,0.0350000001490116,0.3236902058124542,0.1621615141630172,22477,spsa_blackbox,0.02,1
paviau_93007_spsa_blackbox_0.02000,0.969965934753418,0.3261467516422272,0.5056273341178894,0.5704782009124756,0.8492205739021301,0.6934905648231506,0.6000000238418579,0.2702069580554962,0.4282460808753967,0.7154213190078735,0.4000000059604645,5,0.3788984715938568,0.0745416358113288,0.1309187710285186,0.0402338840067386,93007,spsa_blackbox,0.02,1
paviau_110624_spsa_blackbox_0.02000,0.9938528537750244,0.2626078426837921,0.1564752608537674,0.4506727159023285,0.9649999737739564,0.3028342425823211,0.6000000238418579,0.3584445118904114,0.5706407427787781,0.843814492225647,0.6000000238418579,6,0.4389742016792297,0.0350000001490116,0.2963348627090454,0.2572762668132782,110624,spsa_blackbox,0.02,1
paviau_38915_spsa_blackbox_0.02000,0.997086465358734,0.9719152450561525,0.5861923694610596,0.6177982091903687,0.9649999737739564,0.959999978542328,0.0,0.0062659624963998,0.0680070295929908,0.0505445189774036,0.0,0,0.3822017908096313,0.0350000001490116,0.0399999991059303,0.1466314941644668,38915,spsa_blackbox,0.02,1
paviau_175895_spsa_blackbox_0.02000,0.9843873977661132,0.8118342161178589,0.5622372627258301,0.5933765172958374,0.9649999737739564,0.959999978542328,0.0,0.0517694503068923,0.2490191906690597,0.3614856600761413,0.0,7,0.4066234827041626,0.0350000001490116,0.0399999991059303,0.0743815973401069,175895,spsa_blackbox,0.02,1
paviau_100312_spsa_blackbox_0.02000,0.8279882669448853,0.7512814998626709,0.5379098653793335,0.5679871439933777,0.9649999737739564,0.8715941905975342,0.0,0.0246925074607133,0.3363716900348663,0.4429978430271148,0.0,2,0.4320128858089447,0.0350000001490116,0.068802997469902,0.1147537007927894,100312,spsa_blackbox,0.02,1
paviau_161515_spsa_blackbox_0.02000,0.9054998159408568,0.5554649829864502,0.5648087859153748,0.5960250496864319,0.9649999737739564,0.959999978542328,0.2000000029802322,0.0983111783862114,0.4756131768226623,0.7552260160446167,0.800000011920929,2,0.4039749801158905,0.0350000001490116,0.0399999991059303,0.169639766216278,161515,spsa_blackbox,0.02,1
paviau_107024_spsa_blackbox_0.02000,0.9990115165710448,0.9966625571250916,0.5484300851821899,0.5790418386459351,0.9649999737739564,0.959999978542328,0.0,0.000908902788069,0.0101787475869059,0.0066748559474945,0.0,3,0.4209581315517425,0.0350000001490116,0.0399999991059303,0.0852537080645561,107024,spsa_blackbox,0.02,1
paviau_27591_spsa_blackbox_0.02000,0.9951825737953186,0.972259521484375,0.5590185523033142,0.5900521278381348,0.9649999737739564,0.959999978542328,0.0,0.0064057875424623,0.0577624477446079,0.0554674044251441,0.0,3,0.4099478721618652,0.0350000001490116,0.0399999991059303,0.0304670874029397,27591,spsa_blackbox,0.02,1
paviau_177341_spsa_blackbox_0.02000,0.9996848106384276,0.9626353979110718,0.5506539344787598,0.58136385679245,0.9649999737739564,0.959999978542328,0.0,0.0130048096179962,0.0793115496635437,0.0696851536631584,0.0,1,0.4186361730098724,0.0350000001490116,0.0399999991059303,0.0820802226662635,177341,spsa_blackbox,0.02,1
paviau_123604_spsa_blackbox_0.02000,0.9282556176185608,0.2249918431043625,0.5495349168777466,0.5801960825920105,0.9649999737739564,0.959999978542328,0.800000011920929,0.2965272963047027,0.2695571184158325,0.4587151110172272,0.2000000029802322,5,0.4198038876056671,0.0350000001490116,0.0399999991059303,0.1045241057872772,123604,spsa_blackbox,0.02,1
paviau_128132_spsa_blackbox_0.02000,0.9550171494483948,0.7431385517120361,0.3142862319946289,0.4316109418869018,0.9649999737739564,0.8264212012290955,0.2000000029802322,0.0787877365946769,0.3484098613262176,0.4573244452476501,0.2000000029802322,0,0.3977521955966949,0.0350000001490116,0.0840048938989639,0.2513964176177978,128132,spsa_blackbox,0.02,1
paviau_69072_spsa_blackbox_0.02000,0.9570653438568116,0.9503298997879028,0.5331761837005615,0.5629745125770569,0.9649999737739564,0.959999978542328,0.0,0.0016993759199976,0.104822352528572,0.0849112942814827,0.0,7,0.4370254874229431,0.0350000001490116,0.0399999991059303,0.1045162454247474,69072,spsa_blackbox,0.02,1
paviau_176212_spsa_blackbox_0.02000,0.4970199465751648,0.3318232297897339,0.0315065123140811,0.3300686180591583,0.1214473247528076,0.145569622516632,0.6000000238418579,0.3755589127540588,0.3251342177391052,0.6758941411972046,0.4000000059604645,3,0.4394761621952057,0.4152998030185699,0.3837088048458099,0.1235862746834755,176212,spsa_blackbox,0.02,1
paviau_78984_spsa_blackbox_0.02000,0.9794062972068788,0.2529003024101257,0.2145422399044037,0.344198077917099,0.5505186319351196,0.959999978542328,0.6000000238418579,0.349655270576477,0.5310810804367065,0.8294285535812378,0.800000011920929,1,0.4066700339317322,0.1891205608844757,0.0399999991059303,0.4740010201931,78984,spsa_blackbox,0.02,1
paviau_22133_spsa_blackbox_0.02000,0.7596524953842163,0.3041801154613495,0.0529897548258304,0.568159818649292,0.9649999737739564,0.1653155237436294,0.6000000238418579,0.1109894290566444,0.2912246882915497,0.6119354963302612,0.6000000238418579,1,0.4204965531826019,0.0350000001490116,0.3716141581535339,0.1326544284820556,22133,spsa_blackbox,0.02,1
paviau_56236_spsa_blackbox_0.02000,0.9914188385009766,0.994787871837616,0.558722972869873,0.5933508276939392,0.9649999737739564,0.959999978542328,0.0,0.0040088789537549,0.0168281812220811,0.0086787920445203,0.0,4,0.4021531641483307,0.0350000001490116,0.0399999991059303,0.2720361351966858,56236,spsa_blackbox,0.02,1
paviau_203235_spsa_blackbox_0.02000,0.9922885298728944,0.8340997099876404,0.5485731363296509,0.5791915059089661,0.9649999737739564,0.959999978542328,0.2000000029802322,0.0488146394491195,0.2044975161552429,0.3318005800247192,0.2000000029802322,1,0.4208085238933563,0.0350000001490116,0.0399999991059303,0.1918996125459671,203235,spsa_blackbox,0.02,1
paviau_94379_spsa_blackbox_0.02000,0.9595918655395508,0.611146092414856,0.5184326767921448,0.5472046732902527,0.9649999737739564,0.959999978542328,0.4000000059604645,0.1238558813929557,0.3569516241550445,0.7533401846885681,0.6000000238418579,5,0.4527953267097473,0.0350000001490116,0.0399999991059303,0.0704901069402694,94379,spsa_blackbox,0.02,1
paviau_142775_spsa_blackbox_0.02000,0.9904464483261108,0.5897530317306519,0.571971595287323,0.6033676266670227,0.9649999737739564,0.959999978542328,0.2000000029802322,0.1542288661003112,0.5587011575698853,0.6078652739524841,0.2000000029802322,0,0.3966324031352997,0.0350000001490116,0.0399999991059303,0.0952705889940261,142775,spsa_blackbox,0.02,1
paviau_79377_spsa_blackbox_0.02000,0.9974581599235536,0.999789834022522,0.5727570056915283,0.6041696667671204,0.9649999737739564,0.959999978542328,0.0,0.0009259397629648,0.0009061491582542,0.0004203262215014,0.0,4,0.395830363035202,0.0350000001490116,0.0399999991059303,0.1361302435398101,79377,spsa_blackbox,0.02,1
paviau_117251_spsa_blackbox_0.02000,0.9992610812187196,0.9892905950546264,0.56919926404953,0.6236494183540344,0.9649999737739564,0.959999978542328,0.0,0.0029689746443182,0.0285244733095169,0.0206069257110357,0.0,3,0.3397359549999237,0.0350000001490116,0.0399999991059303,0.0195303875952959,117251,spsa_blackbox,0.02,1
paviau_107618_spsa_blackbox_0.02000,0.9948108196258544,0.2640271186828613,0.2748868465423584,0.3904989361763,0.9649999737739564,0.959999978542328,0.6000000238418579,0.3604441285133362,0.6027814745903015,0.7967929244041443,0.800000011920929,5,0.4539737105369568,0.0350000001490116,0.0399999991059303,0.6871516108512878,107618,spsa_blackbox,0.02,1
paviau_11700_spsa_blackbox_0.02000,0.9979806542396544,0.3882757425308227,0.5725101828575134,0.60391765832901,0.9649999737739564,0.959999978542328,0.6000000238418579,0.2770407199859619,0.5963138937950134,0.9887746572494508,0.800000011920929,3,0.3960823118686676,0.0350000001490116,0.0399999991059303,0.122263103723526,11700,spsa_blackbox,0.02,1
paviau_121210_spsa_blackbox_0.02000,0.9541833996772766,0.9135544300079346,0.5303196907043457,0.5599378943443298,0.9649999737739564,0.959999978542328,0.0,0.0047329748049378,0.1444391161203384,0.1670871376991272,0.0,5,0.4400621056556701,0.0350000001490116,0.0399999991059303,0.0517530404031276,121210,spsa_blackbox,0.02,1
paviau_48984_spsa_blackbox_0.02000,0.6697975397109985,0.6608659029006958,0.3859663307666778,0.58575040102005,0.9325205683708192,0.5202414989471436,0.2000000029802322,0.0128248315304517,0.4260008931159973,0.5027071833610535,0.2000000029802322,0,0.4142496287822723,0.0458707921206951,0.1980688571929931,0.1602957099676132,48984,spsa_blackbox,0.02,1
paviau_92674_spsa_blackbox_0.02000,0.9332902431488036,0.4431217312812805,0.2455911338329315,0.370649516582489,0.9649999737739564,0.959999978542328,0.4000000059604645,0.162499189376831,0.4438696801662445,0.9755857586860656,0.6000000238418579,5,0.4296886324882507,0.0350000001490116,0.0399999991059303,0.6993709802627563,92674,spsa_blackbox,0.02,1
paviau_197417_spsa_blackbox_0.02000,0.9537787437438964,0.8945809602737427,0.5418128371238708,0.5721020102500916,0.9649999737739564,0.6747405529022217,0.0,0.0071529629640281,0.1532989293336868,0.2108379900455474,0.0,1,0.427897959947586,0.0350000001490116,0.1378276646137237,0.0559211038053035,197417,spsa_blackbox,0.02,1
paviau_35722_spsa_blackbox_0.02000,0.9949539303779602,0.4389365315437317,0.5527943968772888,0.5835939049720764,0.9649999737739564,0.959999978542328,0.6000000238418579,0.2402986735105514,0.5452716946601868,0.9064529538154602,0.6000000238418579,1,0.4164060652256012,0.0350000001490116,0.0399999991059303,0.1246031373739242,35722,spsa_blackbox,0.02,1
paviau_126975_spsa_blackbox_0.02000,0.9934021830558776,0.9968939423561096,0.3751789927482605,0.4824964702129364,0.9649999737739564,0.6301981806755066,0.0,0.0027537811547517,0.0096014691516757,0.0062035210430622,0.0,8,0.3741990625858307,0.0350000001490116,0.1545644104480743,0.1630616188049316,126975,spsa_blackbox,0.02,1
paviau_97092_spsa_blackbox_0.02000,0.9092308282852172,0.3482431173324585,0.3217294216156006,0.4147539436817169,0.5507472157478333,0.959999978542328,0.6000000238418579,0.2392050176858902,0.3909905552864074,0.7353276014328003,0.4000000059604645,5,0.4881656467914581,0.1890240460634231,0.0399999991059303,0.3223983943462372,97092,spsa_blackbox,0.02,1
paviau_76023_spsa_blackbox_0.02000,0.9962790608406068,0.6292604207992554,0.5659361481666565,0.5971840620040894,0.9649999737739564,0.959999978542328,0.4000000059604645,0.1412755995988845,0.4744041860103607,0.5912442207336426,0.4000000059604645,0,0.402815967798233,0.0350000001490116,0.0399999991059303,0.2138958126306533,76023,spsa_blackbox,0.02,1
paviau_168525_spsa_blackbox_0.02000,0.9994450211524964,0.9276994466781616,0.5505521893501282,0.5812577605247498,0.9649999737739564,0.959999978542328,0.0,0.0252192970365285,0.1301917731761932,0.1359345018863678,0.0,1,0.4187422394752502,0.0350000001490116,0.0399999991059303,0.0804946273565292,168525,spsa_blackbox,0.02,1
paviau_203352_spsa_blackbox_0.02000,0.9793548583984376,0.8934792876243591,0.5567976832389832,0.5877522826194763,0.9649999737739564,0.959999978542328,0.0,0.0203211922198534,0.1543675661087036,0.2130414098501205,0.0,1,0.4122477173805237,0.0350000001490116,0.0399999991059303,0.0823866575956344,203352,spsa_blackbox,0.02,1
paviau_70477_spsa_blackbox_0.02000,0.9914149641990662,0.4214056730270386,0.20645672082901,0.3362501561641693,0.5944379568099976,0.959999978542328,0.6000000238418579,0.2479074448347091,0.4971813261508941,0.9946278929710388,0.4000000059604645,1,0.3845746219158172,0.1708685457706451,0.0399999991059303,0.5400899052619934,70477,spsa_blackbox,0.02,1
paviau_75933_spsa_blackbox_0.02000,0.9932113885879515,0.253222644329071,0.4449086189270019,0.5218053460121155,0.9649999737739564,0.959999978542328,0.800000011920929,0.362518846988678,0.546958863735199,0.9774224758148192,0.6000000238418579,1,0.4086011946201324,0.0350000001490116,0.0399999991059303,0.2580614984035492,75933,spsa_blackbox,0.02,1
paviau_67516_spsa_blackbox_0.02000,0.9943901896476746,0.4772346913814544,0.5689217448234558,0.600247323513031,0.9649999737739564,0.959999978542328,0.4000000059604645,0.2180369943380355,0.5126773118972778,0.899861216545105,0.4000000059604645,0,0.399752676486969,0.0350000001490116,0.0399999991059303,0.2485827356576919,67516,spsa_blackbox,0.02,1
paviau_173939_spsa_blackbox_0.02000,0.9991815686225892,0.9280070066452026,0.5527008175849915,0.583496630191803,0.9649999737739564,0.959999978542328,0.0,0.0248512439429759,0.1337947994470596,0.1319736689329147,0.0,1,0.4165033996105194,0.0350000001490116,0.0399999991059303,0.0698356255888938,173939,spsa_blackbox,0.02,1
paviau_106629_spsa_blackbox_0.02000,0.923823058605194,0.3495881855487823,0.5345916748046875,0.564475953578949,0.9649999737739564,0.959999978542328,0.6000000238418579,0.2341324836015701,0.4950917959213257,0.952038049697876,0.800000011920929,5,0.4355240166187286,0.0350000001490116,0.0399999991059303,0.0136291412636637,106629,spsa_blackbox,0.02,1
paviau_50792_spsa_blackbox_0.02000,0.995639443397522,0.999091625213623,0.5621121525764465,0.5932475328445435,0.9649999737739564,0.959999978542328,0.0,0.0015765288844704,0.0037160976789891,0.0013182397233322,0.0,4,0.4067524969577789,0.0350000001490116,0.0399999991059303,0.1641928255558014,50792,spsa_blackbox,0.02,1
paviau_86779_spsa_blackbox_0.02000,0.4457906186580658,0.3856382668018341,0.1757406443357467,0.5711579918861389,0.9649999737739564,0.3240083456039428,0.4000000059604645,0.1814441382884979,0.3682479560375213,0.8031343817710876,0.4000000059604645,7,0.4288419783115387,0.0350000001490116,0.2858390808105469,0.2136681824922561,86779,spsa_blackbox,0.02,1
paviau_114407_spsa_blackbox_0.02000,0.9981984496116638,0.5135877728462219,0.5291841626167297,0.5587283968925476,0.9649999737739564,0.959999978542328,0.4000000059604645,0.2056458741426468,0.3360634446144104,0.9647416472434998,0.4000000059604645,5,0.4412716031074524,0.0350000001490116,0.0399999991059303,0.0510893277823925,114407,spsa_blackbox,0.02,1
paviau_38142_spsa_blackbox_0.02000,0.9989262223243712,0.8513101935386658,0.5285936594009399,0.5580987930297852,0.9649999737739564,0.959999978542328,0.0,0.0534770749509334,0.207082599401474,0.2881560027599334,0.0,1,0.4419012069702148,0.0350000001490116,0.0399999991059303,0.1436543315649032,38142,spsa_blackbox,0.02,1
paviau_142775_ss_fgsm_0.00500,0.5188354253768921,0.8076803684234619,0.1837184131145477,0.7055718898773193,0.5681030750274658,0.3325397074222564,0.0,0.0932804942131042,0.308624118566513,0.3058069050312042,0.0,0,0.2944281101226806,0.1817433536052703,0.2816773653030395,0.0106307286769151,142775,ss_fgsm,0.005,1
paviau_118881_ss_fgsm_0.00500,0.9952515363693236,0.79633629322052,0.9786043763160706,0.975000023841858,0.9649999737739564,0.946249544620514,0.2000000029802322,0.0673013180494308,0.2300448566675186,0.4073259234428406,0.2000000029802322,1,0.025000000372529,0.0350000001490116,0.0444021895527839,0.0,118881,ss_fgsm,0.005,0
paviau_192005_ss_fgsm_0.00500,0.9483399987220764,0.0555589571595191,1.0,0.975000023841858,0.9649999737739564,0.959999978542328,1.0,0.4887343645095825,0.0976574048399925,0.1111182644963264,0.0,5,0.025000000372529,0.0350000001490116,0.0399999991059303,0.0361248850822448,192005,ss_fgsm,0.005,0
paviau_205736_ss_fgsm_0.00500,0.9423914551734924,0.0669540017843246,0.691010594367981,0.7187291383743286,0.9649999737739564,0.959999978542328,1.0,0.4618234932422638,0.1118452697992324,0.1339123696088791,0.0,5,0.281270831823349,0.0350000001490116,0.0399999991059303,0.0112628238275647,205736,ss_fgsm,0.005,0
paviau_37110_ss_fgsm_0.00500,0.8983308672904968,0.2761929333209991,0.2964167892932892,0.975000023841858,0.9649999737739564,0.4424231350421905,0.800000011920929,0.2216497510671615,0.2683635354042053,0.5524129271507263,0.2000000029802322,5,0.025000000372529,0.0350000001490116,0.2310784012079239,0.0094767604023218,37110,ss_fgsm,0.005,0
paviau_154583_ss_fgsm_0.00500,0.9790786504745485,0.0061273290775716,0.3098562955856323,0.4336853623390198,0.9649999737739564,0.959999978542328,1.0,0.6359901428222656,0.3469500541687011,0.77193683385849,0.4000000059604645,2,0.290593534708023,0.0350000001490116,0.0399999991059303,0.5316846966743469,154583,ss_fgsm,0.005,0
paviau_199745_ss_fgsm_0.00500,0.9926213026046752,0.5239193439483643,0.8779929280281067,0.8798320293426514,0.9649999737739564,0.959999978542328,0.4000000059604645,0.1875066012144088,0.3286460041999817,0.9466446042060852,0.4000000059604645,1,0.1201679408550262,0.0350000001490116,0.0399999991059303,0.0186411067843437,199745,ss_fgsm,0.005,1
paviau_95745_ss_fgsm_0.00500,0.9181196689605712,0.7622944116592407,0.3608419597148895,0.848922848701477,0.9058218598365784,0.4990308284759521,0.2000000029802322,0.0305863637477159,0.249598354101181,0.4754110276699066,0.2000000029802322,1,0.1510771363973617,0.0549327544867992,0.2068653702735901,0.0196708440780639,95745,ss_fgsm,0.005,0
paviau_109898_ss_fgsm_0.00500,0.946402072906494,0.2978155314922333,0.5042850375175476,0.5956891179084778,0.9649999737739564,0.9414021968841552,0.800000011920929,0.2825358211994171,0.572277843952179,0.9594245553016664,0.4000000059604645,2,0.2701038718223572,0.0350000001490116,0.0459606684744358,0.0079571437090635,109898,ss_fgsm,0.005,0
paviau_83079_ss_fgsm_0.00500,0.64340740442276,0.775867760181427,0.1168640032410621,0.6180752515792847,0.6889188289642334,0.2561375200748443,0.2000000029802322,0.0112218670547008,0.2450620979070663,0.4473037719726562,0.800000011920929,1,0.3819247484207153,0.1334108412265777,0.3203979730606079,0.0625695884227752,83079,ss_fgsm,0.005,1
paviau_114106_ss_fgsm_0.00500,0.9836836457252502,0.6768713593482971,0.7194273471832275,0.7446272969245911,0.9649999737739564,0.959999978542328,0.2000000029802322,0.1052241548895835,0.2863849997520447,0.6462538838386536,0.2000000029802322,1,0.2553726732730865,0.0350000001490116,0.0399999991059303,0.006394516211003,114106,ss_fgsm,0.005,0
paviau_115087_ss_fgsm_0.00500,0.9893537759780884,0.276322990655899,0.5796701312065125,0.6433668732643127,0.9649999737739564,0.959999978542328,0.800000011920929,0.3358705341815948,0.2930828928947449,0.5624576210975647,0.2000000029802322,5,0.2959353923797607,0.0350000001490116,0.0399999991059303,0.0110023627057671,115087,ss_fgsm,0.005,1
paviau_125258_ss_fgsm_0.00500,0.9927976727485656,0.0064443782903254,0.4227876365184784,0.5260885953903198,0.9649999737739564,0.959999978542328,1.0,0.6565597653388977,0.3519105911254883,0.8366562128067017,0.4000000059604645,7,0.1555293947458267,0.0350000001490116,0.0399999991059303,0.4188448190689087,125258,ss_fgsm,0.005,0
paviau_206915_ss_fgsm_0.00500,0.980442464351654,0.8447449207305908,0.6339645981788635,0.6824923157691956,0.9649999737739564,0.959999978542328,0.0,0.0520696379244327,0.196504533290863,0.310506522655487,0.0,1,0.2824535071849823,0.0350000001490116,0.0399999991059303,0.0038162439595907,206915,ss_fgsm,0.005,1
paviau_205749_ss_fgsm_0.00500,0.6675572395324707,0.0252990331500768,0.5398337841033936,0.975000023841858,0.9649999737739564,0.642291784286499,1.0,0.2697017192840576,0.0537111647427082,0.0505989678204059,0.0,5,0.025000000372529,0.0350000001490116,0.1499736905097961,0.0030988259240984,205749,ss_fgsm,0.005,0
paviau_191982_ss_fgsm_0.00500,0.5344546437263489,0.0206631626933813,0.1071211621165275,0.5098403692245483,0.9382387399673462,0.2438167929649353,1.0,0.1959319561719894,0.0457903444766998,0.0413264296948909,0.0,5,0.2885948717594147,0.0439449325203895,0.326977789402008,0.0570600107312202,191982,ss_fgsm,0.005,0
paviau_162300_ss_fgsm_0.00500,0.6329990029335022,0.07651287317276,0.6844208240509033,0.8282739520072937,0.9649999737739564,0.7480478882789612,1.0,0.2021280378103256,0.4506843388080597,0.5898659229278564,0.2000000029802322,2,0.1717260479927063,0.0350000001490116,0.1112440824508667,0.0085273375734686,162300,ss_fgsm,0.005,0
paviau_108310_ss_fgsm_0.00500,0.5408650040626526,0.7242416739463806,0.0097455410286784,0.9614879488945008,0.2746949195861816,0.0688240006566047,0.0,0.0191334709525108,0.268143743276596,0.5514935851097107,0.0,1,0.0385120622813701,0.3208538889884949,0.4351681172847748,0.6432797908782959,108310,ss_fgsm,0.005,0
paviau_178398_ss_fgsm_0.00500,0.9939648509025574,0.3142902851104736,0.6060137152671814,0.6375970244407654,0.9649999737739564,0.959999978542328,0.800000011920929,0.3170780837535858,0.2834216058254242,0.6286007761955261,0.2000000029802322,5,0.3624029755592346,0.0350000001490116,0.0399999991059303,0.0,178398,ss_fgsm,0.005,0
paviau_196414_ss_fgsm_0.00500,0.9349420070648192,0.2042268067598343,0.2794256210327148,0.5092567205429077,0.9649999737739564,0.4268701374530792,1.0,0.3110341727733612,0.2303922921419143,0.4084546864032745,0.0,5,0.2894092202186584,0.0350000001490116,0.2379333674907684,0.0408858731389045,196414,ss_fgsm,0.005,0
paviau_168172_ss_fgsm_0.00500,0.9835909008979796,0.5759698152542114,0.6902300715446472,0.7180096507072449,0.9649999737739564,0.959999978542328,0.6000000238418579,0.1519928574562072,0.310219794511795,0.8480555415153503,0.4000000059604645,5,0.2819903492927551,0.0350000001490116,0.0399999991059303,0.0,168172,ss_fgsm,0.005,0
paviau_1810_ss_fgsm_0.00500,0.997479259967804,0.0531154163181781,0.3579105734825134,0.4770625829696655,0.9649999737739564,0.959999978542328,1.0,0.5828342437744141,0.1642133146524429,0.1360598802566528,0.0,6,0.2919380068778991,0.0350000001490116,0.0399999991059303,0.4451029300689697,1810,ss_fgsm,0.005,0
paviau_27561_ss_fgsm_0.00500,0.5579962134361267,9.99999993922529e-09,0.0517919510602951,0.078381597995758,0.2436969727277755,0.1892348825931549,1.0,0.3352749347686767,0.127577930688858,0.1612487137317657,0.0,3,0.2929570376873016,0.3382377922534942,0.3574684560298919,0.1229229196906089,27561,ss_fgsm,0.005,0
paviau_75619_ss_fgsm_0.00500,0.9927444458007812,0.9960092306137084,0.5989665985107422,0.6524597406387329,0.9649999737739564,0.959999978542328,0.0,0.0033969632349908,0.0122052347287535,0.0078434348106384,0.0,8,0.3083115518093109,0.0350000001490116,0.0399999991059303,0.0762647613883018,75619,ss_fgsm,0.005,1
paviau_187552_ss_fgsm_0.00500,0.990483283996582,0.0140131497755646,0.7026321887969971,0.7293896675109863,0.9649999737739564,0.959999978542328,1.0,0.637562096118927,0.0335516706109046,0.0280263125896453,0.0,5,0.2706103324890136,0.0350000001490116,0.0399999991059303,0.0090893171727657,187552,ss_fgsm,0.005,0
paviau_69090_ss_fgsm_0.00500,0.8743612766265869,0.2743813097476959,1.0,0.975000023841858,0.9649999737739564,0.959999978542328,0.6000000238418579,0.2493091821670532,0.3797649443149566,0.60980224609375,0.4000000059604645,2,0.025000000372529,0.0350000001490116,0.0399999991059303,0.0,69090,ss_fgsm,0.005,0
paviau_78900_ss_fgsm_0.00500,0.902311146259308,0.944964587688446,0.5605607628822327,0.5916462540626526,0.7021020650863647,0.843911349773407,0.0,0.0039069945923984,0.0969788506627082,0.1100707724690437,0.0,3,0.4083537459373474,0.1283615082502365,0.0780778899788856,0.0407316796481609,78900,ss_fgsm,0.005,1
paviau_183492_ss_fgsm_0.00500,0.9926666617393494,0.3961597979068756,0.669802188873291,0.6990195512771606,0.9649999737739564,0.959999978542328,0.6000000238418579,0.2610440552234649,0.3055803179740906,0.7923198342323303,0.4000000059604645,5,0.3009804487228393,0.0350000001490116,0.0399999991059303,0.0001359818852506,183492,ss_fgsm,0.005,0
paviau_11700_ss_fgsm_0.00500,0.9823271036148072,0.3820459842681885,0.8091738224029541,0.8229413032531738,0.9649999737739564,0.959999978542328,0.6000000238418579,0.2511466443538666,0.5779798626899719,0.9722458720207214,0.4000000059604645,3,0.1770586818456649,0.0350000001490116,0.0399999991059303,0.0,11700,ss_fgsm,0.005,1
paviau_129851_ss_fgsm_0.00500,0.4499796628952026,0.0007119179936125,0.0073422519490122,0.1319252401590347,0.0574685744941234,0.1918285191059112,1.0,0.3222596049308777,0.2821956276893616,0.4039711356163025,0.2000000029802322,5,0.2908999025821686,0.4635762572288513,0.3559654951095581,0.241692304611206,129851,ss_fgsm,0.005,0
paviau_147269_ss_fgsm_0.00500,0.871805727481842,0.9510154724121094,0.3614658415317535,0.6343078017234802,0.4957157969474792,0.855548083782196,0.0,0.0445185713469982,0.0943760871887207,0.0957172960042953,0.0,8,0.2486738711595535,0.2127525061368942,0.0741634741425514,0.0885412469506263,147269,ss_fgsm,0.005,1
paviau_68768_ss_fgsm_0.00500,0.9517070055007936,0.6686205863952637,0.7816224098205566,0.8443198800086975,0.8172917366027832,0.9391642212867736,0.2000000029802322,0.0728511586785316,0.3135945498943329,0.6521391868591309,0.2000000029802322,1,0.1556801050901413,0.0858555510640144,0.0466813817620277,0.0001548047293908,68768,ss_fgsm,0.005,1
paviau_182109_ss_fgsm_0.00500,0.9587982296943665,0.0415527410805225,0.3041752576828003,0.4281375706195831,0.9649999737739564,0.8611414432525635,1.0,0.523943305015564,0.0786670222878456,0.083105482161045,0.0,5,0.2874593734741211,0.0350000001490116,0.0722900703549385,0.6754716038703918,182109,ss_fgsm,0.005,0
paviau_49772_ss_fgsm_0.00500,0.993267297744751,0.9921997785568236,0.7919445037841797,0.8082889318466187,0.9649999737739564,0.959999978542328,0.0,0.0044038966298103,0.0225299056619405,0.0140618775039911,0.0,4,0.1917110681533813,0.0350000001490116,0.0399999991059303,0.0,49772,ss_fgsm,0.005,1
paviau_105075_ss_fgsm_0.00500,0.8557540774345398,0.235608696937561,0.6702240109443665,0.6994149088859558,0.9649999737739564,0.8351036310195923,1.0,0.2926778495311737,0.3083157837390899,0.4957878887653351,0.0,7,0.3005850613117218,0.0350000001490116,0.0810559913516044,0.0,105075,ss_fgsm,0.005,0
paviau_187011_ss_fgsm_0.00500,0.7915770411491394,0.7949017882347107,0.6722270250320435,0.7012900710105896,0.9649999737739564,0.959999978542328,0.0,0.1229064539074897,0.3433709144592285,0.2876706123352051,0.0,0,0.2987099289894104,0.0350000001490116,0.0399999991059303,0.0006019083666615,187011,ss_fgsm,0.005,1
paviau_178698_ss_fgsm_0.00500,0.9974707365036012,0.6781919598579407,0.6922913789749146,0.7199087738990784,0.9649999737739564,0.959999978542328,0.4000000059604645,0.1246237158775329,0.2859231233596802,0.6436153054237366,0.4000000059604645,1,0.2800911962985992,0.0350000001490116,0.0399999991059303,0.0,178698,ss_fgsm,0.005,1
paviau_122264_ss_fgsm_0.00500,0.9935564398765564,0.4754190444946289,1.0,0.975000023841858,0.9649999737739564,0.959999978542328,0.6000000238418579,0.2144131660461425,0.3283115923404693,0.955632209777832,0.6000000238418579,1,0.025000000372529,0.0350000001490116,0.0399999991059303,0.0032836815807968,122264,ss_fgsm,0.005,0
paviau_206729_ss_fgsm_0.00500,0.9744835495948792,0.9767715334892272,0.6834529638290405,0.711743950843811,0.9649999737739564,0.8858705759048462,0.0,0.000603035732638,0.0502234399318695,0.0464569739997386,0.0,1,0.2882560491561889,0.0350000001490116,0.0640691965818405,0.000326265435433,206729,ss_fgsm,0.005,1
paviau_18391_ss_fgsm_0.00500,0.5697646737098694,0.5933717489242554,0.3018185794353485,0.7157989144325256,0.6702753305435181,0.4473080337047577,0.4000000059604645,0.0187988299876451,0.3905006349086761,0.7597739696502686,0.4000000059604645,0,0.2842011153697967,0.1406220495700836,0.228944182395935,0.024922152981162,18391,ss_fgsm,0.005,1
paviau_119884_ss_fgsm_0.00500,0.994883954524994,0.4309316873550415,0.839735746383667,0.8485192060470581,0.9649999737739564,0.959999978542328,0.6000000238418579,0.2430596202611923,0.3234160244464874,0.8659737706184387,0.6000000238418579,1,0.1514807939529419,0.0350000001490116,0.0399999991059303,0.0,119884,ss_fgsm,0.005,0
paviau_72178_ss_fgsm_0.00500,0.9393381476402284,0.4113578498363495,0.1953812092542648,0.5622006058692932,0.339685708284378,0.8120124340057373,0.6000000238418579,0.222823217511177,0.3191871345043182,0.8262856006622314,0.4000000059604645,1,0.025000000372529,0.2864847183227539,0.0889278948307037,0.0793278142809867,72178,ss_fgsm,0.005,1
paviau_26879_ss_fgsm_0.00500,0.635227382183075,0.0958653166890144,0.3146831095218658,0.891764760017395,0.9231236577033995,0.4588320553302765,1.0,0.1792814284563064,0.1442558318376541,0.1918317824602127,0.0,5,0.1082352101802825,0.0490470379590988,0.2239439338445663,0.0069676218554377,26879,ss_fgsm,0.005,0
paviau_108916_ss_fgsm_0.00500,0.9649710059165956,0.0121207563206553,0.1700359582901001,0.5527967214584351,0.3126452565193176,0.959999978542328,1.0,0.5959942936897278,0.3459023833274841,0.8046464920043945,0.4000000059604645,7,0.146467387676239,0.3004704713821411,0.0399999991059303,0.1800454258918762,108916,ss_fgsm,0.005,0
paviau_202343_ss_fgsm_0.00500,0.9892071485519408,0.3105151951313019,0.7415593266487122,0.7644135355949402,0.9649999737739564,0.959999978542328,0.800000011920929,0.3170922696590423,0.2853927910327911,0.6219577789306641,0.2000000029802322,5,0.2355864495038986,0.0350000001490116,0.0399999991059303,3.354954969836399e-05,202343,ss_fgsm,0.005,0
paviau_192326_ss_fgsm_0.00500,0.5105285048484802,0.0354161374270916,0.1133156716823577,0.6376340985298157,0.8904205560684204,0.2516954839229584,1.0,0.1638832986354828,0.0696763843297958,0.0708323717117309,0.0,5,0.3623659014701843,0.0602137520909309,0.3227584064006805,0.0134495524689555,192326,ss_fgsm,0.005,0
paviau_114056_ss_fgsm_0.00500,0.921875298023224,0.2425394505262375,0.7606396675109863,0.975000023841858,0.94826740026474,0.8012689352035522,0.800000011920929,0.2667751610279083,0.258172333240509,0.4867810010910034,0.800000011920929,1,0.025000000372529,0.0405797809362411,0.0926227942109108,0.0061154025606811,114056,ss_fgsm,0.005,0
paviau_187434_ss_fgsm_0.00500,0.7028365731239319,0.0965088158845901,0.6704146265983582,0.8710037469863892,0.9649999737739564,0.7380961775779724,1.0,0.2477273195981979,0.4637356400489807,0.4896903038024902,0.2000000029802322,2,0.128996267914772,0.0350000001490116,0.1147871240973472,0.0,187434,ss_fgsm,0.005,0
paviau_188878_ss_fgsm_0.00500,0.9992996454238892,0.9002183675765991,0.6756787896156311,0.7045145034790039,0.9649999737739564,0.959999978542328,0.0,0.0356169641017913,0.1558001488447189,0.1952661722898483,0.0,1,0.2954855263233185,0.0350000001490116,0.0399999991059303,0.0,188878,ss_fgsm,0.005,1
paviau_20452_ss_fgsm_0.00500,0.9638786315917968,0.2982582449913025,0.8921389579772949,0.8912213444709778,0.9649999737739564,0.959999978542328,0.800000011920929,0.2775105834007263,0.2803697288036346,0.5973333120346069,0.2000000029802322,5,0.108778640627861,0.0350000001490116,0.0399999991059303,0.0,20452,ss_fgsm,0.005,0
paviau_25873_ss_fgsm_0.00500,0.5461463928222656,0.21240895986557,0.1699400842189788,0.7340905666351318,0.9021159410476683,0.3177216053009033,1.0,0.0615303292870521,0.2389819025993347,0.4258202612400055,0.0,5,0.2659094333648681,0.0561998412013053,0.2889301180839538,0.012193233706057,25873,ss_fgsm,0.005,0
paviau_40621_ss_fgsm_0.00500,0.8335700631141663,0.8795145153999329,0.7092112898826599,0.7353819608688354,0.9649999737739564,0.8894602060317993,0.0,0.0568191185593605,0.216482788324356,0.1978514492511749,0.0,0,0.2646180093288421,0.0350000001490116,0.0628841072320938,0.0001078894129022,40621,ss_fgsm,0.005,1
paviau_195203_ss_fgsm_0.00500,0.9736143946647644,0.0294954758137464,0.2588863968849182,0.3836569190025329,0.9649999737739564,0.959999978542328,1.0,0.566824197769165,0.175601914525032,0.1302855461835861,0.0,6,0.2926075458526611,0.0350000001490116,0.0399999991059303,0.6716629266738892,195203,ss_fgsm,0.005,0
paviau_110339_ss_fgsm_0.00500,0.7338361740112305,0.5444910526275635,0.6451671123504639,0.975000023841858,0.9649999737739564,0.7200111746788025,0.6000000238418579,0.0206549670547246,0.3136778771877289,0.9110152125358582,0.4000000059604645,5,0.025000000372529,0.0350000001490116,0.1212772876024246,0.0002739826159086,110339,ss_fgsm,0.005,1
paviau_24854_ss_fgsm_0.00500,0.5774956941604614,0.7422390580177307,0.016122592613101,0.8336556553840637,0.4198039770126343,0.0886796489357948,0.0,0.0157926939427852,0.2628949582576751,0.5145158767700195,0.0,1,0.1663443595170974,0.2472920417785644,0.4210696816444397,0.4644398987293243,24854,ss_fgsm,0.005,1
paviau_54809_ss_fgsm_0.00500,0.6557210087776184,0.8057467341423035,0.0323564410209655,0.7189115285873413,0.4717815816402435,0.1271107941865921,0.0,0.0222669243812561,0.2359737902879715,0.3836057484149933,0.0,1,0.2810884714126587,0.2234013080596923,0.3953932821750641,0.2552745044231415,54809,ss_fgsm,0.005,1
paviau_203774_ss_fgsm_0.00500,0.953537106513977,0.3435123860836029,0.4533858001232147,0.5587967038154602,0.9649999737739564,0.959999978542328,0.800000011920929,0.2375769615173339,0.2962173521518707,0.6879957318305969,0.2000000029802322,5,0.220283642411232,0.0350000001490116,0.0399999991059303,0.4491947293281555,203774,ss_fgsm,0.005,0
paviau_155941_ss_fgsm_0.00500,0.9867218732833862,0.1147972345352172,0.6849120259284973,0.7130957245826721,0.9649999737739564,0.959999978542328,1.0,0.4867565929889679,0.5903128981590271,0.6816256642341614,0.4000000059604645,2,0.2869042456150055,0.0350000001490116,0.0399999991059303,0.0378291383385658,155941,ss_fgsm,0.005,0
paviau_135624_ss_fgsm_0.00500,0.99784255027771,0.1771398782730102,0.6822305917739868,0.7106102705001831,0.9649999737739564,0.959999978542328,1.0,0.4393504858016968,0.2594320774078369,0.3709449172019958,0.0,6,0.2893897294998169,0.0350000001490116,0.0399999991059303,0.0,135624,ss_fgsm,0.005,0
paviau_99685_ss_fgsm_0.00500,0.5817901492118835,0.529729962348938,0.2449304312467575,0.706513524055481,0.9258913993835448,0.3943237066268921,0.4000000059604645,0.0161830428987741,0.4522293508052826,0.8437489867210388,0.4000000059604645,0,0.293486475944519,0.0481100305914878,0.2525869011878967,0.0086723063141107,99685,ss_fgsm,0.005,1
paviau_129245_ss_fgsm_0.00500,0.8254526257514954,0.6915558576583862,0.9288762807846068,0.9203472137451172,0.9649999737739564,0.959999978542328,0.0,0.0309285838156938,0.306509405374527,0.6045040488243103,0.0,7,0.0796527788043022,0.0350000001490116,0.0399999991059303,0.0,129245,ss_fgsm,0.005,0
paviau_168352_ss_fgsm_0.00500,0.8256153464317322,0.0124490996822714,0.3509774804115295,0.4592665433883667,0.7370685338973999,0.959999978542328,1.0,0.4426590502262115,0.0343063548207283,0.0259721744805574,0.0,5,0.1751124858856201,0.1151611879467964,0.0399999991059303,0.7209223508834839,168352,ss_fgsm,0.005,0
paviau_122581_ss_fgsm_0.00500,0.7868193984031677,0.3016749322414398,0.9947763085365297,0.9710596203804016,0.9649999737739564,0.959999978542328,0.800000011920929,0.1349983811378479,0.2917380630970001,0.6076395511627197,0.2000000029802322,5,0.028940362855792,0.0350000001490116,0.0399999991059303,0.0001377632579533,122581,ss_fgsm,0.005,1
paviau_115473_ss_fgsm_0.00500,0.999351680278778,0.6759704351425171,0.8427413105964661,0.8510071039199829,0.9649999737739564,0.959999978542328,0.2000000029802322,0.1271799951791763,0.2867045700550079,0.6480526328086853,0.2000000029802322,1,0.1489929258823394,0.0350000001490116,0.0399999991059303,0.0,115473,ss_fgsm,0.005,0
paviau_32667_ss_fgsm_0.00500,0.9699702262878418,0.1503584533929824,0.3977517187595367,0.5114917159080505,0.9649999737739564,0.959999978542328,1.0,0.4091329574584961,0.1930349022150039,0.3007870018482208,0.0,5,0.2731596529483795,0.0350000001490116,0.0399999991059303,0.5349860191345215,32667,ss_fgsm,0.005,0
paviau_194350_ss_fgsm_0.00500,0.971436619758606,0.0128063084557652,0.6912118792533875,0.7189146280288696,0.9649999737739564,0.959999978542328,1.0,0.5975351333618164,0.0311909019947052,0.0256126746535301,0.0,5,0.2810854017734527,0.0350000001490116,0.0399999991059303,0.0059451214037835,194350,ss_fgsm,0.005,0
paviau_204566_ss_fgsm_0.00500,0.9927143454551696,0.8853861093521118,0.6858394742012024,0.7139542698860168,0.9649999737739564,0.959999978542328,0.0,0.0311015918850898,0.1632286608219146,0.2288397848606109,0.0,1,0.2860457599163055,0.0350000001490116,0.0399999991059303,0.0,204566,ss_fgsm,0.005,1
paviau_206298_ss_fgsm_0.00500,0.5073629021644592,0.8371409177780151,0.0123979244381189,0.7150188088417053,0.2026175409555435,0.077643871307373,0.2000000029802322,0.0659496039152145,0.2022617310285568,0.3257154822349548,0.2000000029802322,1,0.2735694646835327,0.3624523282051086,0.4288279712200165,0.368988573551178,206298,ss_fgsm,0.005,1
paviau_57198_ss_fgsm_0.00500,0.8369799256324768,0.7802872657775879,0.3037549555301666,0.7543753385543823,0.7894527316093445,0.4490524232387543,0.2000000029802322,0.0072531304322183,0.2425182610750198,0.4385114312171936,0.2000000029802322,1,0.2456246763467788,0.0958780795335769,0.2281841933727264,0.0251829959452152,57198,ss_fgsm,0.005,1
paviau_200787_ss_fgsm_0.00500,0.9520464539527892,0.3792673945426941,0.6841517090797424,0.7123915553092957,0.7639432549476624,0.9408796429634094,0.6000000238418579,0.211131066083908,0.3022264242172241,0.7585673928260803,0.4000000059604645,1,0.2876084744930267,0.1051971465349197,0.0461288876831531,0.0008218580624088,200787,ss_fgsm,0.005,1
paviau_177029_ss_fgsm_0.00500,0.9984777569770812,0.1488734781742096,0.8710379600524902,0.8741956949234009,0.9649999737739564,0.959999978542328,1.0,0.467685729265213,0.19149811565876,0.2977478206157684,0.0,5,0.1258043199777603,0.0350000001490116,0.0399999991059303,7.886266394052655e-05,177029,ss_fgsm,0.005,0
paviau_181902_ss_fgsm_0.00500,0.9359333515167236,0.0247670207172632,0.1736796498298645,0.2870951294898987,0.9649999737739564,0.6992024779319763,1.0,0.521888256072998,0.1830135583877563,0.142444759607315,0.0,6,0.2972131669521332,0.0350000001490116,0.1288294643163681,0.659240186214447,181902,ss_fgsm,0.005,0
paviau_195738_ss_fgsm_0.00500,0.924440622329712,0.2616758942604065,0.4983723759651184,0.975000023841858,0.9649999737739564,0.6105412244796753,1.0,0.2553941309452057,0.2641058266162872,0.5240158438682556,0.0,5,0.025000000372529,0.0350000001490116,0.1621032953262329,0.006163615733385,195738,ss_fgsm,0.005,0
paviau_154261_ss_fgsm_0.00500,0.99751615524292,0.9971209168434144,0.798907995223999,0.8142316937446594,0.9649999737739564,0.959999978542328,0.0,0.0010079082567244,0.0089748296886682,0.0057581807486712,0.0,3,0.1857683211565017,0.0350000001490116,0.0399999991059303,0.0,154261,ss_fgsm,0.005,1
paviau_199803_ss_fgsm_0.00500,0.7780438661575317,0.1778231561183929,0.3845469057559967,0.7056742906570435,0.9649999737739564,0.519054651260376,0.800000011920929,0.1955058425664901,0.2130323052406311,0.3556464612483978,0.2000000029802322,5,0.2943257093429565,0.0350000001490116,0.1985573321580886,0.0019406100036576,199803,ss_fgsm,0.005,0
paviau_53448_ss_fgsm_0.00500,0.6071910858154297,0.7512995600700378,0.0944863334298133,0.7473087310791016,0.3719697296619415,0.2272036075592041,0.0,0.0340101011097431,0.3250294029712677,0.4461263120174408,0.0,1,0.2526912689208984,0.2703124284744262,0.3360175788402557,0.2807619571685791,53448,ss_fgsm,0.005,1
paviau_204036_ss_fgsm_0.00500,0.977719247341156,0.2636384665966034,0.7185177206993103,0.7438070178031921,0.9649999737739564,0.959999978542328,0.800000011920929,0.3242686688899994,0.2877457439899444,0.5370105504989624,0.2000000029802322,5,0.2561929821968078,0.0350000001490116,0.0399999991059303,0.0016904310323297,204036,ss_fgsm,0.005,0
paviau_18485_ss_fgsm_0.00500,0.9195218086242676,0.8218755125999451,0.7092955112457275,0.7354585528373718,0.9649999737739564,0.959999978542328,0.2000000029802322,0.0689958855509758,0.2448817640542984,0.3406663537025451,0.2000000029802322,0,0.2645414471626282,0.0350000001490116,0.0399999991059303,0.0,18485,ss_fgsm,0.005,1
paviau_120294_ss_fgsm_0.00500,0.6982674598693848,0.7869703769683838,0.3803014755249023,0.6506974101066589,0.9251245856285096,0.5154967308044434,0.0,0.0092724440619349,0.2496698945760727,0.4204718470573425,0.0,0,0.3493025600910187,0.0483695119619369,0.200024276971817,0.0054940562695264,120294,ss_fgsm,0.005,1
paviau_116369_ss_fgsm_0.00500,0.804646909236908,0.2113272249698639,0.5411519408226013,0.6279800534248352,0.9649999737739564,0.881135106086731,0.800000011920929,0.2186913937330246,0.5847253203392029,0.7760655283927917,0.4000000059604645,2,0.2305379062891006,0.0350000001490116,0.0656357333064079,0.0031242864206433,116369,ss_fgsm,0.005,0
paviau_180601_ss_fgsm_0.01000,0.9510317444801332,0.2518647611141205,0.6253460645675659,0.6565698981285095,0.9649999737739564,0.959999978542328,0.800000011920929,0.3095608353614807,0.7137070298194885,0.9619287252426147,0.800000011920929,0,0.3434301018714905,0.0350000001490116,0.0399999991059303,0.0556600466370582,180601,ss_fgsm,0.01,0
paviau_180266_ss_fgsm_0.01000,0.9926175475120544,0.6026211380958557,0.6478440761566162,0.6782512068748474,0.9649999737739564,0.959999978542328,0.2000000029802322,0.1507303714752197,0.3922260999679565,0.7399625778198242,0.2000000029802322,2,0.3217487931251526,0.0350000001490116,0.0399999991059303,0.0317311957478523,180266,ss_fgsm,0.01,0
paviau_206915_ss_fgsm_0.01000,0.4384309351444244,0.6418721675872803,0.0112465331330895,0.6397441029548645,0.1655655950307846,0.07393429428339,0.4000000059604645,0.0690292343497276,0.2970845401287079,0.7162169814109802,0.6000000238418579,1,0.3262347877025604,0.3856428563594818,0.4314789772033691,0.3211065232753753,206915,ss_fgsm,0.01,1
paviau_186859_ss_fgsm_0.01000,0.9635059237480164,0.4726111888885498,0.3034306764602661,0.4282024204730987,0.9649999737739564,0.6973446607589722,0.6000000238418579,0.1785378158092498,0.3147936463356018,0.9452241659164428,0.4000000059604645,5,0.3370032012462616,0.0350000001490116,0.1295082569122314,0.5073909759521484,186859,ss_fgsm,0.01,0
paviau_71505_ss_fgsm_0.01000,0.7513545751571655,0.3139829933643341,0.1468720585107803,0.3595933616161346,0.2867338061332702,0.3016213476657867,0.6000000238418579,0.2507066428661346,0.3618783354759216,0.6634217500686646,0.4000000059604645,1,0.3242308497428894,0.3142862021923065,0.2969435155391693,0.0921852961182594,71505,ss_fgsm,0.01,1
paviau_186695_ss_fgsm_0.01000,0.9672105312347412,0.2690531313419342,0.6472566723823547,0.677690327167511,0.9649999737739564,0.959999978542328,1.0,0.3506512641906738,0.5011132955551147,0.8331902027130127,0.4000000059604645,2,0.322309672832489,0.0350000001490116,0.0399999991059303,0.0135953305289149,186695,ss_fgsm,0.01,0
paviau_109203_ss_fgsm_0.01000,0.6407723426818848,0.5683559775352478,0.1345731019973755,0.5113129615783691,0.3818248510360718,0.277617484331131,0.4000000059604645,0.021826246753335,0.3189665377140045,0.860454261302948,0.6000000238418579,3,0.3305487930774688,0.2654815316200256,0.3091641664505005,0.0348991677165031,109203,ss_fgsm,0.01,1
paviau_155384_ss_fgsm_0.01000,0.9968897700309752,0.2749070525169372,0.6409925818443298,0.6716924905776978,0.9649999737739564,0.959999978542328,0.800000011920929,0.3533700108528137,0.4578649997711181,0.6696736812591553,0.2000000029802322,0,0.3283075094223022,0.0350000001490116,0.0399999991059303,0.0509177595376968,155384,ss_fgsm,0.01,0
paviau_5552_ss_fgsm_0.01000,0.8490727543830872,0.1117100641131401,0.38857302069664,0.4994347095489502,0.8388840556144714,0.959999978542328,1.0,0.4002907276153564,0.3737092912197113,0.4388634264469147,0.2000000029802322,6,0.3320439755916595,0.0781837254762649,0.0399999991059303,0.2981477677822113,5552,ss_fgsm,0.01,0
paviau_108310_ss_fgsm_0.01000,0.9992764592170716,0.9025949239730836,0.663831353187561,0.6934093832969666,0.9649999737739564,0.959999978542328,0.0,0.0337554328143596,0.1454691290855407,0.1947794258594513,0.0,1,0.3065906167030334,0.0350000001490116,0.0399999991059303,0.0097398729994893,108310,ss_fgsm,0.01,0
paviau_118272_ss_fgsm_0.01000,0.994372010231018,0.9957122206687928,0.553630530834198,0.6223698258399963,0.8693196773529053,0.959999978542328,0.0,0.0003308910236228,0.0129215316846966,0.0083993785083293,0.0,3,0.310097336769104,0.0675147175788879,0.0399999991059303,0.0012095692800357,118272,ss_fgsm,0.01,1
paviau_167792_ss_fgsm_0.01000,0.9870952367782592,0.0097499853000044,0.2936819493770599,0.4194785952568054,0.9649999737739564,0.959999978542328,1.0,0.6372411847114563,0.3553675413131714,0.7308258414268494,0.4000000059604645,2,0.3360346853733063,0.0350000001490116,0.0399999991059303,0.6078231930732727,167792,ss_fgsm,0.01,0
paviau_206073_ss_fgsm_0.01000,0.999052345752716,0.1637154966592788,0.6422308087348938,0.6728807091712952,0.9649999737739564,0.959999978542328,1.0,0.456225574016571,0.2093477100133896,0.3291533589363098,0.0,5,0.3271193206310272,0.0350000001490116,0.0399999991059303,0.0012128598755225,206073,ss_fgsm,0.01,0
paviau_206573_ss_fgsm_0.01000,0.4962770640850067,0.4086747765541076,0.090907447040081,0.4766522645950317,0.3288943171501159,0.2223498672246933,0.6000000238418579,0.1904356330633163,0.308030217885971,0.8173900246620178,0.4000000059604645,5,0.3338214159011841,0.2920158207416534,0.3386966288089752,0.0198650360107421,206573,ss_fgsm,0.01,0
paviau_170206_ss_fgsm_0.01000,0.969385027885437,0.2445003539323806,0.5647565722465515,0.5959712862968445,0.9649999737739564,0.8109732866287231,0.800000011920929,0.3393506407737732,0.2571818232536316,0.49014413356781,0.800000011920929,5,0.4040287435054779,0.0350000001490116,0.0892843678593635,0.0004028351686429,170206,ss_fgsm,0.01,0
paviau_196395_ss_fgsm_0.01000,0.9986683130264282,0.1018011644482612,0.6438111066818237,0.6743951439857483,0.9123066067695618,0.959999978542328,1.0,0.523291289806366,0.149750679731369,0.203603133559227,0.0,5,0.3256048262119293,0.0527210049331188,0.0399999991059303,0.0025292332284152,196395,ss_fgsm,0.01,0
paviau_45388_ss_fgsm_0.01000,0.983643114566803,0.0263455640524625,0.2486542612314224,0.3748762905597687,0.9649999737739564,0.959999978542328,1.0,0.5990284085273743,0.5784196853637695,0.8677411675453186,0.4000000059604645,6,0.4152871668338775,0.0350000001490116,0.0399999991059303,0.6159684658050537,45388,ss_fgsm,0.01,0
paviau_190544_ss_fgsm_0.01000,0.679617702960968,0.0081913881003856,0.119528628885746,0.2214177399873733,0.5867212414741516,0.6287081241607666,1.0,0.4111697375774383,0.3422767221927643,0.5126882195472717,0.2000000029802322,6,0.3299327194690704,0.1740341186523437,0.1551325172185897,0.6060435175895691,190544,ss_fgsm,0.01,0
paviau_148795_ss_fgsm_0.01000,0.9667375683784484,0.999887466430664,0.3461466431617737,0.4643189013004303,0.9649999737739564,0.6555795669555664,0.0,0.0115256560966372,0.0005176651175133,0.000224972347496,0.0,8,0.3422998189926147,0.0350000001490116,0.1449701637029647,0.0323222018778324,148795,ss_fgsm,0.01,1
paviau_38914_ss_fgsm_0.01000,0.9893985986709596,0.1478468477725982,0.2590602934360504,0.386663019657135,0.9649999737739564,0.959999978542328,0.800000011920929,0.4533867239952087,0.3030906617641449,0.3473562896251678,0.2000000029802322,6,0.3269904851913452,0.0350000001490116,0.0399999991059303,0.6802017688751221,38914,ss_fgsm,0.01,0
paviau_178233_ss_fgsm_0.01000,0.9878486394882202,0.2115265876054763,0.6457158923149109,0.6762180328369141,0.9649999737739564,0.959999978542328,1.0,0.3930993676185608,0.5656523108482361,0.9059681296348572,0.4000000059604645,2,0.3237819671630859,0.0350000001490116,0.0399999991059303,0.0537909530103206,178233,ss_fgsm,0.01,0
paviau_65375_ss_fgsm_0.01000,0.9898781776428224,0.326638787984848,0.6379483938217163,0.66876620054245,0.9649999737739564,0.959999978542328,0.6000000238418579,0.309918463230133,0.3154982924461365,0.6631394028663635,0.6000000238418579,5,0.33123379945755,0.0350000001490116,0.0399999991059303,0.0165480449795722,65375,ss_fgsm,0.01,0
paviau_116889_ss_fgsm_0.01000,0.9785731434822084,0.0826024636626243,0.2494642734527588,0.3724232614040375,0.4835963845252991,0.959999978542328,1.0,0.5460186004638672,0.1425462514162063,0.1692287772893905,0.0,7,0.2824811935424804,0.2181183993816375,0.0399999991059303,0.4857884347438812,116889,ss_fgsm,0.01,0
paviau_166305_ss_fgsm_0.01000,0.9921261072158812,0.13254314661026,0.2335651218891143,0.3621613681316376,0.9649999737739564,0.959999978542328,0.800000011920929,0.469246357679367,0.2008035480976104,0.2736281454563141,0.2000000029802322,5,0.344650387763977,0.0350000001490116,0.0399999991059303,0.7618175745010376,166305,ss_fgsm,0.01,0
paviau_201146_ss_fgsm_0.01000,0.9869089722633362,0.069911703467369,0.3693834841251373,0.4850752055644989,0.915294587612152,0.959999978542328,1.0,0.5563791990280151,0.1153407767415046,0.1398246139287948,0.0,5,0.3231508731842041,0.0517042391002178,0.0399999991059303,0.536262035369873,201146,ss_fgsm,0.01,0
paviau_95381_ss_fgsm_0.01000,0.6904931664466858,0.0045325206592679,0.1738910377025604,0.2931776940822601,0.9649999737739564,0.6667580008506775,1.0,0.5524055361747742,0.1607075631618499,0.1696328967809677,0.0,2,0.3237663805484772,0.0350000001490116,0.1407929956912994,0.636529266834259,95381,ss_fgsm,0.01,0
paviau_168508_ss_fgsm_0.01000,0.9970865845680236,0.6126540303230286,0.3728600442409515,0.4892715513706207,0.8342324495315552,0.959999978542328,0.4000000059604645,0.1575189530849456,0.3039177656173706,0.7746719717979431,0.4000000059604645,5,0.3050296604633331,0.0798291265964508,0.0399999991059303,0.4984639286994934,168508,ss_fgsm,0.01,0
paviau_83853_ss_fgsm_0.01000,0.4927386939525604,0.0131071954965591,0.1205885335803031,0.512891948223114,0.2555747330188751,0.4489836692810058,1.0,0.3098372220993042,0.3959063589572906,0.7507595419883728,0.4000000059604645,2,0.3359234929084778,0.3314928114414215,0.2282141149044037,0.1845398545265197,83853,ss_fgsm,0.01,0
paviau_125155_ss_fgsm_0.01000,0.5722519159317017,0.0022646125871688,0.0702316164970398,0.4323790669441223,0.1879410296678543,0.381206601858139,1.0,0.2591932713985443,0.2553331553936004,0.4671396315097809,0.2000000029802322,0,0.3966803848743438,0.3714715838432312,0.2586174607276916,0.131055548787117,125155,ss_fgsm,0.01,0
paviau_170518_ss_fgsm_0.01000,0.992852747440338,0.9956265687942504,0.6479929089546204,0.6783932447433472,0.9649999737739564,0.959999978542328,0.0,0.0022267247550189,0.0139902858063578,0.0074967411346733,0.0,3,0.3216067850589752,0.0350000001490116,0.0399999991059303,0.0,170518,ss_fgsm,0.01,1
paviau_115080_ss_fgsm_0.01000,0.9982845187187196,0.3891997039318084,0.3846098482608795,0.4993101954460144,0.9649999737739564,0.959999978542328,0.6000000238418579,0.2763034701347351,0.439391165971756,0.8542993068695068,0.4000000059604645,1,0.3000268936157226,0.0350000001490116,0.0399999991059303,0.3931854963302612,115080,ss_fgsm,0.01,0
paviau_37118_ss_fgsm_0.01000,0.7813096046447754,0.0445198342204093,0.0968888625502586,0.1861277818679809,0.5856122970581055,0.5285493731498718,1.0,0.3937066793441772,0.0835316479206085,0.0891811177134513,0.0,5,0.331226646900177,0.1744904518127441,0.1946617215871811,0.5601481795310974,37118,ss_fgsm,0.01,0
paviau_162024_ss_fgsm_0.01000,0.9933246970176696,0.0984440073370933,0.4492082893848419,0.544949471950531,0.9649999737739564,0.959999978542328,1.0,0.5119645595550537,0.5008212327957153,0.7524684071540833,0.4000000059604645,2,0.3322750329971313,0.0350000001490116,0.0399999991059303,0.1487977653741836,162024,ss_fgsm,0.01,0
paviau_151799_ss_fgsm_0.01000,0.9672583341598512,0.7173535227775574,0.6471816897392273,0.6776187419891357,0.9649999737739564,0.959999978542328,0.0,0.0762314051389694,0.3788301050662994,0.4603808224201202,0.0,7,0.3223812580108642,0.0350000001490116,0.0399999991059303,0.0310510471463203,151799,ss_fgsm,0.01,0
paviau_157971_ss_fgsm_0.01000,0.998084306716919,0.0371246933937072,0.3699324131011963,0.4855851531028747,0.9649999737739564,0.959999978542328,1.0,0.6092095375061035,0.1651361435651779,0.1147122234106063,0.0,2,0.3224393427371979,0.0350000001490116,0.0399999991059303,0.4363055229187011,157971,ss_fgsm,0.01,0
paviau_101845_ss_fgsm_0.01000,0.9997301697731018,0.7741751670837402,0.5806474089622498,0.6314123272895813,0.9649999737739564,0.959999978542328,0.2000000029802322,0.0850180387496948,0.2495654821395874,0.4493986666202545,0.2000000029802322,1,0.3379343450069427,0.0350000001490116,0.0399999991059303,0.1289621591567993,101845,ss_fgsm,0.01,0
paviau_117506_ss_fgsm_0.01000,0.9997342228889464,0.5806523561477661,0.645626962184906,0.6761330366134644,0.9649999737739564,0.959999978542328,0.4000000059604645,0.1731006652116775,0.309638500213623,0.8386721014976501,0.4000000059604645,1,0.3238669633865356,0.0350000001490116,0.0399999991059303,0.0450110584497451,117506,ss_fgsm,0.01,0
paviau_181754_ss_fgsm_0.01000,0.723448634147644,0.3675126731395721,0.22951140999794,0.3572042882442474,0.4478085935115814,0.3976244032382965,0.6000000238418579,0.1281190812587738,0.3043943345546722,0.736465334892273,0.4000000059604645,5,0.3332224786281585,0.2342845797538757,0.2510809898376465,0.0344419665634632,181754,ss_fgsm,0.01,0
paviau_55491_ss_fgsm_0.01000,0.9962230920791626,0.3887338638305664,0.6418013572692871,0.6724687218666077,0.9649999737739564,0.959999978542328,0.800000011920929,0.2766359150409698,0.3130905926227569,0.7803548574447632,0.2000000029802322,5,0.3275312781333923,0.0350000001490116,0.0399999991059303,0.018802860751748,55491,ss_fgsm,0.01,0
paviau_148030_ss_fgsm_0.01000,0.983252763748169,0.1775106489658355,0.6515706181526184,0.6818025708198547,0.9649999737739564,0.959999978542328,1.0,0.4251482486724853,0.5155614614486694,0.988892376422882,0.4000000059604645,2,0.3181973993778229,0.0350000001490116,0.0399999991059303,0.0515227429568767,148030,ss_fgsm,0.01,0
paviau_109014_ss_fgsm_0.01000,0.9993873834609984,0.627102255821228,0.6239767074584961,0.6702994704246521,0.9649999737739564,0.959999978542328,0.4000000059604645,0.1498789489269256,0.3244562447071075,0.7364133596420288,0.4000000059604645,1,0.3019661009311676,0.0350000001490116,0.0399999991059303,0.007068688981235,109014,ss_fgsm,0.01,0
paviau_115731_ss_fgsm_0.01000,0.9958470463752748,0.8071327805519104,0.6485753059387207,0.6789489388465881,0.9649999737739564,0.959999978542328,0.0,0.0664980188012123,0.2692359685897827,0.3588086068630218,0.0,0,0.3210510611534118,0.0350000001490116,0.0399999991059303,0.0661790743470192,115731,ss_fgsm,0.01,0
paviau_119140_ss_fgsm_0.01000,0.999439775943756,0.3213198184967041,0.6475956439971924,0.6780140399932861,0.9649999737739564,0.959999978542328,0.6000000238418579,0.3251325786113739,0.3349246680736542,0.6637410521507263,0.6000000238418579,0,0.3219859302043915,0.0350000001490116,0.0399999991059303,0.0008585627074353,119140,ss_fgsm,0.01,0
paviau_205062_ss_fgsm_0.01000,0.9990825653076172,0.1139206439256668,0.639326810836792,0.6700921654701233,0.9649999737739564,0.959999978542328,1.0,0.5075153112411499,0.169476181268692,0.2304120361804962,0.0,5,0.3299078643321991,0.0350000001490116,0.0399999991059303,0.0078955749049782,205062,ss_fgsm,0.01,0
paviau_189591_ss_fgsm_0.01000,0.9987786412239076,0.4499884247779846,0.6371827721595764,0.6680289506912231,0.9492422342300416,0.959999978542328,0.6000000238418579,0.2440840303897857,0.3133650124073028,0.9000133872032166,0.4000000059604645,5,0.3319710195064544,0.0402535125613212,0.0399999991059303,0.0113796396180987,189591,ss_fgsm,0.01,0
paviau_145111_ss_fgsm_0.01000,0.9923418760299684,0.2143371254205703,0.6470856070518494,0.6797342300415039,0.8105975985527039,0.959999978542328,0.800000011920929,0.3993870615959167,0.6013460755348206,0.9111750721931458,0.4000000059604645,7,0.3164322674274444,0.0882518440485,0.0399999991059303,0.1817978322505951,145111,ss_fgsm,0.01,0
paviau_81434_ss_fgsm_0.01000,0.9903179407119752,0.9989600777626038,0.7342100739479065,0.757879376411438,0.9649999737739564,0.959999978542328,0.0,0.0031424113549292,0.0039625358767807,0.0018696500919759,0.0,4,0.242120623588562,0.0350000001490116,0.0399999991059303,0.0,81434,ss_fgsm,0.01,1
paviau_103035_ss_fgsm_0.01000,0.996289610862732,0.2923824787139892,0.5785108804702759,0.6100273728370667,0.9649999737739564,0.959999978542328,0.800000011920929,0.3443892300128937,0.2843542695045471,0.5879427194595337,0.2000000029802322,7,0.3899726271629333,0.0350000001490116,0.0399999991059303,0.0149802481755614,103035,ss_fgsm,0.01,0
paviau_28261_ss_fgsm_0.01000,0.9988186955451964,0.1894703060388565,0.6586090326309204,0.6884800791740417,0.9649999737739564,0.959999978542328,1.0,0.4300228655338287,0.2246185094118118,0.3799931704998016,0.0,5,0.3115199506282806,0.0350000001490116,0.0399999991059303,0.0484012179076671,28261,ss_fgsm,0.01,0
paviau_112047_ss_fgsm_0.01000,0.9975776076316832,0.7220975160598755,0.6803091764450073,0.7088258862495422,0.9649999737739564,0.959999978542328,0.2000000029802322,0.1027520596981048,0.2690589725971222,0.5557845830917358,0.2000000029802322,1,0.2911740839481354,0.0350000001490116,0.0399999991059303,0.0403624102473259,112047,ss_fgsm,0.01,0
paviau_187544_ss_fgsm_0.01000,0.9773075580596924,0.2727326154708862,0.2450404018163681,0.3731802105903625,0.9649999737739564,0.91453617811203,0.800000011920929,0.3190913796424866,0.2703701555728912,0.5465414524078369,0.2000000029802322,5,0.3350243866443634,0.0350000001490116,0.0546621978282928,0.7348198294639587,187544,ss_fgsm,0.01,0
paviau_199803_ss_fgsm_0.01000,0.9988800883293152,0.339307963848114,0.5808839201927185,0.6124339699745178,0.9649999737739564,0.959999978542328,0.800000011920929,0.312941700220108,0.2915505170822143,0.6786177754402161,0.2000000029802322,5,0.3875660300254822,0.0350000001490116,0.0399999991059303,0.0145306158810853,199803,ss_fgsm,0.01,0
paviau_156617_ss_fgsm_0.01000,0.9962263107299804,0.119812861084938,0.6471083164215088,0.6775487065315247,0.9649999737739564,0.959999978542328,1.0,0.4937657713890075,0.5586696267127991,0.8090787529945374,0.2000000029802322,2,0.3224512934684753,0.0350000001490116,0.0399999991059303,0.2064520865678787,156617,ss_fgsm,0.01,0
paviau_148116_ss_fgsm_0.01000,0.963150918483734,0.9997731447219848,0.3876856863498688,0.5018672943115234,0.9649999737739564,0.6391758918762207,0.0,0.012749065645039,0.0009705297416076,0.0004536564520094,0.0,8,0.2996220886707306,0.0350000001490116,0.151153102517128,0.0098934164270758,148116,ss_fgsm,0.01,1
paviau_2883_ss_fgsm_0.01000,0.991651713848114,0.961357355117798,0.6238405704498291,0.6551040410995483,0.9649999737739564,0.959999978542328,0.0,0.0064467671327292,0.074460968375206,0.077285312116146,0.0,3,0.344895988702774,0.0350000001490116,0.0399999991059303,0.0,2883,ss_fgsm,0.01,1
paviau_184497_ss_fgsm_0.01000,0.970825493335724,0.3826669156551361,0.261116623878479,0.3884247541427612,0.9649999737739564,0.6754109859466553,0.6000000238418579,0.2345753461122512,0.3064250648021698,0.7664099931716919,0.4000000059604645,5,0.3220601379871368,0.0350000001490116,0.1375792622566223,0.603545606136322,184497,ss_fgsm,0.01,0
paviau_162031_ss_fgsm_0.01000,0.9960315823554992,0.0234694462269544,0.3367289006710052,0.457297533750534,0.9649999737739564,0.959999978542328,1.0,0.6295185089111328,0.3577375113964081,0.7754461765289307,0.4000000059604645,2,0.3319886326789856,0.0350000001490116,0.0399999991059303,0.4660275280475616,162031,ss_fgsm,0.01,0
paviau_195338_ss_fgsm_0.01000,0.981423318386078,0.5721539855003357,0.6438727378845215,0.6744542717933655,0.9649999737739564,0.959999978542328,0.4000000059604645,0.1660306006669998,0.3678922653198242,0.8188136219978333,0.4000000059604645,1,0.3255457580089569,0.0350000001490116,0.0399999991059303,0.086944356560707,195338,ss_fgsm,0.01,1
paviau_163684_ss_fgsm_0.01000,0.986056923866272,0.0962508767843246,0.6478522419929504,0.678259015083313,0.9649999737739564,0.959999978542328,1.0,0.4996848404407501,0.4625998735427856,0.9910194277763368,0.4000000059604645,2,0.3217410147190094,0.0350000001490116,0.0399999991059303,0.1057040244340896,163684,ss_fgsm,0.01,0
paviau_196788_ss_fgsm_0.01000,0.9990134239196776,0.605839729309082,0.6462388038635254,0.67671799659729,0.9649999737739564,0.959999978542328,0.4000000059604645,0.1596335917711258,0.3111938536167145,0.7864523530006409,0.4000000059604645,5,0.3232820332050323,0.0350000001490116,0.0399999991059303,0.0139195136725902,196788,ss_fgsm,0.01,0
paviau_102194_ss_fgsm_0.01000,0.9957937002182008,0.6779436469078064,0.6431209444999695,0.6737340092658997,0.9649999737739564,0.959999978542328,0.2000000029802322,0.1207967922091484,0.2898346781730652,0.6429056525230408,0.2000000029802322,1,0.3262659609317779,0.0350000001490116,0.0399999991059303,0.0037462417967617,102194,ss_fgsm,0.01,0
paviau_189138_ss_fgsm_0.01000,0.9420493245124816,0.727975606918335,0.637045681476593,0.6678969860076904,0.8352144360542297,0.959999978542328,0.4000000059604645,0.0506515726447105,0.2665616869926452,0.5440042614936829,0.6000000238418579,3,0.3321030139923095,0.0794814303517341,0.0399999991059303,0.0007839848985895,189138,ss_fgsm,0.01,1
paviau_28364_ss_fgsm_0.01000,0.4066054224967956,9.99999993922529e-09,0.0029116794466972,0.249609500169754,0.0365019105374813,0.0751679763197898,1.0,0.3335167467594147,0.3150053918361664,0.3879040479660034,0.2000000029802322,4,0.3345409333705902,0.4812262952327728,0.4305948615074157,0.5093252658843994,28364,ss_fgsm,0.01,0
paviau_82794_ss_fgsm_0.01000,0.9892224073410034,0.9979624152183532,0.6630406975746155,0.6926645040512085,0.9649999737739564,0.959999978542328,0.0,0.0039532855153083,0.0076906238682568,0.0027522845193743,0.0,4,0.3073354959487915,0.0350000001490116,0.0399999991059303,0.0039051962085068,82794,ss_fgsm,0.01,1
paviau_205067_ss_fgsm_0.01000,0.9990378618240356,0.1985786855220794,0.6578808426856995,0.6877909898757935,0.9649999737739564,0.959999978542328,1.0,0.4229438602924347,0.2269066721200943,0.3971678912639618,0.0,5,0.3122090399265289,0.0350000001490116,0.0399999991059303,0.001962732989341,205067,ss_fgsm,0.01,0
paviau_200083_ss_fgsm_0.01000,0.6858106255531311,0.8093178272247314,0.1415342390537262,0.6739796996116638,0.5022810101509094,0.2857795059680938,0.0,0.0954538807272911,0.2807943224906921,0.3206712305545807,0.0,1,0.3260202705860138,0.2098677009344101,0.3049707114696502,0.0661510005593299,200083,ss_fgsm,0.01,1
paviau_7251_ss_fgsm_0.01000,0.9569610953330994,0.0029673625249415,0.141402930021286,0.2530542612075805,0.9649999737739564,0.959999978542328,1.0,0.6434145569801331,0.250040590763092,0.3952441811561584,0.2000000029802322,6,0.3318897187709808,0.0350000001490116,0.0399999991059303,0.7886398434638977,7251,ss_fgsm,0.01,0
paviau_204381_ss_fgsm_0.01000,0.998769223690033,0.2170636057853698,0.6539000272750854,0.6840168833732605,0.9649999737739564,0.959999978542328,1.0,0.4066329002380371,0.2399428188800811,0.4345851540565491,0.0,5,0.3159831166267395,0.0350000001490116,0.0399999991059303,7.344031473621726e-05,204381,ss_fgsm,0.01,0
paviau_93367_ss_fgsm_0.01000,0.9957428574562072,0.0751430243253707,0.3819490373134613,0.4970139265060425,0.7446818351745605,0.9550097584724426,1.0,0.5467864871025085,0.3293829262256622,0.264721006155014,0.0,1,0.3016241192817688,0.1123228669166565,0.0415944345295429,0.2356956303119659,93367,ss_fgsm,0.01,0
paviau_191104_ss_fgsm_0.01000,0.9979368448257446,0.0385476686060428,0.2600279748439789,0.3876517117023468,0.9649999737739564,0.959999978542328,1.0,0.6051164865493774,0.4376614987850189,0.818200945854187,0.4000000059604645,6,0.3277850747108459,0.0350000001490116,0.0399999991059303,0.6913222074508667,191104,ss_fgsm,0.01,0
paviau_116838_ss_fgsm_0.01000,0.9998722076416016,0.8825291395187378,0.6864973306655884,0.7145627737045288,0.9649999737739564,0.959999978542328,0.0,0.042490005493164,0.1646914929151535,0.2349411249160766,0.0,1,0.2854372262954712,0.0350000001490116,0.0399999991059303,9.454173414269462e-05,116838,ss_fgsm,0.01,0
paviau_197793_ss_fgsm_0.01000,0.9988822340965272,0.196701318025589,0.6499137878417969,0.6802250146865845,0.9649999737739564,0.959999978542328,0.800000011920929,0.4224196672439575,0.2256533652544021,0.3934035897254944,0.2000000029802322,5,0.3197749853134155,0.0350000001490116,0.0399999991059303,0.0176831781864166,197793,ss_fgsm,0.01,0
paviau_105756_ss_fgsm_0.01000,0.9901202917099,0.0581407882273197,0.3194209337234497,0.4421368241310119,0.8266289830207825,0.959999978542328,1.0,0.5587546229362488,0.3947547078132629,0.6034500598907471,0.2000000029802322,5,0.3384242653846741,0.0825272798538208,0.0399999991059303,0.6133506894111633,105756,ss_fgsm,0.01,0
paviau_108646_ss_fgsm_0.01000,0.9997199177742004,0.7276207208633423,0.6426876187324524,0.67331862449646,0.9649999737739564,0.959999978542328,0.2000000029802322,0.104546345770359,0.266630619764328,0.5447372198104858,0.2000000029802322,1,0.32668137550354,0.0350000001490116,0.0399999991059303,0.0086990697309374,108646,ss_fgsm,0.01,0
paviau_55956_ss_fgsm_0.01000,0.9685587882995604,0.3013115525245666,0.5914832353591919,0.6984817981719971,0.9649999737739564,0.6808873414993286,0.6000000238418579,0.3166548609733581,0.6268432140350342,0.9342221021652222,0.6000000238418579,3,0.3015181720256805,0.0350000001490116,0.13555409014225,0.0124201644212007,55956,ss_fgsm,0.01,1
paviau_53755_ss_fgsm_0.01000,0.9880565404891968,0.0785532295703888,0.6396229863166809,0.6703768372535706,0.9649999737739564,0.959999978542328,1.0,0.530921995639801,0.3482117354869842,0.2987171113491058,0.0,2,0.3296231627464294,0.0350000001490116,0.0399999991059303,0.0354486070573329,53755,ss_fgsm,0.01,0
paviau_115278_ss_fgsm_0.01000,0.994471549987793,0.2463867664337158,0.6608010530471802,0.6905518174171448,0.9649999737739564,0.959999978542328,1.0,0.3765915334224701,0.3052345216274261,0.5128957033157349,0.0,7,0.3094482123851776,0.0350000001490116,0.0399999991059303,0.0262235775589942,115278,ss_fgsm,0.01,0
paviau_194889_ss_fgsm_0.01000,0.9057055115699768,0.3980709910392761,0.296645849943161,0.4167466461658478,0.6574944853782654,0.726548969745636,0.6000000238418579,0.1580004841089248,0.3064456284046173,0.7962578535079956,0.6000000238418579,1,0.4026324152946472,0.1456147134304046,0.1189232915639877,0.1289077550172805,194889,ss_fgsm,0.01,0
paviau_188805_ss_fgsm_0.01000,0.6731672286987305,0.8013269901275635,0.143816590309143,0.653182327747345,0.4620836675167084,0.2884243726730346,0.2000000029802322,0.014355375431478,0.2269273549318313,0.3973416090011596,0.2000000029802322,3,0.3468177020549774,0.2277770489454269,0.3036203682422638,0.0386256873607635,188805,ss_fgsm,0.01,1
paviau_146674_ss_fgsm_0.01000,0.9639507532119752,0.1406152993440628,0.6403860449790955,0.6711100935935974,0.9649999737739564,0.959999978542328,1.0,0.4301627278327942,0.5699315071105957,0.9511653184890748,0.4000000059604645,2,0.3288899064064026,0.0350000001490116,0.0399999991059303,0.0741461589932441,146674,ss_fgsm,0.01,0
paviau_83762_ss_fgsm_0.02000,0.9983603358268738,0.314772367477417,0.4332553744316101,0.6599054336547852,0.556000828742981,0.959999978542328,0.800000011920929,0.3298733234405517,0.3039497435092926,0.6364383101463318,0.800000011920929,5,0.3400945961475372,0.1868103742599487,0.0399999991059303,0.1240817904472351,83762,ss_fgsm,0.02,0
paviau_175995_ss_fgsm_0.02000,0.9978682994842528,0.0519948527216911,0.5018661618232727,0.5598376989364624,0.9649999737739564,0.959999978542328,1.0,0.5855674743652344,0.4269545972347259,0.794538140296936,0.4000000059604645,3,0.4018974602222442,0.0350000001490116,0.0399999991059303,0.1729938685894012,175995,ss_fgsm,0.02,0
paviau_200404_ss_fgsm_0.02000,0.9988620281219482,0.658401608467102,0.1855025440454483,0.3152937591075897,0.7765786647796631,0.959999978542328,0.4000000059604645,0.1353921294212341,0.3047257363796234,0.6785520315170288,0.4000000059604645,5,0.4163048565387726,0.1005646884441375,0.0399999991059303,0.7468792200088501,200404,ss_fgsm,0.02,0
paviau_189571_ss_fgsm_0.02000,0.998522937297821,0.524347186088562,0.4336327016353607,0.5664190053939819,0.5563097596168518,0.959999978542328,0.6000000238418579,0.2028474956750869,0.3149398267269134,0.9513031840324402,0.4000000059604645,5,0.4335809648036957,0.1866804808378219,0.0399999991059303,0.1863621771335601,189571,ss_fgsm,0.02,0
paviau_56236_ss_fgsm_0.02000,0.936604142189026,0.99505877494812,0.2460585683584213,0.5521381497383118,0.3905788064002991,0.959999978542328,0.0,0.0215815883129835,0.0162453036755323,0.007271016947925,0.0,4,0.4436781406402588,0.2612298429012298,0.0399999991059303,0.1644495278596878,56236,ss_fgsm,0.02,1
paviau_35411_ss_fgsm_0.02000,0.9334176182746888,0.0555080845952034,0.2349046766757965,0.3640689253807068,0.4634570479393005,0.959999978542328,1.0,0.579772412776947,0.1321161389350891,0.1256653219461441,0.0,5,0.3580285608768463,0.2271551638841629,0.0399999991059303,0.5677112936973572,35411,ss_fgsm,0.02,0
paviau_7573_ss_fgsm_0.02000,0.9822986125946044,0.2247767448425293,0.2290456742048263,0.3555077612400055,0.7581729292869568,0.959999978542328,0.800000011920929,0.392626017332077,0.48649662733078,0.6660825610160828,0.4000000059604645,6,0.4363895952701568,0.1073236614465713,0.0399999991059303,0.6553893089294434,7573,ss_fgsm,0.02,0
paviau_111712_ss_fgsm_0.02000,0.999543309211731,0.731866717338562,0.5605568289756775,0.6047099232673645,0.9649999737739564,0.959999978542328,0.2000000029802322,0.102772518992424,0.2804381847381592,0.5295088887214661,0.2000000029802322,1,0.3773902058601379,0.0350000001490116,0.0399999991059303,0.1325573772192001,111712,ss_fgsm,0.02,0
paviau_45922_ss_fgsm_0.02000,0.9989296793937684,0.4028645157814026,0.4908322989940643,0.6565688252449036,0.6023049354553223,0.959999978542328,0.6000000238418579,0.2711730599403381,0.5251808762550354,0.8957251310348511,0.6000000238418579,5,0.343431144952774,0.1676588058471679,0.0399999991059303,0.0758693516254425,45922,ss_fgsm,0.02,0
paviau_79626_ss_fgsm_0.02000,0.9909636974334716,0.1298032701015472,0.5573243498802185,0.5882981419563293,0.9649999737739564,0.959999978542328,0.800000011920929,0.4829489886760711,0.3255125284194946,0.3522980511188507,0.800000011920929,2,0.4117018282413482,0.0350000001490116,0.0399999991059303,0.0985355824232101,79626,ss_fgsm,0.02,0
paviau_199722_ss_fgsm_0.02000,0.9987659454345704,0.3039038181304931,0.1526689380407333,0.2695426344871521,0.6937852501869202,0.959999978542328,0.6000000238418579,0.336106926202774,0.5870239734649658,0.8436766266822815,0.6000000238418579,5,0.3389894962310791,0.1315422058105468,0.0399999991059303,0.7992448806762695,199722,ss_fgsm,0.02,0
paviau_176569_ss_fgsm_0.02000,0.9929872155189514,0.2830356657505035,0.6251298785209656,0.6563595533370972,0.9649999737739564,0.959999978542328,0.6000000238418579,0.3468951880931854,0.5638183355331421,0.7886616587638855,0.6000000238418579,2,0.3436404466629028,0.0350000001490116,0.0399999991059303,0.1775632053613662,176569,ss_fgsm,0.02,0
paviau_114476_ss_fgsm_0.02000,0.9997599720954896,0.3922055065631866,0.5897694230079651,0.6213979721069336,0.9649999737739564,0.959999978542328,0.6000000238418579,0.2788923978805542,0.4678939580917358,0.9524415135383606,0.6000000238418579,1,0.3786020576953888,0.0350000001490116,0.0399999991059303,0.1988991796970367,114476,ss_fgsm,0.02,0
paviau_123595_ss_fgsm_0.02000,0.9992879033088684,0.7681849598884583,0.634195864200592,0.6651483774185181,0.9649999737739564,0.959999978542328,0.2000000029802322,0.0869049802422523,0.2762663066387176,0.4508833289146423,0.2000000029802322,1,0.3348515927791595,0.0350000001490116,0.0399999991059303,0.1259508579969406,123595,ss_fgsm,0.02,0
paviau_120537_ss_fgsm_0.02000,0.995917022228241,0.742714524269104,0.4575258493423462,0.5909508466720581,0.5757182240486145,0.959999978542328,0.2000000029802322,0.0925982370972633,0.2842984497547149,0.5041475296020508,0.2000000029802322,1,0.4090491533279419,0.1785777360200882,0.0399999991059303,0.1677738577127456,120537,ss_fgsm,0.02,0
paviau_31350_ss_fgsm_0.02000,0.9968307614326476,0.011822709813714,0.1106402277946472,0.2294271886348724,0.7397755980491638,0.6856578588485718,1.0,0.6564362645149231,0.1776704341173172,0.2138355672359466,0.0,3,0.4272553324699402,0.1141505315899849,0.1337954252958297,0.7589503526687622,31350,ss_fgsm,0.02,0
paviau_62679_ss_fgsm_0.02000,0.914453148841858,9.99999993922529e-09,0.111681655049324,0.2307212650775909,0.3835202157497406,0.6063552498817444,1.0,0.5810984969139099,0.1755213737487793,0.198172926902771,0.0,4,0.426572322845459,0.2646552324295044,0.163721352815628,0.5263609290122986,62679,ss_fgsm,0.02,0
paviau_82348_ss_fgsm_0.02000,0.9883185625076294,0.2693499028682709,0.5704364776611328,0.6017982363700867,0.9649999737739564,0.959999978542328,0.6000000238418579,0.360172688961029,0.5208396315574646,0.8183263540267944,0.6000000238418579,2,0.3982017636299133,0.0350000001490116,0.0399999991059303,0.265650987625122,82348,ss_fgsm,0.02,0
paviau_189591_ss_fgsm_0.02000,0.9979238510131836,0.3865943551063537,0.3950953483581543,0.5949041843414307,0.52434903383255,0.959999978542328,0.800000011920929,0.2831251323223114,0.3036897182464599,0.7731940746307373,0.2000000029802322,5,0.4050957858562469,0.2002803087234497,0.0399999991059303,0.0690525025129318,189591,ss_fgsm,0.02,0
paviau_204113_ss_fgsm_0.02000,0.9979903697967528,0.5894417762756348,0.3557947278022766,0.4723174273967743,0.5420554280281067,0.959999978542328,0.2000000029802322,0.1691162437200546,0.3998135328292846,0.7483154535293579,0.2000000029802322,5,0.3409524261951446,0.1927054822444915,0.0399999991059303,0.3798058331012726,204113,ss_fgsm,0.02,0
paviau_99481_ss_fgsm_0.02000,0.9995513558387756,0.805869460105896,0.5706124901771545,0.6019781827926636,0.9649999737739564,0.959999978542328,0.2000000029802322,0.0724650099873542,0.2250111252069473,0.3879624605178833,0.2000000029802322,1,0.398021787405014,0.0350000001490116,0.0399999991059303,0.0644950345158577,99481,ss_fgsm,0.02,0
paviau_69395_ss_fgsm_0.02000,0.9981594681739808,0.5196449160575867,0.6253868341445923,0.6566095948219299,0.9649999737739564,0.959999978542328,0.4000000059604645,0.1998902112245559,0.553541898727417,0.7360557317733765,0.4000000059604645,0,0.3433904349803924,0.0350000001490116,0.0399999991059303,0.0970251113176345,69395,ss_fgsm,0.02,0
paviau_60947_ss_fgsm_0.02000,0.9984580278396606,0.7606515884399414,0.3564449250698089,0.4729337990283966,0.6496423482894897,0.959999978542328,0.2000000029802322,0.0905549079179763,0.2679823935031891,0.4721269905567169,0.2000000029802322,5,0.3400923907756805,0.1487023532390594,0.0399999991059303,0.424078494310379,60947,ss_fgsm,0.02,0
paviau_141078_ss_fgsm_0.02000,0.9951303005218506,0.1005002334713935,0.1514046639204025,0.2779121696949005,0.9649999737739564,0.959999978542328,1.0,0.5151637196540833,0.6666080951690674,0.9695212244987488,0.4000000059604645,6,0.4085539281368255,0.0350000001490116,0.0399999991059303,0.7671958804130554,141078,ss_fgsm,0.02,0
paviau_108414_ss_fgsm_0.02000,0.9993245601654052,0.1247126311063766,0.5348633527755737,0.5647639036178589,0.9649999737739564,0.959999978542328,0.800000011920929,0.4955708384513855,0.1761782020330429,0.2508999109268188,0.2000000029802322,1,0.4352360665798187,0.0350000001490116,0.0399999991059303,0.1092850267887115,108414,ss_fgsm,0.02,0
paviau_207251_ss_fgsm_0.02000,0.9970613121986388,0.0030636605806648,0.0489617027342319,0.0941179245710372,0.7673559188842773,0.959999978542328,1.0,0.6781262159347534,0.2821204364299774,0.578059196472168,0.2000000029802322,3,0.3374378383159637,0.1039427444338798,0.0399999991059303,0.9239581823349,207251,ss_fgsm,0.02,0
paviau_66832_ss_fgsm_0.02000,0.9843138456344604,0.2013852894306183,0.1791906505823135,0.3084745109081268,0.8608161807060242,0.959999978542328,0.800000011920929,0.4152337312698364,0.4585553407669067,0.6184673309326172,0.4000000059604645,6,0.4425271451473236,0.0704788863658905,0.0399999991059303,0.7883042693138123,66832,ss_fgsm,0.02,0
paviau_32726_ss_fgsm_0.02000,0.9981197714805604,0.6323595643043518,0.2736122608184814,0.4009105265140533,0.5409475564956665,0.959999978542328,0.4000000059604645,0.1485453695058822,0.3049150109291076,0.7333345413208008,0.4000000059604645,5,0.352011889219284,0.1931764334440231,0.0399999991059303,0.5496830344200134,32726,ss_fgsm,0.02,0
paviau_132279_ss_fgsm_0.02000,0.998498797416687,0.2452606707811355,0.54316246509552,0.5735213160514832,0.7229555249214172,0.959999978542328,0.800000011920929,0.3817108273506164,0.323334664106369,0.520534098148346,0.2000000029802322,7,0.4264787137508392,0.1204561218619346,0.0399999991059303,0.1233922615647316,132279,ss_fgsm,0.02,0
paviau_197025_ss_fgsm_0.02000,0.9249488115310668,0.5105885863304138,0.0668141022324562,0.5846759080886841,0.7799038887023926,0.1875312626361847,0.6000000238418579,0.1207857951521873,0.3827019333839416,0.9388577938079834,0.6000000238418579,3,0.4153240919113159,0.0993509888648986,0.3584588468074798,0.1954612284898758,197025,ss_fgsm,0.02,0
paviau_142210_ss_fgsm_0.02000,0.9985419511795044,0.092939056456089,0.5752621293067932,0.606723964214325,0.9649999737739564,0.959999978542328,1.0,0.5307117104530334,0.6081623435020447,0.9723631739616394,0.6000000238418579,0,0.393276035785675,0.0350000001490116,0.0399999991059303,0.12923564016819,142210,ss_fgsm,0.02,0
paviau_41865_ss_fgsm_0.02000,0.9982458353042604,0.4084267914295196,0.5580203533172607,0.5890191197395325,0.674587607383728,0.959999978542328,0.6000000238418579,0.26839280128479,0.3518023788928985,0.8348867297172546,0.6000000238418579,5,0.4109809100627899,0.1389466077089309,0.0399999991059303,0.1113962084054946,41865,ss_fgsm,0.02,0
paviau_83853_ss_fgsm_0.02000,0.9541204571723938,0.0185281541198492,0.5363010764122009,0.5737223029136658,0.9135730266571044,0.959999978542328,1.0,0.5823384523391724,0.4134594798088074,0.8858513832092285,0.4000000059604645,2,0.4175215363502502,0.0522898770868778,0.0399999991059303,0.3556226193904876,83853,ss_fgsm,0.02,0
paviau_38451_ss_fgsm_0.02000,0.9992119073867798,0.3410597443580627,0.6309858560562134,0.6620444655418396,0.7608605623245239,0.959999978542328,0.800000011920929,0.31275674700737,0.3098196387290954,0.6885624527931213,0.800000011920929,5,0.3379555642604828,0.1063323393464088,0.0399999991059303,0.0446984805166721,38451,ss_fgsm,0.02,0
paviau_177345_ss_fgsm_0.02000,0.4354610741138458,4.1274861928286555e-07,0.0065009598620235,0.0550398454070091,0.0540954358875751,0.203021228313446,1.0,0.4877105355262756,0.237472727894783,0.3950109481811523,0.2000000029802322,7,0.3705674111843109,0.4663435816764831,0.3495451211929321,0.6765996217727661,177345,ss_fgsm,0.02,0
paviau_190644_ss_fgsm_0.02000,0.9976220726966858,0.3694672882556915,0.4052994549274444,0.5589390397071838,0.532895565032959,0.959999978542328,0.800000011920929,0.2931944727897644,0.307409405708313,0.7412304878234863,0.2000000029802322,5,0.4410609602928161,0.1966113150119781,0.0399999991059303,0.1081088259816169,190644,ss_fgsm,0.02,0
paviau_106923_ss_fgsm_0.02000,0.9543259143829346,0.0003274718183092,0.0232189502567052,0.0628169476985931,0.3450502157211303,0.463655024766922,1.0,0.6831011176109314,0.0076268566772341,0.0037517959717661,0.0,6,0.4225649237632751,0.283759206533432,0.2218654453754425,0.6326462626457214,106923,ss_fgsm,0.02,0
paviau_183986_ss_fgsm_0.02000,0.992214858531952,0.2014430314302444,0.5531429052352905,0.5839566588401794,0.9649999737739564,0.959999978542328,1.0,0.4150211811065674,0.4580173790454864,0.596703827381134,0.2000000029802322,2,0.4160433709621429,0.0350000001490116,0.0399999991059303,0.1033177003264427,183986,ss_fgsm,0.02,0
paviau_85399_ss_fgsm_0.02000,0.9895724654197692,0.1564614921808242,0.5699713230133057,0.6013221740722656,0.9649999737739564,0.959999978542328,1.0,0.4500557780265808,0.5968576669692993,0.7991371154785156,0.4000000059604645,2,0.3986778259277344,0.0350000001490116,0.0399999991059303,0.1493588387966156,85399,ss_fgsm,0.02,0
paviau_52437_ss_fgsm_0.02000,0.9962396621704102,0.5874736905097961,0.4149016737937927,0.6586357951164246,0.5408816337585449,0.959999978542328,0.6000000238418579,0.1691066324710846,0.3528256118297577,0.806053638458252,0.4000000059604645,5,0.3413642346858978,0.1932044774293899,0.0399999991059303,0.0449919030070304,52437,ss_fgsm,0.02,0
paviau_206495_ss_fgsm_0.02000,0.998885452747345,0.2746519446372986,0.5123244524002075,0.5923938155174255,0.6191941499710083,0.959999978542328,0.800000011920929,0.3610385954380035,0.2699917256832123,0.5499366521835327,0.2000000029802322,5,0.4076061844825744,0.1608263403177261,0.0399999991059303,0.0773712173104286,206495,ss_fgsm,0.02,0
paviau_174878_ss_fgsm_0.02000,0.9924888610839844,0.394202321767807,0.3007356524467468,0.4176924526691437,0.9649999737739564,0.959999978542328,0.6000000238418579,0.2638187408447265,0.5890138745307922,0.9946244955062866,0.4000000059604645,0,0.4171733260154724,0.0350000001490116,0.0399999991059303,0.329785406589508,174878,ss_fgsm,0.02,0
paviau_50151_ss_fgsm_0.02000,0.9839686155319214,0.1301932036876678,0.087250106036663,0.2001257985830307,0.9649999737739564,0.959999978542328,1.0,0.4622706472873688,0.4911574423313141,0.7867794036865234,0.4000000059604645,6,0.4501998424530029,0.0350000001490116,0.0399999991059303,0.8123654723167419,50151,ss_fgsm,0.02,0
paviau_71835_ss_fgsm_0.02000,0.9998669624328612,0.3312209844589233,0.6318885684013367,0.6629181504249573,0.9649999737739564,0.959999978542328,0.800000011920929,0.3193193078041076,0.3654189109802246,0.6976648569107056,0.800000011920929,5,0.3370818197727203,0.0350000001490116,0.0399999991059303,0.0393013544380664,71835,ss_fgsm,0.02,0
paviau_114431_ss_fgsm_0.02000,0.9996144771575928,0.7668496966362,0.4282310307025909,0.5043468475341797,0.9649999737739564,0.959999978542328,0.2000000029802322,0.0881348401308059,0.2556062340736389,0.4631993472576141,0.2000000029802322,1,0.4284535646438598,0.0350000001490116,0.0399999991059303,0.2883583307266235,114431,ss_fgsm,0.02,0
paviau_204881_ss_fgsm_0.02000,0.999158501625061,0.6966274380683899,0.541140079498291,0.5713939070701599,0.9649999737739564,0.959999978542328,0.4000000059604645,0.1169292628765106,0.2826219201087951,0.605643630027771,0.4000000059604645,3,0.4286060631275177,0.0350000001490116,0.0399999991059303,0.0279034934937953,204881,ss_fgsm,0.02,0
paviau_56857_ss_fgsm_0.02000,0.99796861410141,0.4012196660041809,0.4070140123367309,0.6039537191390991,0.5343254804611206,0.959999978542328,0.6000000238418579,0.2733834981918335,0.3101130127906799,0.8033731579780579,0.6000000238418579,5,0.3960462808609009,0.195999801158905,0.0399999991059303,0.0489151328802108,56857,ss_fgsm,0.02,0
paviau_110043_ss_fgsm_0.02000,0.9997915625572203,0.7341150641441345,0.5858257412910461,0.6174286007881165,0.9649999737739564,0.959999978542328,0.2000000029802322,0.1023322343826294,0.2638561129570007,0.5317094326019287,0.2000000029802322,1,0.3825713992118835,0.0350000001490116,0.0399999991059303,0.0988309383392334,110043,ss_fgsm,0.02,0
paviau_81028_ss_fgsm_0.02000,0.9996894598007202,0.7515360116958618,0.6292344331741333,0.6603471636772156,0.8786026835441589,0.959999978542328,0.2000000029802322,0.0941603779792785,0.3284137547016144,0.4510240256786346,0.2000000029802322,5,0.339652806520462,0.0642932951450347,0.0399999991059303,0.0284926649183034,81028,ss_fgsm,0.02,0
paviau_159132_ss_fgsm_0.02000,0.9977434873580932,0.7207013368606567,0.5304173231124878,0.5600417852401733,0.9649999737739564,0.959999978542328,0.2000000029802322,0.1046286895871162,0.4129431545734405,0.4230587184429168,0.2000000029802322,0,0.4399581849575043,0.0350000001490116,0.0399999991059303,0.1661669760942459,159132,ss_fgsm,0.02,0
paviau_100487_ss_fgsm_0.02000,0.9998052716255188,0.855991780757904,0.5390040874481201,0.5691423416137695,0.9649999737739564,0.959999978542328,0.2000000029802322,0.0525596551597118,0.1926711201667785,0.285867840051651,0.2000000029802322,1,0.4308576285839081,0.0350000001490116,0.0399999991059303,0.0997886657714843,100487,ss_fgsm,0.02,0
paviau_162031_ss_fgsm_0.02000,0.9924768805503844,0.008016743697226,0.2848258018493652,0.4076389074325561,0.8883590698242188,0.959999978542328,1.0,0.6603401899337769,0.3520246744155884,0.8355778455734253,0.4000000059604645,2,0.3979024589061737,0.0609236620366573,0.0399999991059303,0.5201838612556458,162031,ss_fgsm,0.02,0
paviau_174241_ss_fgsm_0.02000,0.6038153171539307,0.9511152505874634,0.1395514011383056,0.5656578540802002,0.3525620996952057,0.2834694385528564,0.0,0.1686320602893829,0.0888483896851539,0.0977694690227508,0.0,3,0.4343421459197998,0.279968798160553,0.3061535060405731,0.1354284733533859,174241,ss_fgsm,0.02,1
paviau_102740_ss_fgsm_0.02000,0.9997231364250184,0.4839455187320709,0.3524505198001861,0.4573123753070831,0.9649999737739564,0.959999978542328,0.6000000238418579,0.2239935547113418,0.3750794231891632,0.9991387724876404,0.6000000238418579,1,0.4139165878295898,0.0350000001490116,0.0399999991059303,0.3939046859741211,102740,ss_fgsm,0.02,0
paviau_28364_ss_fgsm_0.02000,0.9965094923973083,9.99999993922529e-09,0.1248355731368064,0.2464373856782913,0.9649999737739564,0.959999978542328,1.0,0.6903207898139954,0.4389353692531585,0.4741416871547699,0.2000000029802322,4,0.4157818555831909,0.0350000001490116,0.0399999991059303,0.8184612989425659,28364,ss_fgsm,0.02,0
paviau_201626_ss_fgsm_0.02000,0.9994356036186218,0.1481215953826904,0.581907331943512,0.6134702563285828,0.7152082920074463,0.959999978542328,1.0,0.4723556041717529,0.1949284970760345,0.2973739206790924,0.0,5,0.3865297436714172,0.123381532728672,0.0399999991059303,0.0657883882522583,201626,ss_fgsm,0.02,0
paviau_113093_ss_fgsm_0.02000,0.9997642636299132,0.8011744022369385,0.5937137603759766,0.6253533959388733,0.9649999737739564,0.959999978542328,0.2000000029802322,0.0743295550346374,0.2338169366121292,0.3952756524085998,0.2000000029802322,1,0.3746466040611267,0.0350000001490116,0.0399999991059303,0.0707035660743713,113093,ss_fgsm,0.02,0
paviau_27562_ss_fgsm_0.02000,0.9984139204025269,0.0015142449410632,0.0333557017147541,0.0770859792828559,0.7943047285079956,0.959999978542328,1.0,0.6853449940681458,0.179756760597229,0.2479586601257324,0.0,3,0.3872693479061126,0.0941203758120536,0.0399999991059303,0.9397336840629578,27562,ss_fgsm,0.02,0
paviau_189802_ss_fgsm_0.02000,0.9900270104408264,0.3353167176246643,0.6282361149787903,0.6593785881996155,0.9649999737739564,0.959999978542328,0.800000011920929,0.305615484714508,0.5216630697250366,0.9875641465187072,0.800000011920929,2,0.3406214118003845,0.0350000001490116,0.0399999991059303,0.1575724780559539,189802,ss_fgsm,0.02,0
paviau_115545_ss_fgsm_0.02000,0.8853030204772949,0.997619926929474,0.3076565861701965,0.5781030058860779,0.4482002258300781,0.7678609490394592,0.0,0.0365996919572353,0.0079115759581327,0.0045839166268706,0.0,3,0.4218969643115997,0.2341049611568451,0.1042485386133194,0.1132115274667739,115545,ss_fgsm,0.02,1
paviau_168508_ss_fgsm_0.02000,0.9985167384147644,0.7397037744522095,0.4201962947845459,0.6626015901565552,0.5452623963356018,0.959999978542328,0.2000000029802322,0.1003360897302627,0.2609890103340149,0.5205857157707214,0.2000000029802322,5,0.3373983800411224,0.1913443803787231,0.0399999991059303,0.0498263984918594,168508,ss_fgsm,0.02,0
paviau_154923_ss_fgsm_0.02000,0.993075966835022,0.0772265791893005,0.5336006879806519,0.5926446914672852,0.7974944710731506,0.959999978542328,1.0,0.5444307923316956,0.4633138477802276,0.9574519395828248,0.4000000059604645,2,0.3654651343822479,0.0929673761129379,0.0399999991059303,0.1749974340200424,154923,ss_fgsm,0.02,0
paviau_148030_ss_fgsm_0.02000,0.9919204711914062,0.2151279598474502,0.6298273801803589,0.6609220504760742,0.9649999737739564,0.959999978542328,0.800000011920929,0.4027231633663177,0.5192384123802185,0.9556936621665956,0.6000000238418579,2,0.3390779793262481,0.0350000001490116,0.0399999991059303,0.2006262838840484,148030,ss_fgsm,0.02,0
paviau_102011_ss_fgsm_0.02000,0.9964606165885924,0.1467915177345276,0.2799129784107208,0.3956204652786255,0.9649999737739564,0.959999978542328,1.0,0.4655284881591797,0.487273633480072,0.4795663952827453,0.2000000029802322,7,0.4479714334011078,0.0350000001490116,0.0399999991059303,0.5625279545783997,102011,ss_fgsm,0.02,0
paviau_200152_ss_fgsm_0.02000,0.998994767665863,0.2528882920742035,0.5343875288963318,0.5642595887184143,0.6811837553977966,0.959999978542328,0.800000011920929,0.3776059150695801,0.2693735063076019,0.5094448328018188,0.800000011920929,5,0.4357404410839081,0.1363925635814666,0.0399999991059303,0.0734366402029991,200152,ss_fgsm,0.02,0
paviau_115080_ss_fgsm_0.02000,0.9996613264083862,0.5745239853858948,0.3300046026706695,0.4420193433761596,0.9649999737739564,0.959999978542328,0.4000000059604645,0.1758518666028976,0.4473680853843689,0.7618521451950073,0.4000000059604645,1,0.4077516496181488,0.0350000001490116,0.0399999991059303,0.5536981225013733,115080,ss_fgsm,0.02,0
paviau_175607_ss_fgsm_0.02000,0.9894501566886902,0.4139263033866882,0.2553164958953857,0.3810435831546783,0.5235012173652649,0.959999978542328,0.6000000238418579,0.259414404630661,0.3957290947437286,0.866813063621521,0.4000000059604645,7,0.4115673303604126,0.2006455957889557,0.0399999991059303,0.4715310037136078,175607,ss_fgsm,0.02,0
paviau_168843_ss_fgsm_0.02000,0.9987024068832396,0.0732823088765144,0.0770791694521904,0.1706017851829528,0.942537784576416,0.959999978542328,1.0,0.5557180643081665,0.5935383439064026,0.5795888900756836,0.4000000059604645,3,0.3886816501617431,0.0425004288554191,0.0399999991059303,0.8884750604629517,168843,ss_fgsm,0.02,0
paviau_198112_ss_fgsm_0.02000,0.998570680618286,0.3203333616256714,0.4947024881839752,0.5630283951759338,0.6053611636161804,0.959999978542328,0.800000011920929,0.3275160491466522,0.2854259014129638,0.6406683325767517,0.800000011920929,5,0.4369716346263885,0.166416585445404,0.0399999991059303,0.0551395267248153,198112,ss_fgsm,0.02,0
paviau_205980_ss_fgsm_0.02000,0.999174177646637,0.4589508771896362,0.524429440498352,0.5536481142044067,0.7403297424316406,0.959999978542328,0.6000000238418579,0.2384111732244491,0.3208830654621124,0.9198976159095764,0.6000000238418579,5,0.4463519155979156,0.113943837583065,0.0399999991059303,0.0632018074393272,205980,ss_fgsm,0.02,0
paviau_195738_ss_fgsm_0.02000,0.9981865286827089,0.5494983792304993,0.4445540904998779,0.5847895741462708,0.5652177333831787,0.959999978542328,0.4000000059604645,0.1896575540304184,0.318482369184494,0.8992627859115601,0.4000000059604645,5,0.4152104556560516,0.1829473376274109,0.0399999991059303,0.1523381173610687,195738,ss_fgsm,0.02,0
paviau_178665_ss_fgsm_0.02000,0.9815882444381714,0.0139965517446398,0.2975475788116455,0.4146602749824524,0.4391840100288391,0.959999978542328,1.0,0.6183195114135742,0.4162186980247497,0.871466875076294,0.4000000059604645,5,0.4201752841472626,0.2382557690143585,0.0399999991059303,0.4275568723678589,178665,ss_fgsm,0.02,0
paviau_98957_ss_fgsm_0.02000,0.7536194324493408,0.0027937351260334,0.01011264603585,0.0502276085317134,0.4688003957271576,0.474545270204544,1.0,0.4966367185115814,0.2350060194730758,0.3671024441719055,0.2000000029802322,5,0.5100900530815125,0.2247426062822342,0.2172023355960846,0.4846816956996918,98957,ss_fgsm,0.02,0
paviau_95381_ss_fgsm_0.02000,0.95778626203537,0.0036386416759341,0.152723878622055,0.2773534953594208,0.9649999737739564,0.959999978542328,1.0,0.6729862093925476,0.276545912027359,0.4609713554382324,0.800000011920929,2,0.3869995474815368,0.0350000001490116,0.0399999991059303,0.748378336429596,95381,ss_fgsm,0.02,0
paviau_123617_ss_fgsm_0.02000,0.9997170567512512,0.8061200380325317,0.5540446639060974,0.5848944187164307,0.9649999737739564,0.959999978542328,0.2000000029802322,0.0722409188747406,0.2449683547019958,0.3783721625804901,0.2000000029802322,1,0.4151056110858917,0.0350000001490116,0.0399999991059303,0.1381145417690277,123617,ss_fgsm,0.02,0
paviau_167680_ss_fgsm_0.02000,0.9978777170181274,0.2534403800964355,0.5206893086433411,0.664627730846405,0.6257144212722778,0.959999978542328,0.800000011920929,0.3776769936084747,0.2581601142883301,0.5069912672042847,0.2000000029802322,5,0.3353722691535949,0.1582094579935073,0.0399999991059303,0.0568629764020442,167680,ss_fgsm,0.02,0
paviau_145271_ss_fgsm_0.02000,0.8954890370368958,0.0082661677151918,0.0714603066444397,0.1644403487443924,0.2051061391830444,0.5654412508010864,1.0,0.5682644248008728,0.5538052320480347,0.6264662742614746,0.4000000059604645,4,0.4015255272388458,0.3609433174133301,0.1797800809144973,0.6286211609840393,145271,ss_fgsm,0.02,0
paviau_98088_ss_fgsm_0.02000,0.9891469478607178,0.0129957534372806,0.1508293598890304,0.2784490883350372,0.9649999737739564,0.959999978542328,1.0,0.6493191123008728,0.2748286724090576,0.3846162855625152,0.2000000029802322,2,0.4278397858142853,0.0350000001490116,0.0399999991059303,0.754422128200531,98088,ss_fgsm,0.02,0
paviau_57260_ss_fgsm_0.02000,0.977295458316803,0.9983396530151368,0.5286942720413208,0.6129452586174011,0.6319272518157959,0.959999978542328,0.0,0.0081566907465457,0.0058236811310052,0.0031733070500195,0.0,4,0.3870547413825989,0.1557265073060989,0.0399999991059303,0.2031026482582092,57260,ss_fgsm,0.02,1
paviau_30075_ss_fgsm_0.02000,0.7906909584999084,5.538319328479702e-06,0.0090391365811228,0.0318708270788192,0.3085388839244842,0.959999978542328,1.0,0.5172750949859619,0.1230629757046699,0.1426527351140976,0.0,7,0.4752950072288513,0.3026319742202759,0.0399999991059303,0.9124411940574646,30075,ss_fgsm,0.02,0
